<?xml version='1.0' encoding='UTF-8'?>
<gpx version="1.1" creator="https://www.komoot.de" xmlns="http://www.topografix.com/GPX/1/1" xmlns:xsi="http://www.w3.org/2001/XMLSchema-instance" xsi:schemaLocation="http://www.topografix.com/GPX/1/1 http://www.topografix.com/GPX/1/1/gpx.xsd">
  <metadata>
    <name>Gran Trail del Gigante</name>
    <author>
      <link href="https://www.komoot.de">
        <text>komoot</text>
        <type>text/html</type>
      </link>
    </author>
  </metadata>
  <trk>
    <name>Gran Trail del Gigante</name>
    <trkseg>
      <trkpt lat="42.522891" lon="13.553548">
        <ele>1049.140576</ele>
        <time>2025-11-13T18:47:24.281Z</time>
      </trkpt>
      <trkpt lat="42.523012" lon="13.553732">
        <ele>1049.140576</ele>
        <time>2025-11-13T18:47:32.334Z</time>
      </trkpt>
      <trkpt lat="42.523074" lon="13.553834">
        <ele>1049.140576</ele>
        <time>2025-11-13T18:47:36.892Z</time>
      </trkpt>
      <trkpt lat="42.523213" lon="13.553945">
        <ele>1049.140576</ele>
        <time>2025-11-13T18:47:44.836Z</time>
      </trkpt>
      <trkpt lat="42.523165" lon="13.554101">
        <ele>1049.140576</ele>
        <time>2025-11-13T18:47:51.359Z</time>
      </trkpt>
      <trkpt lat="42.523187" lon="13.554163">
        <ele>1049.140576</ele>
        <time>2025-11-13T18:47:54.142Z</time>
      </trkpt>
      <trkpt lat="42.523288" lon="13.554281">
        <ele>1049.140576</ele>
        <time>2025-11-13T18:48:01.455Z</time>
      </trkpt>
      <trkpt lat="42.523271" lon="13.554318">
        <ele>1049.140576</ele>
        <time>2025-11-13T18:48:03.339Z</time>
      </trkpt>
      <trkpt lat="42.523342" lon="13.554462">
        <ele>1049.226140</ele>
        <time>2025-11-13T18:48:10.767Z</time>
      </trkpt>
      <trkpt lat="42.523382" lon="13.555105">
        <ele>1053.481868</ele>
        <time>2025-11-13T18:48:40.534Z</time>
      </trkpt>
      <trkpt lat="42.523477" lon="13.555601">
        <ele>1056.861693</ele>
        <time>2025-11-13T18:49:07.558Z</time>
      </trkpt>
      <trkpt lat="42.523472" lon="13.555976">
        <ele>1059.335255</ele>
        <time>2025-11-13T18:49:26.255Z</time>
      </trkpt>
      <trkpt lat="42.523482" lon="13.556258">
        <ele>1061.197222</ele>
        <time>2025-11-13T18:49:39.734Z</time>
      </trkpt>
      <trkpt lat="42.523636" lon="13.556933">
        <ele>1065.640256</ele>
        <time>2025-11-13T18:50:09.707Z</time>
      </trkpt>
      <trkpt lat="42.523665" lon="13.557355">
        <ele>1067.459185</ele>
        <time>2025-11-13T18:50:26.123Z</time>
      </trkpt>
      <trkpt lat="42.523652" lon="13.557832">
        <ele>1069.507698</ele>
        <time>2025-11-13T18:50:44.316Z</time>
      </trkpt>
      <trkpt lat="42.523473" lon="13.557575">
        <ele>1071.025256</ele>
        <time>2025-11-13T18:50:58.329Z</time>
      </trkpt>
      <trkpt lat="42.523447" lon="13.557538">
        <ele>1071.244658</ele>
        <time>2025-11-13T18:51:00.429Z</time>
      </trkpt>
      <trkpt lat="42.522921" lon="13.556651">
        <ele>1075.732131</ele>
        <time>2025-11-13T18:51:44.435Z</time>
      </trkpt>
      <trkpt lat="42.522630" lon="13.556093">
        <ele>1075.889282</ele>
        <time>2025-11-13T18:52:06.899Z</time>
      </trkpt>
      <trkpt lat="42.522533" lon="13.555838">
        <ele>1075.955254</ele>
        <time>2025-11-13T18:52:15.711Z</time>
      </trkpt>
      <trkpt lat="42.522366" lon="13.555396">
        <ele>1076.069445</ele>
        <time>2025-11-13T18:52:30.288Z</time>
      </trkpt>
      <trkpt lat="42.522195" lon="13.555223">
        <ele>1076.135982</ele>
        <time>2025-11-13T18:52:38.548Z</time>
      </trkpt>
      <trkpt lat="42.522164" lon="13.554970">
        <ele>1076.194945</ele>
        <time>2025-11-13T18:52:45.719Z</time>
      </trkpt>
      <trkpt lat="42.522200" lon="13.554362">
        <ele>1078.488216</ele>
        <time>2025-11-13T18:53:02.488Z</time>
      </trkpt>
      <trkpt lat="42.522206" lon="13.553969">
        <ele>1081.593324</ele>
        <time>2025-11-13T18:53:15.009Z</time>
      </trkpt>
      <trkpt lat="42.522198" lon="13.553750">
        <ele>1083.325403</ele>
        <time>2025-11-13T18:53:23.545Z</time>
      </trkpt>
      <trkpt lat="42.522121" lon="13.553518">
        <ele>1085.335304</ele>
        <time>2025-11-13T18:53:34.555Z</time>
      </trkpt>
      <trkpt lat="42.522103" lon="13.553390">
        <ele>1086.364662</ele>
        <time>2025-11-13T18:53:40.901Z</time>
      </trkpt>
      <trkpt lat="42.522097" lon="13.553310">
        <ele>1086.999874</ele>
        <time>2025-11-13T18:53:45.072Z</time>
      </trkpt>
      <trkpt lat="42.522078" lon="13.553198">
        <ele>1087.907736</ele>
        <time>2025-11-13T18:53:51.349Z</time>
      </trkpt>
      <trkpt lat="42.521970" lon="13.552921">
        <ele>1090.383175</ele>
        <time>2025-11-13T18:54:10.193Z</time>
      </trkpt>
      <trkpt lat="42.521882" lon="13.552896">
        <ele>1091.346813</ele>
        <time>2025-11-13T18:54:18.496Z</time>
      </trkpt>
      <trkpt lat="42.521814" lon="13.552954">
        <ele>1092.207685</ele>
        <time>2025-11-13T18:54:26.338Z</time>
      </trkpt>
      <trkpt lat="42.521777" lon="13.553100">
        <ele>1093.427272</ele>
        <time>2025-11-13T18:54:40.222Z</time>
      </trkpt>
      <trkpt lat="42.521770" lon="13.553379">
        <ele>1095.760994</ele>
        <time>2025-11-13T18:55:08.073Z</time>
      </trkpt>
      <trkpt lat="42.521695" lon="13.553778">
        <ele>1103.992469</ele>
        <time>2025-11-13T18:55:50.349Z</time>
      </trkpt>
      <trkpt lat="42.521687" lon="13.554084">
        <ele>1110.113372</ele>
        <time>2025-11-13T18:56:24.407Z</time>
      </trkpt>
      <trkpt lat="42.521537" lon="13.554424">
        <ele>1118.034745</ele>
        <time>2025-11-13T18:57:14.234Z</time>
      </trkpt>
      <trkpt lat="42.521502" lon="13.554446">
        <ele>1119.080980</ele>
        <time>2025-11-13T18:57:21.035Z</time>
      </trkpt>
      <trkpt lat="42.521433" lon="13.554250">
        <ele>1123.423127</ele>
        <time>2025-11-13T18:57:47.981Z</time>
      </trkpt>
      <trkpt lat="42.521398" lon="13.554249">
        <ele>1124.372649</ele>
        <time>2025-11-13T18:57:54.058Z</time>
      </trkpt>
      <trkpt lat="42.521315" lon="13.554549">
        <ele>1130.778410</ele>
        <time>2025-11-13T18:58:32.728Z</time>
      </trkpt>
      <trkpt lat="42.521235" lon="13.554585">
        <ele>1133.064494</ele>
        <time>2025-11-13T18:58:46.584Z</time>
      </trkpt>
      <trkpt lat="42.521226" lon="13.554670">
        <ele>1134.781133</ele>
        <time>2025-11-13T18:58:56.317Z</time>
      </trkpt>
      <trkpt lat="42.521174" lon="13.554718">
        <ele>1136.486998</ele>
        <time>2025-11-13T18:59:06.504Z</time>
      </trkpt>
      <trkpt lat="42.521056" lon="13.554991">
        <ele>1142.813680</ele>
        <time>2025-11-13T18:59:41.555Z</time>
      </trkpt>
      <trkpt lat="42.520902" lon="13.555167">
        <ele>1147.086289</ele>
        <time>2025-11-13T19:00:09.930Z</time>
      </trkpt>
      <trkpt lat="42.520830" lon="13.555170">
        <ele>1148.450849</ele>
        <time>2025-11-13T19:00:19.461Z</time>
      </trkpt>
      <trkpt lat="42.520742" lon="13.555303">
        <ele>1150.946261</ele>
        <time>2025-11-13T19:00:36.685Z</time>
      </trkpt>
      <trkpt lat="42.520551" lon="13.555422">
        <ele>1154.927667</ele>
        <time>2025-11-13T19:01:02.686Z</time>
      </trkpt>
      <trkpt lat="42.520240" lon="13.555799">
        <ele>1162.827924</ele>
        <time>2025-11-13T19:01:56.672Z</time>
      </trkpt>
      <trkpt lat="42.520173" lon="13.555820">
        <ele>1164.130551</ele>
        <time>2025-11-13T19:02:04.497Z</time>
      </trkpt>
      <trkpt lat="42.520133" lon="13.555803">
        <ele>1164.924588</ele>
        <time>2025-11-13T19:02:09.208Z</time>
      </trkpt>
      <trkpt lat="42.520025" lon="13.555873">
        <ele>1167.191920</ele>
        <time>2025-11-13T19:02:21.781Z</time>
      </trkpt>
      <trkpt lat="42.519915" lon="13.555874">
        <ele>1169.275729</ele>
        <time>2025-11-13T19:02:32.342Z</time>
      </trkpt>
      <trkpt lat="42.519851" lon="13.555795">
        <ele>1170.914769</ele>
        <time>2025-11-13T19:02:40.218Z</time>
      </trkpt>
      <trkpt lat="42.519899" lon="13.555683">
        <ele>1172.723661</ele>
        <time>2025-11-13T19:02:48.638Z</time>
      </trkpt>
      <trkpt lat="42.519860" lon="13.555709">
        <ele>1173.546817</ele>
        <time>2025-11-13T19:02:52.378Z</time>
      </trkpt>
      <trkpt lat="42.519709" lon="13.555696">
        <ele>1176.413007</ele>
        <time>2025-11-13T19:03:04.956Z</time>
      </trkpt>
      <trkpt lat="42.519667" lon="13.555607">
        <ele>1177.888514</ele>
        <time>2025-11-13T19:03:11.163Z</time>
      </trkpt>
      <trkpt lat="42.519587" lon="13.555520">
        <ele>1179.043934</ele>
        <time>2025-11-13T19:03:19.038Z</time>
      </trkpt>
      <trkpt lat="42.519337" lon="13.555477">
        <ele>1181.182004</ele>
        <time>2025-11-13T19:03:37.234Z</time>
      </trkpt>
      <trkpt lat="42.519125" lon="13.555596">
        <ele>1183.128552</ele>
        <time>2025-11-13T19:03:53.093Z</time>
      </trkpt>
      <trkpt lat="42.519063" lon="13.555658">
        <ele>1183.782027</ele>
        <time>2025-11-13T19:03:58.419Z</time>
      </trkpt>
      <trkpt lat="42.518808" lon="13.555730">
        <ele>1185.991897</ele>
        <time>2025-11-13T19:04:16.362Z</time>
      </trkpt>
      <trkpt lat="42.518718" lon="13.555702">
        <ele>1186.775309</ele>
        <time>2025-11-13T19:04:22.587Z</time>
      </trkpt>
      <trkpt lat="42.518511" lon="13.555715">
        <ele>1188.533455</ele>
        <time>2025-11-13T19:04:36.144Z</time>
      </trkpt>
      <trkpt lat="42.518193" lon="13.555659">
        <ele>1191.254120</ele>
        <time>2025-11-13T19:04:56.949Z</time>
      </trkpt>
      <trkpt lat="42.517657" lon="13.555462">
        <ele>1195.884716</ele>
        <time>2025-11-13T19:05:34.716Z</time>
      </trkpt>
      <trkpt lat="42.517451" lon="13.555512">
        <ele>1197.597750</ele>
        <time>2025-11-13T19:05:49.406Z</time>
      </trkpt>
      <trkpt lat="42.517202" lon="13.555527">
        <ele>1199.638007</ele>
        <time>2025-11-13T19:06:06.971Z</time>
      </trkpt>
      <trkpt lat="42.516679" lon="13.555426">
        <ele>1203.962301</ele>
        <time>2025-11-13T19:06:43.124Z</time>
      </trkpt>
      <trkpt lat="42.516339" lon="13.555497">
        <ele>1206.778228</ele>
        <time>2025-11-13T19:07:06.371Z</time>
      </trkpt>
      <trkpt lat="42.515677" lon="13.555220">
        <ele>1214.803268</ele>
        <time>2025-11-13T19:07:56.756Z</time>
      </trkpt>
      <trkpt lat="42.515518" lon="13.555110">
        <ele>1217.111460</ele>
        <time>2025-11-13T19:08:11.363Z</time>
      </trkpt>
      <trkpt lat="42.515446" lon="13.555131">
        <ele>1218.063877</ele>
        <time>2025-11-13T19:08:17.641Z</time>
      </trkpt>
      <trkpt lat="42.515377" lon="13.555042">
        <ele>1219.295155</ele>
        <time>2025-11-13T19:08:25.877Z</time>
      </trkpt>
      <trkpt lat="42.515305" lon="13.555027">
        <ele>1220.237211</ele>
        <time>2025-11-13T19:08:32.273Z</time>
      </trkpt>
      <trkpt lat="42.515275" lon="13.554976">
        <ele>1220.859204</ele>
        <time>2025-11-13T19:08:36.518Z</time>
      </trkpt>
      <trkpt lat="42.515139" lon="13.554940">
        <ele>1222.651193</ele>
        <time>2025-11-13T19:08:49.133Z</time>
      </trkpt>
      <trkpt lat="42.515132" lon="13.554972">
        <ele>1222.969384</ele>
        <time>2025-11-13T19:08:51.399Z</time>
      </trkpt>
      <trkpt lat="42.515038" lon="13.555027">
        <ele>1224.293280</ele>
        <time>2025-11-13T19:09:01.026Z</time>
      </trkpt>
      <trkpt lat="42.515019" lon="13.555066">
        <ele>1224.738914</ele>
        <time>2025-11-13T19:09:04.238Z</time>
      </trkpt>
      <trkpt lat="42.514834" lon="13.555046">
        <ele>1227.139014</ele>
        <time>2025-11-13T19:09:22.435Z</time>
      </trkpt>
      <trkpt lat="42.514657" lon="13.555092">
        <ele>1229.469691</ele>
        <time>2025-11-13T19:09:41.185Z</time>
      </trkpt>
      <trkpt lat="42.514599" lon="13.555003">
        <ele>1230.602130</ele>
        <time>2025-11-13T19:09:50.570Z</time>
      </trkpt>
      <trkpt lat="42.514428" lon="13.555050">
        <ele>1233.031238</ele>
        <time>2025-11-13T19:10:09.373Z</time>
      </trkpt>
      <trkpt lat="42.514340" lon="13.554965">
        <ele>1234.627989</ele>
        <time>2025-11-13T19:10:20.423Z</time>
      </trkpt>
      <trkpt lat="42.514282" lon="13.554988">
        <ele>1235.521173</ele>
        <time>2025-11-13T19:10:26.590Z</time>
      </trkpt>
      <trkpt lat="42.514197" lon="13.554903">
        <ele>1237.082014</ele>
        <time>2025-11-13T19:10:36.987Z</time>
      </trkpt>
      <trkpt lat="42.514160" lon="13.554920">
        <ele>1237.659432</ele>
        <time>2025-11-13T19:10:40.810Z</time>
      </trkpt>
      <trkpt lat="42.513988" lon="13.554862">
        <ele>1240.279161</ele>
        <time>2025-11-13T19:10:57.742Z</time>
      </trkpt>
      <trkpt lat="42.513836" lon="13.554886">
        <ele>1242.541071</ele>
        <time>2025-11-13T19:11:12.100Z</time>
      </trkpt>
      <trkpt lat="42.513634" lon="13.554849">
        <ele>1245.553968</ele>
        <time>2025-11-13T19:11:30.856Z</time>
      </trkpt>
      <trkpt lat="42.513512" lon="13.554923">
        <ele>1247.529313</ele>
        <time>2025-11-13T19:11:42.956Z</time>
      </trkpt>
      <trkpt lat="42.513408" lon="13.554937">
        <ele>1249.074109</ele>
        <time>2025-11-13T19:11:52.551Z</time>
      </trkpt>
      <trkpt lat="42.513394" lon="13.554998">
        <ele>1249.770206</ele>
        <time>2025-11-13T19:11:56.703Z</time>
      </trkpt>
      <trkpt lat="42.513303" lon="13.554976">
        <ele>1251.136488</ele>
        <time>2025-11-13T19:12:05.095Z</time>
      </trkpt>
      <trkpt lat="42.513419" lon="13.555091">
        <ele>1253.260140</ele>
        <time>2025-11-13T19:12:17.878Z</time>
      </trkpt>
      <trkpt lat="42.513464" lon="13.555217">
        <ele>1254.785625</ele>
        <time>2025-11-13T19:12:27.150Z</time>
      </trkpt>
      <trkpt lat="42.513329" lon="13.555381">
        <ele>1257.464200</ele>
        <time>2025-11-13T19:12:43.552Z</time>
      </trkpt>
      <trkpt lat="42.513332" lon="13.555479">
        <ele>1258.515692</ele>
        <time>2025-11-13T19:12:50.078Z</time>
      </trkpt>
      <trkpt lat="42.513307" lon="13.555573">
        <ele>1259.541370</ele>
        <time>2025-11-13T19:12:56.571Z</time>
      </trkpt>
      <trkpt lat="42.513247" lon="13.555667">
        <ele>1260.817622</ele>
        <time>2025-11-13T19:13:04.713Z</time>
      </trkpt>
      <trkpt lat="42.513117" lon="13.555765">
        <ele>1262.888462</ele>
        <time>2025-11-13T19:13:17.711Z</time>
      </trkpt>
      <trkpt lat="42.513059" lon="13.555846">
        <ele>1264.047516</ele>
        <time>2025-11-13T19:13:24.899Z</time>
      </trkpt>
      <trkpt lat="42.513041" lon="13.555959">
        <ele>1265.234104</ele>
        <time>2025-11-13T19:13:32.326Z</time>
      </trkpt>
      <trkpt lat="42.512906" lon="13.556021">
        <ele>1267.218665</ele>
        <time>2025-11-13T19:13:45.010Z</time>
      </trkpt>
      <trkpt lat="42.512775" lon="13.556009">
        <ele>1269.046891</ele>
        <time>2025-11-13T19:13:57.069Z</time>
      </trkpt>
      <trkpt lat="42.512709" lon="13.555959">
        <ele>1270.099472</ele>
        <time>2025-11-13T19:14:04.096Z</time>
      </trkpt>
      <trkpt lat="42.512601" lon="13.555957">
        <ele>1271.603427</ele>
        <time>2025-11-13T19:14:14.267Z</time>
      </trkpt>
      <trkpt lat="42.512530" lon="13.555917">
        <ele>1272.673905</ele>
        <time>2025-11-13T19:14:21.503Z</time>
      </trkpt>
      <trkpt lat="42.512456" lon="13.555833">
        <ele>1274.017426</ele>
        <time>2025-11-13T19:14:30.609Z</time>
      </trkpt>
      <trkpt lat="42.512316" lon="13.555757">
        <ele>1276.117097</ele>
        <time>2025-11-13T19:14:44.834Z</time>
      </trkpt>
      <trkpt lat="42.512262" lon="13.555664">
        <ele>1277.332223</ele>
        <time>2025-11-13T19:14:53.001Z</time>
      </trkpt>
      <trkpt lat="42.512278" lon="13.555677">
        <ele>1277.591912</ele>
        <time>2025-11-13T19:14:54.693Z</time>
      </trkpt>
      <trkpt lat="42.512264" lon="13.555609">
        <ele>1278.316575</ele>
        <time>2025-11-13T19:14:59.543Z</time>
      </trkpt>
      <trkpt lat="42.512209" lon="13.555567">
        <ele>1279.195401</ele>
        <time>2025-11-13T19:15:05.457Z</time>
      </trkpt>
      <trkpt lat="42.512179" lon="13.555549">
        <ele>1279.652160</ele>
        <time>2025-11-13T19:15:08.543Z</time>
      </trkpt>
      <trkpt lat="42.512122" lon="13.555579">
        <ele>1280.503478</ele>
        <time>2025-11-13T19:15:14.248Z</time>
      </trkpt>
      <trkpt lat="42.512038" lon="13.555548">
        <ele>1281.715619</ele>
        <time>2025-11-13T19:15:22.234Z</time>
      </trkpt>
      <trkpt lat="42.511809" lon="13.555403">
        <ele>1285.112926</ele>
        <time>2025-11-13T19:15:44.974Z</time>
      </trkpt>
      <trkpt lat="42.511624" lon="13.555437">
        <ele>1287.550664</ele>
        <time>2025-11-13T19:16:01.196Z</time>
      </trkpt>
      <trkpt lat="42.511557" lon="13.555430">
        <ele>1288.428120</ele>
        <time>2025-11-13T19:16:06.892Z</time>
      </trkpt>
      <trkpt lat="42.511481" lon="13.555379">
        <ele>1289.535280</ele>
        <time>2025-11-13T19:16:14.133Z</time>
      </trkpt>
      <trkpt lat="42.511406" lon="13.555444">
        <ele>1290.697397</ele>
        <time>2025-11-13T19:16:21.685Z</time>
      </trkpt>
      <trkpt lat="42.511124" lon="13.555455">
        <ele>1294.381186</ele>
        <time>2025-11-13T19:16:45.361Z</time>
      </trkpt>
      <trkpt lat="42.511020" lon="13.555548">
        <ele>1296.007680</ele>
        <time>2025-11-13T19:16:55.795Z</time>
      </trkpt>
      <trkpt lat="42.510854" lon="13.555521">
        <ele>1298.190780</ele>
        <time>2025-11-13T19:17:09.893Z</time>
      </trkpt>
      <trkpt lat="42.510564" lon="13.555581">
        <ele>1302.021297</ele>
        <time>2025-11-13T19:17:35.143Z</time>
      </trkpt>
      <trkpt lat="42.510295" lon="13.555787">
        <ele>1306.054845</ele>
        <time>2025-11-13T19:18:02.748Z</time>
      </trkpt>
      <trkpt lat="42.510228" lon="13.555765">
        <ele>1307.013754</ele>
        <time>2025-11-13T19:18:09.141Z</time>
      </trkpt>
      <trkpt lat="42.510241" lon="13.555736">
        <ele>1307.442730</ele>
        <time>2025-11-13T19:18:11.542Z</time>
      </trkpt>
      <trkpt lat="42.510137" lon="13.555729">
        <ele>1309.228036</ele>
        <time>2025-11-13T19:18:21.323Z</time>
      </trkpt>
      <trkpt lat="42.509943" lon="13.555638">
        <ele>1312.747461</ele>
        <time>2025-11-13T19:18:41.052Z</time>
      </trkpt>
      <trkpt lat="42.509930" lon="13.555581">
        <ele>1313.501567</ele>
        <time>2025-11-13T19:18:45.338Z</time>
      </trkpt>
      <trkpt lat="42.509837" lon="13.555539">
        <ele>1315.182120</ele>
        <time>2025-11-13T19:18:55.080Z</time>
      </trkpt>
      <trkpt lat="42.509706" lon="13.555539">
        <ele>1317.428156</ele>
        <time>2025-11-13T19:19:08.319Z</time>
      </trkpt>
      <trkpt lat="42.509448" lon="13.555455">
        <ele>1321.977268</ele>
        <time>2025-11-13T19:19:36.010Z</time>
      </trkpt>
      <trkpt lat="42.509400" lon="13.555469">
        <ele>1322.819050</ele>
        <time>2025-11-13T19:19:41.232Z</time>
      </trkpt>
      <trkpt lat="42.509202" lon="13.555373">
        <ele>1326.424140</ele>
        <time>2025-11-13T19:20:04.094Z</time>
      </trkpt>
      <trkpt lat="42.509168" lon="13.555380">
        <ele>1327.013757</ele>
        <time>2025-11-13T19:20:07.779Z</time>
      </trkpt>
      <trkpt lat="42.509128" lon="13.555341">
        <ele>1327.858333</ele>
        <time>2025-11-13T19:20:13.261Z</time>
      </trkpt>
      <trkpt lat="42.508935" lon="13.555356">
        <ele>1331.172806</ele>
        <time>2025-11-13T19:20:34.517Z</time>
      </trkpt>
      <trkpt lat="42.508780" lon="13.555214">
        <ele>1334.379603</ele>
        <time>2025-11-13T19:20:55.156Z</time>
      </trkpt>
      <trkpt lat="42.508617" lon="13.555134">
        <ele>1337.351580</ele>
        <time>2025-11-13T19:21:14.227Z</time>
      </trkpt>
      <trkpt lat="42.508494" lon="13.555029">
        <ele>1339.414613</ele>
        <time>2025-11-13T19:21:30.221Z</time>
      </trkpt>
      <trkpt lat="42.508295" lon="13.554784">
        <ele>1343.139592</ele>
        <time>2025-11-13T19:21:59.737Z</time>
      </trkpt>
      <trkpt lat="42.508267" lon="13.554702">
        <ele>1344.062992</ele>
        <time>2025-11-13T19:22:06.824Z</time>
      </trkpt>
      <trkpt lat="42.508219" lon="13.554690">
        <ele>1344.739523</ele>
        <time>2025-11-13T19:22:12.006Z</time>
      </trkpt>
      <trkpt lat="42.508061" lon="13.554541">
        <ele>1347.406772</ele>
        <time>2025-11-13T19:22:31.144Z</time>
      </trkpt>
      <trkpt lat="42.507914" lon="13.554340">
        <ele>1350.299848</ele>
        <time>2025-11-13T19:22:50.613Z</time>
      </trkpt>
      <trkpt lat="42.507800" lon="13.554322">
        <ele>1351.890667</ele>
        <time>2025-11-13T19:23:00.901Z</time>
      </trkpt>
      <trkpt lat="42.507729" lon="13.554216">
        <ele>1353.354107</ele>
        <time>2025-11-13T19:23:10.207Z</time>
      </trkpt>
      <trkpt lat="42.507739" lon="13.554184">
        <ele>1353.709252</ele>
        <time>2025-11-13T19:23:12.360Z</time>
      </trkpt>
      <trkpt lat="42.507531" lon="13.554017">
        <ele>1357.059485</ele>
        <time>2025-11-13T19:23:32.567Z</time>
      </trkpt>
      <trkpt lat="42.507394" lon="13.553835">
        <ele>1359.717402</ele>
        <time>2025-11-13T19:23:47.385Z</time>
      </trkpt>
      <trkpt lat="42.507220" lon="13.554039">
        <ele>1362.691294</ele>
        <time>2025-11-13T19:24:01.342Z</time>
      </trkpt>
      <trkpt lat="42.507157" lon="13.553971">
        <ele>1363.159922</ele>
        <time>2025-11-13T19:24:06.890Z</time>
      </trkpt>
      <trkpt lat="42.506998" lon="13.553874">
        <ele>1364.174705</ele>
        <time>2025-11-13T19:24:18.523Z</time>
      </trkpt>
      <trkpt lat="42.506929" lon="13.553844">
        <ele>1364.596460</ele>
        <time>2025-11-13T19:24:23.243Z</time>
      </trkpt>
      <trkpt lat="42.506171" lon="13.553810">
        <ele>1369.010974</ele>
        <time>2025-11-13T19:25:08.463Z</time>
      </trkpt>
      <trkpt lat="42.505517" lon="13.553684">
        <ele>1372.855927</ele>
        <time>2025-11-13T19:25:46.936Z</time>
      </trkpt>
      <trkpt lat="42.505399" lon="13.553688">
        <ele>1373.515993</ele>
        <time>2025-11-13T19:25:53.828Z</time>
      </trkpt>
      <trkpt lat="42.505251" lon="13.553743">
        <ele>1374.364318</ele>
        <time>2025-11-13T19:26:02.746Z</time>
      </trkpt>
      <trkpt lat="42.504855" lon="13.553985">
        <ele>1376.765402</ele>
        <time>2025-11-13T19:26:28.022Z</time>
      </trkpt>
      <trkpt lat="42.504457" lon="13.554174">
        <ele>1379.096566</ele>
        <time>2025-11-13T19:26:52.867Z</time>
      </trkpt>
      <trkpt lat="42.504152" lon="13.554478">
        <ele>1381.188930</ele>
        <time>2025-11-13T19:27:15.850Z</time>
      </trkpt>
      <trkpt lat="42.503768" lon="13.554761">
        <ele>1384.171196</ele>
        <time>2025-11-13T19:27:44.020Z</time>
      </trkpt>
      <trkpt lat="42.503227" lon="13.555023">
        <ele>1390.089542</ele>
        <time>2025-11-13T19:28:25.855Z</time>
      </trkpt>
      <trkpt lat="42.502935" lon="13.555045">
        <ele>1393.102559</ele>
        <time>2025-11-13T19:28:48.975Z</time>
      </trkpt>
      <trkpt lat="42.502635" lon="13.554947">
        <ele>1396.281731</ele>
        <time>2025-11-13T19:29:14.467Z</time>
      </trkpt>
      <trkpt lat="42.502432" lon="13.554960">
        <ele>1398.375503</ele>
        <time>2025-11-13T19:29:31.732Z</time>
      </trkpt>
      <trkpt lat="42.501828" lon="13.555556">
        <ele>1407.594346</ele>
        <time>2025-11-13T19:30:37.366Z</time>
      </trkpt>
      <trkpt lat="42.501211" lon="13.555827">
        <ele>1416.493543</ele>
        <time>2025-11-13T19:31:35.652Z</time>
      </trkpt>
      <trkpt lat="42.501008" lon="13.555970">
        <ele>1419.632342</ele>
        <time>2025-11-13T19:31:56.603Z</time>
      </trkpt>
      <trkpt lat="42.500813" lon="13.556156">
        <ele>1422.903497</ele>
        <time>2025-11-13T19:32:19.058Z</time>
      </trkpt>
      <trkpt lat="42.500661" lon="13.556346">
        <ele>1425.739860</ele>
        <time>2025-11-13T19:32:38.464Z</time>
      </trkpt>
      <trkpt lat="42.500445" lon="13.556501">
        <ele>1429.127763</ele>
        <time>2025-11-13T19:33:00.960Z</time>
      </trkpt>
      <trkpt lat="42.500269" lon="13.556704">
        <ele>1432.335511</ele>
        <time>2025-11-13T19:33:21.762Z</time>
      </trkpt>
      <trkpt lat="42.499936" lon="13.556843">
        <ele>1437.173012</ele>
        <time>2025-11-13T19:33:53.254Z</time>
      </trkpt>
      <trkpt lat="42.499765" lon="13.557806">
        <ele>1447.312811</ele>
        <time>2025-11-13T19:34:48.829Z</time>
      </trkpt>
      <trkpt lat="42.499580" lon="13.557823">
        <ele>1449.887313</ele>
        <time>2025-11-13T19:35:05.784Z</time>
      </trkpt>
      <trkpt lat="42.499383" lon="13.557841">
        <ele>1452.767206</ele>
        <time>2025-11-13T19:35:23.557Z</time>
      </trkpt>
      <trkpt lat="42.499237" lon="13.557989">
        <ele>1455.532324</ele>
        <time>2025-11-13T19:35:39.831Z</time>
      </trkpt>
      <trkpt lat="42.498657" lon="13.558579">
        <ele>1466.530834</ele>
        <time>2025-11-13T19:36:46.095Z</time>
      </trkpt>
      <trkpt lat="42.498423" lon="13.559151">
        <ele>1473.847509</ele>
        <time>2025-11-13T19:37:33.027Z</time>
      </trkpt>
      <trkpt lat="42.498419" lon="13.559259">
        <ele>1475.057016</ele>
        <time>2025-11-13T19:37:40.952Z</time>
      </trkpt>
      <trkpt lat="42.498368" lon="13.559285">
        <ele>1475.883553</ele>
        <time>2025-11-13T19:37:46.551Z</time>
      </trkpt>
      <trkpt lat="42.498303" lon="13.559395">
        <ele>1477.460294</ele>
        <time>2025-11-13T19:37:57.093Z</time>
      </trkpt>
      <trkpt lat="42.497956" lon="13.559320">
        <ele>1484.536180</ele>
        <time>2025-11-13T19:38:33.978Z</time>
      </trkpt>
      <trkpt lat="42.497453" lon="13.559499">
        <ele>1495.575185</ele>
        <time>2025-11-13T19:39:31.199Z</time>
      </trkpt>
      <trkpt lat="42.497324" lon="13.559486">
        <ele>1498.321119</ele>
        <time>2025-11-13T19:39:46.608Z</time>
      </trkpt>
      <trkpt lat="42.497229" lon="13.559413">
        <ele>1500.638936</ele>
        <time>2025-11-13T19:40:00.259Z</time>
      </trkpt>
      <trkpt lat="42.497057" lon="13.559384">
        <ele>1504.318221</ele>
        <time>2025-11-13T19:40:23.048Z</time>
      </trkpt>
      <trkpt lat="42.496657" lon="13.559670">
        <ele>1513.917009</ele>
        <time>2025-11-13T19:41:24.205Z</time>
      </trkpt>
      <trkpt lat="42.496323" lon="13.559567">
        <ele>1523.051621</ele>
        <time>2025-11-13T19:42:13.041Z</time>
      </trkpt>
      <trkpt lat="42.495915" lon="13.559678">
        <ele>1535.473794</ele>
        <time>2025-11-13T19:43:16.570Z</time>
      </trkpt>
      <trkpt lat="42.495299" lon="13.559900">
        <ele>1554.500665</ele>
        <time>2025-11-13T19:45:04.170Z</time>
      </trkpt>
      <trkpt lat="42.495068" lon="13.560011">
        <ele>1561.816462</ele>
        <time>2025-11-13T19:45:47.964Z</time>
      </trkpt>
      <trkpt lat="42.494853" lon="13.560235">
        <ele>1569.909775</ele>
        <time>2025-11-13T19:46:37.731Z</time>
      </trkpt>
      <trkpt lat="42.494649" lon="13.560248">
        <ele>1576.855142</ele>
        <time>2025-11-13T19:47:15.742Z</time>
      </trkpt>
      <trkpt lat="42.494540" lon="13.560390">
        <ele>1582.037434</ele>
        <time>2025-11-13T19:47:43.863Z</time>
      </trkpt>
      <trkpt lat="42.494351" lon="13.560532">
        <ele>1589.445792</ele>
        <time>2025-11-13T19:48:24.941Z</time>
      </trkpt>
      <trkpt lat="42.494002" lon="13.560947">
        <ele>1605.360507</ele>
        <time>2025-11-13T19:49:54.612Z</time>
      </trkpt>
      <trkpt lat="42.493774" lon="13.561005">
        <ele>1613.314459</ele>
        <time>2025-11-13T19:50:39.333Z</time>
      </trkpt>
      <trkpt lat="42.493618" lon="13.560905">
        <ele>1619.230756</ele>
        <time>2025-11-13T19:51:12.304Z</time>
      </trkpt>
      <trkpt lat="42.493363" lon="13.560916">
        <ele>1627.978566</ele>
        <time>2025-11-13T19:52:01.480Z</time>
      </trkpt>
      <trkpt lat="42.492964" lon="13.561063">
        <ele>1642.452331</ele>
        <time>2025-11-13T19:53:21.050Z</time>
      </trkpt>
      <trkpt lat="42.492479" lon="13.561432">
        <ele>1662.076016</ele>
        <time>2025-11-13T19:55:09.566Z</time>
      </trkpt>
      <trkpt lat="42.492342" lon="13.561479">
        <ele>1667.062689</ele>
        <time>2025-11-13T19:55:37.447Z</time>
      </trkpt>
      <trkpt lat="42.492256" lon="13.561638">
        <ele>1672.193546</ele>
        <time>2025-11-13T19:56:06.388Z</time>
      </trkpt>
      <trkpt lat="42.492133" lon="13.561777">
        <ele>1677.843309</ele>
        <time>2025-11-13T19:56:38.131Z</time>
      </trkpt>
      <trkpt lat="42.491797" lon="13.562362">
        <ele>1697.142826</ele>
        <time>2025-11-13T19:58:25.921Z</time>
      </trkpt>
      <trkpt lat="42.491730" lon="13.562391">
        <ele>1699.631812</ele>
        <time>2025-11-13T19:58:39.826Z</time>
      </trkpt>
      <trkpt lat="42.491531" lon="13.562638">
        <ele>1709.178851</ele>
        <time>2025-11-13T19:59:32.444Z</time>
      </trkpt>
      <trkpt lat="42.491341" lon="13.562964">
        <ele>1720.022661</ele>
        <time>2025-11-13T20:00:31.571Z</time>
      </trkpt>
      <trkpt lat="42.491143" lon="13.563153">
        <ele>1728.591675</ele>
        <time>2025-11-13T20:01:18.657Z</time>
      </trkpt>
      <trkpt lat="42.491000" lon="13.563253">
        <ele>1734.285692</ele>
        <time>2025-11-13T20:01:50.353Z</time>
      </trkpt>
      <trkpt lat="42.490829" lon="13.563266">
        <ele>1740.346925</ele>
        <time>2025-11-13T20:02:24.286Z</time>
      </trkpt>
      <trkpt lat="42.490544" lon="13.563472">
        <ele>1751.776338</ele>
        <time>2025-11-13T20:03:27.762Z</time>
      </trkpt>
      <trkpt lat="42.490430" lon="13.563454">
        <ele>1755.838079</ele>
        <time>2025-11-13T20:03:50.190Z</time>
      </trkpt>
      <trkpt lat="42.490263" lon="13.563553">
        <ele>1762.553591</ele>
        <time>2025-11-13T20:04:25.978Z</time>
      </trkpt>
      <trkpt lat="42.490091" lon="13.563845">
        <ele>1773.115507</ele>
        <time>2025-11-13T20:05:20.398Z</time>
      </trkpt>
      <trkpt lat="42.489915" lon="13.563836">
        <ele>1779.865618</ele>
        <time>2025-11-13T20:05:55.451Z</time>
      </trkpt>
      <trkpt lat="42.489818" lon="13.564025">
        <ele>1786.373361</ele>
        <time>2025-11-13T20:06:29.537Z</time>
      </trkpt>
      <trkpt lat="42.489741" lon="13.564046">
        <ele>1789.383524</ele>
        <time>2025-11-13T20:06:45.608Z</time>
      </trkpt>
      <trkpt lat="42.489269" lon="13.564509">
        <ele>1811.709643</ele>
        <time>2025-11-13T20:08:50.628Z</time>
      </trkpt>
      <trkpt lat="42.489092" lon="13.564497">
        <ele>1818.501758</ele>
        <time>2025-11-13T20:09:31.406Z</time>
      </trkpt>
      <trkpt lat="42.489008" lon="13.564566">
        <ele>1822.265659</ele>
        <time>2025-11-13T20:09:54.562Z</time>
      </trkpt>
      <trkpt lat="42.488784" lon="13.564476">
        <ele>1831.303155</ele>
        <time>2025-11-13T20:10:50.385Z</time>
      </trkpt>
      <trkpt lat="42.488707" lon="13.564484">
        <ele>1834.340367</ele>
        <time>2025-11-13T20:11:09.482Z</time>
      </trkpt>
      <trkpt lat="42.488669" lon="13.564524">
        <ele>1836.232270</ele>
        <time>2025-11-13T20:11:21.149Z</time>
      </trkpt>
      <trkpt lat="42.488483" lon="13.564521">
        <ele>1843.547990</ele>
        <time>2025-11-13T20:12:07.498Z</time>
      </trkpt>
      <trkpt lat="42.488410" lon="13.564488">
        <ele>1846.574328</ele>
        <time>2025-11-13T20:12:27.048Z</time>
      </trkpt>
      <trkpt lat="42.488177" lon="13.564540">
        <ele>1855.861264</ele>
        <time>2025-11-13T20:13:25.334Z</time>
      </trkpt>
      <trkpt lat="42.488124" lon="13.564507">
        <ele>1858.154920</ele>
        <time>2025-11-13T20:13:39.350Z</time>
      </trkpt>
      <trkpt lat="42.487838" lon="13.564665">
        <ele>1870.300601</ele>
        <time>2025-11-13T20:14:50.049Z</time>
      </trkpt>
      <trkpt lat="42.487759" lon="13.564787">
        <ele>1875.009386</ele>
        <time>2025-11-13T20:15:16.499Z</time>
      </trkpt>
      <trkpt lat="42.487663" lon="13.565284">
        <ele>1889.909720</ele>
        <time>2025-11-13T20:16:36.495Z</time>
      </trkpt>
      <trkpt lat="42.487658" lon="13.565394">
        <ele>1893.106010</ele>
        <time>2025-11-13T20:16:52.425Z</time>
      </trkpt>
      <trkpt lat="42.487707" lon="13.565522">
        <ele>1897.288685</ele>
        <time>2025-11-13T20:17:12.848Z</time>
      </trkpt>
      <trkpt lat="42.487734" lon="13.565784">
        <ele>1902.899869</ele>
        <time>2025-11-13T20:17:48.402Z</time>
      </trkpt>
      <trkpt lat="42.487850" lon="13.566059">
        <ele>1909.032726</ele>
        <time>2025-11-13T20:18:28.520Z</time>
      </trkpt>
      <trkpt lat="42.487916" lon="13.566294">
        <ele>1913.900619</ele>
        <time>2025-11-13T20:18:58.574Z</time>
      </trkpt>
      <trkpt lat="42.488081" lon="13.566602">
        <ele>1921.270125</ele>
        <time>2025-11-13T20:19:41.443Z</time>
      </trkpt>
      <trkpt lat="42.488118" lon="13.566851">
        <ele>1926.187138</ele>
        <time>2025-11-13T20:20:08.077Z</time>
      </trkpt>
      <trkpt lat="42.488083" lon="13.566879">
        <ele>1927.253887</ele>
        <time>2025-11-13T20:20:13.704Z</time>
      </trkpt>
      <trkpt lat="42.487940" lon="13.566805">
        <ele>1931.271812</ele>
        <time>2025-11-13T20:20:34.593Z</time>
      </trkpt>
      <trkpt lat="42.487912" lon="13.566830">
        <ele>1932.151854</ele>
        <time>2025-11-13T20:20:39.243Z</time>
      </trkpt>
      <trkpt lat="42.487975" lon="13.567085">
        <ele>1937.357814</ele>
        <time>2025-11-13T20:21:05.948Z</time>
      </trkpt>
      <trkpt lat="42.488236" lon="13.567766">
        <ele>1946.634687</ele>
        <time>2025-11-13T20:22:10.637Z</time>
      </trkpt>
      <trkpt lat="42.488368" lon="13.568051">
        <ele>1947.320053</ele>
        <time>2025-11-13T20:22:33.245Z</time>
      </trkpt>
      <trkpt lat="42.488543" lon="13.568256">
        <ele>1947.958673</ele>
        <time>2025-11-13T20:22:50.391Z</time>
      </trkpt>
      <trkpt lat="42.488686" lon="13.568321">
        <ele>1948.375173</ele>
        <time>2025-11-13T20:22:59.231Z</time>
      </trkpt>
      <trkpt lat="42.488802" lon="13.568426">
        <ele>1948.760323</ele>
        <time>2025-11-13T20:23:06.263Z</time>
      </trkpt>
      <trkpt lat="42.488807" lon="13.568724">
        <ele>1949.367332</ele>
        <time>2025-11-13T20:23:16.328Z</time>
      </trkpt>
      <trkpt lat="42.489011" lon="13.568782">
        <ele>1949.942943</ele>
        <time>2025-11-13T20:23:24.837Z</time>
      </trkpt>
      <trkpt lat="42.489101" lon="13.568854">
        <ele>1950.231510</ele>
        <time>2025-11-13T20:23:28.986Z</time>
      </trkpt>
      <trkpt lat="42.489164" lon="13.568951">
        <ele>1950.494735</ele>
        <time>2025-11-13T20:23:32.618Z</time>
      </trkpt>
      <trkpt lat="42.489290" lon="13.569007">
        <ele>1950.860906</ele>
        <time>2025-11-13T20:23:37.631Z</time>
      </trkpt>
      <trkpt lat="42.489435" lon="13.569185">
        <ele>1948.409779</ele>
        <time>2025-11-13T20:23:45.028Z</time>
      </trkpt>
      <trkpt lat="42.489617" lon="13.569306">
        <ele>1945.291793</ele>
        <time>2025-11-13T20:23:52.659Z</time>
      </trkpt>
      <trkpt lat="42.489887" lon="13.569636">
        <ele>1939.700561</ele>
        <time>2025-11-13T20:24:06.286Z</time>
      </trkpt>
      <trkpt lat="42.490015" lon="13.569750">
        <ele>1937.344924</ele>
        <time>2025-11-13T20:24:12.016Z</time>
      </trkpt>
      <trkpt lat="42.490138" lon="13.569919">
        <ele>1934.651462</ele>
        <time>2025-11-13T20:24:18.588Z</time>
      </trkpt>
      <trkpt lat="42.490144" lon="13.569927">
        <ele>1934.522028</ele>
        <time>2025-11-13T20:24:18.916Z</time>
      </trkpt>
      <trkpt lat="42.490638" lon="13.570276">
        <ele>1925.953671</ele>
        <time>2025-11-13T20:24:39.823Z</time>
      </trkpt>
      <trkpt lat="42.490731" lon="13.570356">
        <ele>1924.259556</ele>
        <time>2025-11-13T20:24:43.980Z</time>
      </trkpt>
      <trkpt lat="42.490887" lon="13.570581">
        <ele>1920.934416</ele>
        <time>2025-11-13T20:24:52.573Z</time>
      </trkpt>
      <trkpt lat="42.490950" lon="13.570594">
        <ele>1920.023360</ele>
        <time>2025-11-13T20:24:54.973Z</time>
      </trkpt>
      <trkpt lat="42.490966" lon="13.570597">
        <ele>1919.792437</ele>
        <time>2025-11-13T20:24:55.586Z</time>
      </trkpt>
      <trkpt lat="42.490987" lon="13.570687">
        <ele>1918.797278</ele>
        <time>2025-11-13T20:24:58.216Z</time>
      </trkpt>
      <trkpt lat="42.491284" lon="13.571025">
        <ele>1913.254174</ele>
        <time>2025-11-13T20:25:12.806Z</time>
      </trkpt>
      <trkpt lat="42.491448" lon="13.571169">
        <ele>1910.460989</ele>
        <time>2025-11-13T20:25:20.151Z</time>
      </trkpt>
      <trkpt lat="42.491572" lon="13.571233">
        <ele>1908.564157</ele>
        <time>2025-11-13T20:25:25.154Z</time>
      </trkpt>
      <trkpt lat="42.491643" lon="13.571432">
        <ele>1906.233626</ele>
        <time>2025-11-13T20:25:31.290Z</time>
      </trkpt>
      <trkpt lat="42.491819" lon="13.571594">
        <ele>1903.192589</ele>
        <time>2025-11-13T20:25:39.293Z</time>
      </trkpt>
      <trkpt lat="42.492053" lon="13.571938">
        <ele>1898.258744</ele>
        <time>2025-11-13T20:25:52.344Z</time>
      </trkpt>
      <trkpt lat="42.492123" lon="13.572022">
        <ele>1897.089386</ele>
        <time>2025-11-13T20:25:55.901Z</time>
      </trkpt>
      <trkpt lat="42.492635" lon="13.572441">
        <ele>1890.767219</ele>
        <time>2025-11-13T20:26:19.244Z</time>
      </trkpt>
      <trkpt lat="42.492782" lon="13.572589">
        <ele>1888.831647</ele>
        <time>2025-11-13T20:26:26.546Z</time>
      </trkpt>
      <trkpt lat="42.492882" lon="13.572603">
        <ele>1887.768802</ele>
        <time>2025-11-13T20:26:30.506Z</time>
      </trkpt>
      <trkpt lat="42.493067" lon="13.572580">
        <ele>1885.804730</ele>
        <time>2025-11-13T20:26:37.979Z</time>
      </trkpt>
      <trkpt lat="42.493234" lon="13.572621">
        <ele>1884.010465</ele>
        <time>2025-11-13T20:26:44.894Z</time>
      </trkpt>
      <trkpt lat="42.493510" lon="13.572623">
        <ele>1881.092476</ele>
        <time>2025-11-13T20:26:55.877Z</time>
      </trkpt>
      <trkpt lat="42.493765" lon="13.572687">
        <ele>1878.247542</ele>
        <time>2025-11-13T20:27:05.703Z</time>
      </trkpt>
      <trkpt lat="42.493878" lon="13.572666">
        <ele>1876.409046</ele>
        <time>2025-11-13T20:27:10.032Z</time>
      </trkpt>
      <trkpt lat="42.493950" lon="13.572684">
        <ele>1875.228907</ele>
        <time>2025-11-13T20:27:12.769Z</time>
      </trkpt>
      <trkpt lat="42.494443" lon="13.572849">
        <ele>1867.043719</ele>
        <time>2025-11-13T20:27:31.850Z</time>
      </trkpt>
      <trkpt lat="42.494556" lon="13.572855">
        <ele>1865.220849</ele>
        <time>2025-11-13T20:27:36.102Z</time>
      </trkpt>
      <trkpt lat="42.495035" lon="13.573221">
        <ele>1856.358658</ele>
        <time>2025-11-13T20:27:56.743Z</time>
      </trkpt>
      <trkpt lat="42.495035" lon="13.573254">
        <ele>1855.966443</ele>
        <time>2025-11-13T20:27:57.669Z</time>
      </trkpt>
      <trkpt lat="42.495353" lon="13.573576">
        <ele>1849.569461</ele>
        <time>2025-11-13T20:28:12.477Z</time>
      </trkpt>
      <trkpt lat="42.495447" lon="13.573611">
        <ele>1847.727119</ele>
        <time>2025-11-13T20:28:16.103Z</time>
      </trkpt>
      <trkpt lat="42.495630" lon="13.573832">
        <ele>1843.089526</ele>
        <time>2025-11-13T20:28:25.274Z</time>
      </trkpt>
      <trkpt lat="42.495699" lon="13.573969">
        <ele>1840.774253</ele>
        <time>2025-11-13T20:28:29.868Z</time>
      </trkpt>
      <trkpt lat="42.496039" lon="13.574372">
        <ele>1832.228152</ele>
        <time>2025-11-13T20:28:46.903Z</time>
      </trkpt>
      <trkpt lat="42.496176" lon="13.574459">
        <ele>1829.365090</ele>
        <time>2025-11-13T20:28:52.592Z</time>
      </trkpt>
      <trkpt lat="42.496357" lon="13.574695">
        <ele>1824.613124</ele>
        <time>2025-11-13T20:29:01.990Z</time>
      </trkpt>
      <trkpt lat="42.496627" lon="13.575362">
        <ele>1813.294348</ele>
        <time>2025-11-13T20:29:22.914Z</time>
      </trkpt>
      <trkpt lat="42.496628" lon="13.575367">
        <ele>1813.188699</ele>
        <time>2025-11-13T20:29:23.052Z</time>
      </trkpt>
      <trkpt lat="42.496753" lon="13.575586">
        <ele>1807.540826</ele>
        <time>2025-11-13T20:29:30.983Z</time>
      </trkpt>
      <trkpt lat="42.496880" lon="13.576016">
        <ele>1798.094516</ele>
        <time>2025-11-13T20:29:44.175Z</time>
      </trkpt>
      <trkpt lat="42.496907" lon="13.576465">
        <ele>1788.907717</ele>
        <time>2025-11-13T20:29:57.344Z</time>
      </trkpt>
      <trkpt lat="42.496868" lon="13.576613">
        <ele>1785.702607</ele>
        <time>2025-11-13T20:30:02.046Z</time>
      </trkpt>
      <trkpt lat="42.496954" lon="13.576701">
        <ele>1782.722959</ele>
        <time>2025-11-13T20:30:06.520Z</time>
      </trkpt>
      <trkpt lat="42.496904" lon="13.577036">
        <ele>1775.752787</ele>
        <time>2025-11-13T20:30:17.083Z</time>
      </trkpt>
      <trkpt lat="42.497031" lon="13.577184">
        <ele>1771.121634</ele>
        <time>2025-11-13T20:30:24.131Z</time>
      </trkpt>
      <trkpt lat="42.497276" lon="13.577273">
        <ele>1764.093180</ele>
        <time>2025-11-13T20:30:34.735Z</time>
      </trkpt>
      <trkpt lat="42.497317" lon="13.577384">
        <ele>1761.541102</ele>
        <time>2025-11-13T20:30:38.603Z</time>
      </trkpt>
      <trkpt lat="42.497359" lon="13.577427">
        <ele>1760.073961</ele>
        <time>2025-11-13T20:30:40.766Z</time>
      </trkpt>
      <trkpt lat="42.497375" lon="13.577538">
        <ele>1757.749005</ele>
        <time>2025-11-13T20:30:44.263Z</time>
      </trkpt>
      <trkpt lat="42.497501" lon="13.577785">
        <ele>1751.574798</ele>
        <time>2025-11-13T20:30:53.384Z</time>
      </trkpt>
      <trkpt lat="42.497619" lon="13.578088">
        <ele>1744.530768</ele>
        <time>2025-11-13T20:31:03.663Z</time>
      </trkpt>
      <trkpt lat="42.497795" lon="13.578214">
        <ele>1738.982201</ele>
        <time>2025-11-13T20:31:11.586Z</time>
      </trkpt>
      <trkpt lat="42.497819" lon="13.578350">
        <ele>1736.107590</ele>
        <time>2025-11-13T20:31:15.743Z</time>
      </trkpt>
      <trkpt lat="42.498010" lon="13.578900">
        <ele>1723.610354</ele>
        <time>2025-11-13T20:31:33.684Z</time>
      </trkpt>
      <trkpt lat="42.498213" lon="13.579214">
        <ele>1715.257817</ele>
        <time>2025-11-13T20:31:45.537Z</time>
      </trkpt>
      <trkpt lat="42.498415" lon="13.579366">
        <ele>1711.336935</ele>
        <time>2025-11-13T20:31:54.174Z</time>
      </trkpt>
      <trkpt lat="42.498568" lon="13.579547">
        <ele>1707.891016</ele>
        <time>2025-11-13T20:32:01.747Z</time>
      </trkpt>
      <trkpt lat="42.498732" lon="13.579581">
        <ele>1705.075094</ele>
        <time>2025-11-13T20:32:07.930Z</time>
      </trkpt>
      <trkpt lat="42.498797" lon="13.579639">
        <ele>1703.754496</ele>
        <time>2025-11-13T20:32:10.820Z</time>
      </trkpt>
      <trkpt lat="42.498723" lon="13.579759">
        <ele>1701.796778</ele>
        <time>2025-11-13T20:32:15.137Z</time>
      </trkpt>
      <trkpt lat="42.498649" lon="13.579822">
        <ele>1700.313834</ele>
        <time>2025-11-13T20:32:18.425Z</time>
      </trkpt>
      <trkpt lat="42.498598" lon="13.579924">
        <ele>1698.771555</ele>
        <time>2025-11-13T20:32:21.833Z</time>
      </trkpt>
      <trkpt lat="42.498491" lon="13.579936">
        <ele>1696.949233</ele>
        <time>2025-11-13T20:32:25.862Z</time>
      </trkpt>
      <trkpt lat="42.498455" lon="13.579989">
        <ele>1696.047422</ele>
        <time>2025-11-13T20:32:27.895Z</time>
      </trkpt>
      <trkpt lat="42.498380" lon="13.579996">
        <ele>1694.771427</ele>
        <time>2025-11-13T20:32:30.740Z</time>
      </trkpt>
      <trkpt lat="42.498256" lon="13.580227">
        <ele>1691.195638</ele>
        <time>2025-11-13T20:32:38.710Z</time>
      </trkpt>
      <trkpt lat="42.497978" lon="13.580854">
        <ele>1683.325873</ele>
        <time>2025-11-13T20:32:59.299Z</time>
      </trkpt>
      <trkpt lat="42.497901" lon="13.581081">
        <ele>1681.517285</ele>
        <time>2025-11-13T20:33:06.526Z</time>
      </trkpt>
      <trkpt lat="42.497935" lon="13.581284">
        <ele>1680.010521</ele>
        <time>2025-11-13T20:33:12.510Z</time>
      </trkpt>
      <trkpt lat="42.498498" lon="13.581107">
        <ele>1674.337021</ele>
        <time>2025-11-13T20:33:35.253Z</time>
      </trkpt>
      <trkpt lat="42.499029" lon="13.581069">
        <ele>1669.116952</ele>
        <time>2025-11-13T20:33:56.263Z</time>
      </trkpt>
      <trkpt lat="42.499266" lon="13.581051">
        <ele>1666.739228</ele>
        <time>2025-11-13T20:34:05.412Z</time>
      </trkpt>
      <trkpt lat="42.499646" lon="13.580561">
        <ele>1661.214047</ele>
        <time>2025-11-13T20:34:25.989Z</time>
      </trkpt>
      <trkpt lat="42.499974" lon="13.580224">
        <ele>1656.877954</ele>
        <time>2025-11-13T20:34:42.224Z</time>
      </trkpt>
      <trkpt lat="42.500044" lon="13.580188">
        <ele>1656.089068</ele>
        <time>2025-11-13T20:34:47.065Z</time>
      </trkpt>
      <trkpt lat="42.500207" lon="13.580034">
        <ele>1653.995785</ele>
        <time>2025-11-13T20:34:59.953Z</time>
      </trkpt>
      <trkpt lat="42.500384" lon="13.579944">
        <ele>1652.003849</ele>
        <time>2025-11-13T20:35:12.153Z</time>
      </trkpt>
      <trkpt lat="42.500609" lon="13.579750">
        <ele>1649.194348</ele>
        <time>2025-11-13T20:35:29.336Z</time>
      </trkpt>
      <trkpt lat="42.500913" lon="13.579580">
        <ele>1646.588414</ele>
        <time>2025-11-13T20:35:50.486Z</time>
      </trkpt>
      <trkpt lat="42.501022" lon="13.579473">
        <ele>1645.613477</ele>
        <time>2025-11-13T20:35:59.188Z</time>
      </trkpt>
      <trkpt lat="42.501375" lon="13.579098">
        <ele>1642.364584</ele>
        <time>2025-11-13T20:36:28.756Z</time>
      </trkpt>
      <trkpt lat="42.501588" lon="13.578920">
        <ele>1640.551815</ele>
        <time>2025-11-13T20:36:45.721Z</time>
      </trkpt>
      <trkpt lat="42.501706" lon="13.578964">
        <ele>1639.665089</ele>
        <time>2025-11-13T20:36:54.218Z</time>
      </trkpt>
      <trkpt lat="42.501519" lon="13.579571">
        <ele>1636.150764</ele>
        <time>2025-11-13T20:37:12.546Z</time>
      </trkpt>
      <trkpt lat="42.501377" lon="13.579745">
        <ele>1635.689667</ele>
        <time>2025-11-13T20:37:20.559Z</time>
      </trkpt>
      <trkpt lat="42.501209" lon="13.579950">
        <ele>1636.272247</ele>
        <time>2025-11-13T20:37:30.645Z</time>
      </trkpt>
      <trkpt lat="42.500807" lon="13.580354">
        <ele>1637.562087</ele>
        <time>2025-11-13T20:37:54.665Z</time>
      </trkpt>
      <trkpt lat="42.500555" lon="13.580677">
        <ele>1638.455934</ele>
        <time>2025-11-13T20:38:11.260Z</time>
      </trkpt>
      <trkpt lat="42.500247" lon="13.581302">
        <ele>1639.884810</ele>
        <time>2025-11-13T20:38:36.881Z</time>
      </trkpt>
      <trkpt lat="42.500208" lon="13.581446">
        <ele>1640.319890</ele>
        <time>2025-11-13T20:38:42.106Z</time>
      </trkpt>
      <trkpt lat="42.500252" lon="13.581637">
        <ele>1641.289223</ele>
        <time>2025-11-13T20:38:49.025Z</time>
      </trkpt>
      <trkpt lat="42.500398" lon="13.581857">
        <ele>1642.723059</ele>
        <time>2025-11-13T20:38:59.566Z</time>
      </trkpt>
      <trkpt lat="42.500448" lon="13.582158">
        <ele>1644.217674</ele>
        <time>2025-11-13T20:39:10.843Z</time>
      </trkpt>
      <trkpt lat="42.500280" lon="13.582049">
        <ele>1645.441263</ele>
        <time>2025-11-13T20:39:20.580Z</time>
      </trkpt>
      <trkpt lat="42.500151" lon="13.582058">
        <ele>1646.289947</ele>
        <time>2025-11-13T20:39:27.438Z</time>
      </trkpt>
      <trkpt lat="42.499682" lon="13.582269">
        <ele>1649.536491</ele>
        <time>2025-11-13T20:39:56.271Z</time>
      </trkpt>
      <trkpt lat="42.499415" lon="13.582388">
        <ele>1651.383035</ele>
        <time>2025-11-13T20:40:15.055Z</time>
      </trkpt>
      <trkpt lat="42.498731" lon="13.582416">
        <ele>1655.104042</ele>
        <time>2025-11-13T20:40:59.949Z</time>
      </trkpt>
      <trkpt lat="42.498685" lon="13.582469">
        <ele>1655.423332</ele>
        <time>2025-11-13T20:41:03.643Z</time>
      </trkpt>
      <trkpt lat="42.498173" lon="13.582685">
        <ele>1658.259823</ele>
        <time>2025-11-13T20:41:33.103Z</time>
      </trkpt>
      <trkpt lat="42.497943" lon="13.582732">
        <ele>1659.490261</ele>
        <time>2025-11-13T20:41:45.541Z</time>
      </trkpt>
      <trkpt lat="42.497837" lon="13.582697">
        <ele>1660.067382</ele>
        <time>2025-11-13T20:41:51.640Z</time>
      </trkpt>
      <trkpt lat="42.497705" lon="13.582719">
        <ele>1660.770917</ele>
        <time>2025-11-13T20:41:58.663Z</time>
      </trkpt>
      <trkpt lat="42.497533" lon="13.582814">
        <ele>1661.550761</ele>
        <time>2025-11-13T20:42:08.379Z</time>
      </trkpt>
      <trkpt lat="42.497510" lon="13.582847">
        <ele>1661.621465</ele>
        <time>2025-11-13T20:42:09.977Z</time>
      </trkpt>
      <trkpt lat="42.497510" lon="13.582847">
        <ele>1661.621465</ele>
        <time>2025-11-13T20:42:09.994Z</time>
      </trkpt>
      <trkpt lat="42.497513" lon="13.582850">
        <ele>1661.629336</ele>
        <time>2025-11-13T20:42:10.147Z</time>
      </trkpt>
      <trkpt lat="42.497052" lon="13.582364">
        <ele>1662.862350</ele>
        <time>2025-11-13T20:42:34.122Z</time>
      </trkpt>
      <trkpt lat="42.496560" lon="13.581776">
        <ele>1664.247144</ele>
        <time>2025-11-13T20:43:01.058Z</time>
      </trkpt>
      <trkpt lat="42.496068" lon="13.581187">
        <ele>1665.370592</ele>
        <time>2025-11-13T20:43:27.994Z</time>
      </trkpt>
      <trkpt lat="42.495576" lon="13.580599">
        <ele>1665.887309</ele>
        <time>2025-11-13T20:43:54.926Z</time>
      </trkpt>
      <trkpt lat="42.495576" lon="13.580599">
        <ele>1665.887309</ele>
        <time>2025-11-13T20:43:54.933Z</time>
      </trkpt>
      <trkpt lat="42.495424" lon="13.580492">
        <ele>1666.022251</ele>
        <time>2025-11-13T20:44:02.592Z</time>
      </trkpt>
      <trkpt lat="42.495209" lon="13.580013">
        <ele>1666.348054</ele>
        <time>2025-11-13T20:44:20.383Z</time>
      </trkpt>
      <trkpt lat="42.494987" lon="13.579598">
        <ele>1666.476822</ele>
        <time>2025-11-13T20:44:35.720Z</time>
      </trkpt>
      <trkpt lat="42.494671" lon="13.579340">
        <ele>1663.321704</ele>
        <time>2025-11-13T20:44:50.074Z</time>
      </trkpt>
      <trkpt lat="42.494363" lon="13.579402">
        <ele>1660.658176</ele>
        <time>2025-11-13T20:45:12.602Z</time>
      </trkpt>
      <trkpt lat="42.493980" lon="13.579374">
        <ele>1657.377197</ele>
        <time>2025-11-13T20:45:38.440Z</time>
      </trkpt>
      <trkpt lat="42.493639" lon="13.579465">
        <ele>1654.404312</ele>
        <time>2025-11-13T20:46:00.820Z</time>
      </trkpt>
      <trkpt lat="42.492873" lon="13.579558">
        <ele>1646.131999</ele>
        <time>2025-11-13T20:46:25.437Z</time>
      </trkpt>
      <trkpt lat="42.492480" lon="13.579930">
        <ele>1640.002267</ele>
        <time>2025-11-13T20:46:40.881Z</time>
      </trkpt>
      <trkpt lat="42.492298" lon="13.579942">
        <ele>1637.671734</ele>
        <time>2025-11-13T20:46:46.757Z</time>
      </trkpt>
      <trkpt lat="42.492097" lon="13.579757">
        <ele>1634.564796</ele>
        <time>2025-11-13T20:46:54.592Z</time>
      </trkpt>
      <trkpt lat="42.491823" lon="13.579581">
        <ele>1630.687115</ele>
        <time>2025-11-13T20:47:04.641Z</time>
      </trkpt>
      <trkpt lat="42.491637" lon="13.579474">
        <ele>1628.076240</ele>
        <time>2025-11-13T20:47:11.263Z</time>
      </trkpt>
      <trkpt lat="42.491342" lon="13.579414">
        <ele>1623.522553</ele>
        <time>2025-11-13T20:47:20.871Z</time>
      </trkpt>
      <trkpt lat="42.491276" lon="13.579460">
        <ele>1622.389762</ele>
        <time>2025-11-13T20:47:24.186Z</time>
      </trkpt>
      <trkpt lat="42.491225" lon="13.579547">
        <ele>1621.138690</ele>
        <time>2025-11-13T20:47:27.825Z</time>
      </trkpt>
      <trkpt lat="42.491223" lon="13.579637">
        <ele>1620.125146</ele>
        <time>2025-11-13T20:47:30.774Z</time>
      </trkpt>
      <trkpt lat="42.491262" lon="13.579706">
        <ele>1619.146521</ele>
        <time>2025-11-13T20:47:33.629Z</time>
      </trkpt>
      <trkpt lat="42.491355" lon="13.579665">
        <ele>1617.653698</ele>
        <time>2025-11-13T20:47:37.978Z</time>
      </trkpt>
      <trkpt lat="42.491447" lon="13.579684">
        <ele>1616.233080</ele>
        <time>2025-11-13T20:47:42.101Z</time>
      </trkpt>
      <trkpt lat="42.491512" lon="13.579769">
        <ele>1614.854662</ele>
        <time>2025-11-13T20:47:46.128Z</time>
      </trkpt>
      <trkpt lat="42.491518" lon="13.579935">
        <ele>1612.983851</ele>
        <time>2025-11-13T20:47:51.530Z</time>
      </trkpt>
      <trkpt lat="42.491431" lon="13.580719">
        <ele>1604.059425</ele>
        <time>2025-11-13T20:48:10.142Z</time>
      </trkpt>
      <trkpt lat="42.491307" lon="13.580889">
        <ele>1601.367769</ele>
        <time>2025-11-13T20:48:15.772Z</time>
      </trkpt>
      <trkpt lat="42.491152" lon="13.580909">
        <ele>1599.438289</ele>
        <time>2025-11-13T20:48:20.756Z</time>
      </trkpt>
      <trkpt lat="42.490924" lon="13.580797">
        <ele>1596.660035</ele>
        <time>2025-11-13T20:48:28.528Z</time>
      </trkpt>
      <trkpt lat="42.490677" lon="13.580526">
        <ele>1593.020033</ele>
        <time>2025-11-13T20:48:38.754Z</time>
      </trkpt>
      <trkpt lat="42.490322" lon="13.580373">
        <ele>1588.752387</ele>
        <time>2025-11-13T20:48:51.221Z</time>
      </trkpt>
      <trkpt lat="42.490167" lon="13.580157">
        <ele>1586.206121</ele>
        <time>2025-11-13T20:48:58.746Z</time>
      </trkpt>
      <trkpt lat="42.489942" lon="13.580149">
        <ele>1583.627437</ele>
        <time>2025-11-13T20:49:06.380Z</time>
      </trkpt>
      <trkpt lat="42.489891" lon="13.579940">
        <ele>1581.767583</ele>
        <time>2025-11-13T20:49:11.848Z</time>
      </trkpt>
      <trkpt lat="42.489815" lon="13.579816">
        <ele>1580.405381</ele>
        <time>2025-11-13T20:49:15.822Z</time>
      </trkpt>
      <trkpt lat="42.489675" lon="13.579757">
        <ele>1578.636780</ele>
        <time>2025-11-13T20:49:20.712Z</time>
      </trkpt>
      <trkpt lat="42.489183" lon="13.580285">
        <ele>1571.007848</ele>
        <time>2025-11-13T20:49:41.141Z</time>
      </trkpt>
      <trkpt lat="42.488947" lon="13.580369">
        <ele>1568.041081</ele>
        <time>2025-11-13T20:49:49.003Z</time>
      </trkpt>
      <trkpt lat="42.488838" lon="13.580309">
        <ele>1566.610703</ele>
        <time>2025-11-13T20:49:52.802Z</time>
      </trkpt>
      <trkpt lat="42.488738" lon="13.580204">
        <ele>1565.072907</ele>
        <time>2025-11-13T20:49:56.856Z</time>
      </trkpt>
      <trkpt lat="42.488635" lon="13.580030">
        <ele>1563.072272</ele>
        <time>2025-11-13T20:50:02.161Z</time>
      </trkpt>
      <trkpt lat="42.488292" lon="13.579939">
        <ele>1558.822598</ele>
        <time>2025-11-13T20:50:13.388Z</time>
      </trkpt>
      <trkpt lat="42.488230" lon="13.580048">
        <ele>1557.331339</ele>
        <time>2025-11-13T20:50:16.641Z</time>
      </trkpt>
      <trkpt lat="42.488152" lon="13.580047">
        <ele>1556.043828</ele>
        <time>2025-11-13T20:50:19.155Z</time>
      </trkpt>
      <trkpt lat="42.487649" lon="13.580219">
        <ele>1547.481514</ele>
        <time>2025-11-13T20:50:35.754Z</time>
      </trkpt>
      <trkpt lat="42.487201" lon="13.580183">
        <ele>1540.073933</ele>
        <time>2025-11-13T20:50:50.053Z</time>
      </trkpt>
      <trkpt lat="42.486904" lon="13.580302">
        <ele>1534.962194</ele>
        <time>2025-11-13T20:50:59.903Z</time>
      </trkpt>
      <trkpt lat="42.486644" lon="13.580563">
        <ele>1529.622752</ele>
        <time>2025-11-13T20:51:10.192Z</time>
      </trkpt>
      <trkpt lat="42.486002" lon="13.580530">
        <ele>1519.630415</ele>
        <time>2025-11-13T20:51:30.701Z</time>
      </trkpt>
      <trkpt lat="42.485721" lon="13.580218">
        <ele>1514.017983</ele>
        <time>2025-11-13T20:51:42.302Z</time>
      </trkpt>
      <trkpt lat="42.485436" lon="13.579957">
        <ele>1508.703393</ele>
        <time>2025-11-13T20:51:53.325Z</time>
      </trkpt>
      <trkpt lat="42.485342" lon="13.579967">
        <ele>1507.246289</ele>
        <time>2025-11-13T20:51:56.355Z</time>
      </trkpt>
      <trkpt lat="42.485307" lon="13.580009">
        <ele>1506.524037</ele>
        <time>2025-11-13T20:51:57.862Z</time>
      </trkpt>
      <trkpt lat="42.485420" lon="13.580405">
        <ele>1501.685039</ele>
        <time>2025-11-13T20:52:07.948Z</time>
      </trkpt>
      <trkpt lat="42.485522" lon="13.580956">
        <ele>1494.763655</ele>
        <time>2025-11-13T20:52:21.414Z</time>
      </trkpt>
      <trkpt lat="42.485731" lon="13.581293">
        <ele>1489.345698</ele>
        <time>2025-11-13T20:52:31.808Z</time>
      </trkpt>
      <trkpt lat="42.485938" lon="13.581486">
        <ele>1485.154273</ele>
        <time>2025-11-13T20:52:39.859Z</time>
      </trkpt>
      <trkpt lat="42.485965" lon="13.581607">
        <ele>1483.598794</ele>
        <time>2025-11-13T20:52:42.829Z</time>
      </trkpt>
      <trkpt lat="42.485936" lon="13.581680">
        <ele>1482.578545</ele>
        <time>2025-11-13T20:52:44.785Z</time>
      </trkpt>
      <trkpt lat="42.485843" lon="13.581705">
        <ele>1480.996643</ele>
        <time>2025-11-13T20:52:47.804Z</time>
      </trkpt>
      <trkpt lat="42.485707" lon="13.581944">
        <ele>1477.282217</ele>
        <time>2025-11-13T20:52:54.896Z</time>
      </trkpt>
      <trkpt lat="42.485692" lon="13.582142">
        <ele>1474.833144</ele>
        <time>2025-11-13T20:52:59.566Z</time>
      </trkpt>
      <trkpt lat="42.485610" lon="13.582437">
        <ele>1470.954080</ele>
        <time>2025-11-13T20:53:06.926Z</time>
      </trkpt>
      <trkpt lat="42.485299" lon="13.582959">
        <ele>1458.471635</ele>
        <time>2025-11-13T20:53:22.571Z</time>
      </trkpt>
      <trkpt lat="42.485323" lon="13.583167">
        <ele>1454.532553</ele>
        <time>2025-11-13T20:53:27.612Z</time>
      </trkpt>
      <trkpt lat="42.485268" lon="13.583358">
        <ele>1450.696112</ele>
        <time>2025-11-13T20:53:32.592Z</time>
      </trkpt>
      <trkpt lat="42.485169" lon="13.583455">
        <ele>1447.597257</ele>
        <time>2025-11-13T20:53:36.628Z</time>
      </trkpt>
      <trkpt lat="42.484863" lon="13.583407">
        <ele>1439.781793</ele>
        <time>2025-11-13T20:53:46.919Z</time>
      </trkpt>
      <trkpt lat="42.484690" lon="13.583494">
        <ele>1435.100394</ele>
        <time>2025-11-13T20:53:53.155Z</time>
      </trkpt>
      <trkpt lat="42.484382" lon="13.583745">
        <ele>1425.983327</ele>
        <time>2025-11-13T20:54:05.482Z</time>
      </trkpt>
      <trkpt lat="42.484343" lon="13.583961">
        <ele>1421.365812</ele>
        <time>2025-11-13T20:54:11.166Z</time>
      </trkpt>
      <trkpt lat="42.484198" lon="13.584163">
        <ele>1415.373772</ele>
        <time>2025-11-13T20:54:18.456Z</time>
      </trkpt>
      <trkpt lat="42.484022" lon="13.584264">
        <ele>1409.865199</ele>
        <time>2025-11-13T20:54:25.189Z</time>
      </trkpt>
      <trkpt lat="42.483931" lon="13.584157">
        <ele>1406.393446</ele>
        <time>2025-11-13T20:54:29.447Z</time>
      </trkpt>
      <trkpt lat="42.483770" lon="13.584072">
        <ele>1401.413487</ele>
        <time>2025-11-13T20:54:35.541Z</time>
      </trkpt>
      <trkpt lat="42.483501" lon="13.584122">
        <ele>1393.587387</ele>
        <time>2025-11-13T20:54:45.130Z</time>
      </trkpt>
      <trkpt lat="42.483229" lon="13.584647">
        <ele>1379.948918</ele>
        <time>2025-11-13T20:55:01.449Z</time>
      </trkpt>
      <trkpt lat="42.483079" lon="13.584757">
        <ele>1375.033570</ele>
        <time>2025-11-13T20:55:07.183Z</time>
      </trkpt>
      <trkpt lat="42.482992" lon="13.584733">
        <ele>1372.602526</ele>
        <time>2025-11-13T20:55:10.116Z</time>
      </trkpt>
      <trkpt lat="42.482898" lon="13.584801">
        <ele>1369.988402</ele>
        <time>2025-11-13T20:55:13.631Z</time>
      </trkpt>
      <trkpt lat="42.482856" lon="13.584895">
        <ele>1367.999636</ele>
        <time>2025-11-13T20:55:16.271Z</time>
      </trkpt>
      <trkpt lat="42.482898" lon="13.585010">
        <ele>1365.677504</ele>
        <time>2025-11-13T20:55:19.343Z</time>
      </trkpt>
      <trkpt lat="42.482882" lon="13.585092">
        <ele>1364.142649</ele>
        <time>2025-11-13T20:55:21.365Z</time>
      </trkpt>
      <trkpt lat="42.482793" lon="13.585104">
        <ele>1361.948137</ele>
        <time>2025-11-13T20:55:24.240Z</time>
      </trkpt>
      <trkpt lat="42.482654" lon="13.585043">
        <ele>1358.363400</ele>
        <time>2025-11-13T20:55:28.935Z</time>
      </trkpt>
      <trkpt lat="42.482543" lon="13.585039">
        <ele>1355.638894</ele>
        <time>2025-11-13T20:55:32.478Z</time>
      </trkpt>
      <trkpt lat="42.482562" lon="13.585313">
        <ele>1350.658939</ele>
        <time>2025-11-13T20:55:40.028Z</time>
      </trkpt>
      <trkpt lat="42.482481" lon="13.585591">
        <ele>1345.250095</ele>
        <time>2025-11-13T20:55:48.236Z</time>
      </trkpt>
      <trkpt lat="42.482509" lon="13.586006">
        <ele>1337.709217</ele>
        <time>2025-11-13T20:55:59.651Z</time>
      </trkpt>
      <trkpt lat="42.482570" lon="13.586241">
        <ele>1333.201128</ele>
        <time>2025-11-13T20:56:06.590Z</time>
      </trkpt>
      <trkpt lat="42.482567" lon="13.587046">
        <ele>1314.318998</ele>
        <time>2025-11-13T20:56:29.986Z</time>
      </trkpt>
      <trkpt lat="42.482584" lon="13.587217">
        <ele>1309.921844</ele>
        <time>2025-11-13T20:56:35.291Z</time>
      </trkpt>
      <trkpt lat="42.482652" lon="13.587320">
        <ele>1306.398907</ele>
        <time>2025-11-13T20:56:39.652Z</time>
      </trkpt>
      <trkpt lat="42.482526" lon="13.587808">
        <ele>1293.222648</ele>
        <time>2025-11-13T20:56:56.475Z</time>
      </trkpt>
      <trkpt lat="42.482557" lon="13.588614">
        <ele>1272.654744</ele>
        <time>2025-11-13T20:57:24.422Z</time>
      </trkpt>
      <trkpt lat="42.482412" lon="13.589258">
        <ele>1253.179702</ele>
        <time>2025-11-13T20:57:50.019Z</time>
      </trkpt>
      <trkpt lat="42.482290" lon="13.589412">
        <ele>1246.265752</ele>
        <time>2025-11-13T20:57:58.914Z</time>
      </trkpt>
      <trkpt lat="42.482138" lon="13.589446">
        <ele>1239.875583</ele>
        <time>2025-11-13T20:58:07.216Z</time>
      </trkpt>
      <trkpt lat="42.482073" lon="13.589553">
        <ele>1235.634880</ele>
        <time>2025-11-13T20:58:12.671Z</time>
      </trkpt>
      <trkpt lat="42.482101" lon="13.589704">
        <ele>1230.871863</ele>
        <time>2025-11-13T20:58:18.803Z</time>
      </trkpt>
      <trkpt lat="42.482319" lon="13.589992">
        <ele>1218.246939</ele>
        <time>2025-11-13T20:58:34.586Z</time>
      </trkpt>
      <trkpt lat="42.482336" lon="13.590105">
        <ele>1214.718978</ele>
        <time>2025-11-13T20:58:38.872Z</time>
      </trkpt>
      <trkpt lat="42.482259" lon="13.590277">
        <ele>1208.563804</ele>
        <time>2025-11-13T20:58:46.182Z</time>
      </trkpt>
      <trkpt lat="42.482195" lon="13.590568">
        <ele>1199.274430</ele>
        <time>2025-11-13T20:58:56.874Z</time>
      </trkpt>
      <trkpt lat="42.482100" lon="13.590719">
        <ele>1193.202721</ele>
        <time>2025-11-13T20:59:03.635Z</time>
      </trkpt>
      <trkpt lat="42.481968" lon="13.590821">
        <ele>1188.149407</ele>
        <time>2025-11-13T20:59:10.535Z</time>
      </trkpt>
      <trkpt lat="42.481831" lon="13.590881">
        <ele>1183.523171</ele>
        <time>2025-11-13T20:59:16.959Z</time>
      </trkpt>
      <trkpt lat="42.481711" lon="13.590813">
        <ele>1179.343954</ele>
        <time>2025-11-13T20:59:22.689Z</time>
      </trkpt>
      <trkpt lat="42.481559" lon="13.590793">
        <ele>1174.436703</ele>
        <time>2025-11-13T20:59:29.328Z</time>
      </trkpt>
      <trkpt lat="42.481329" lon="13.590619">
        <ele>1165.973471</ele>
        <time>2025-11-13T20:59:40.385Z</time>
      </trkpt>
      <trkpt lat="42.480893" lon="13.590558">
        <ele>1151.888837</ele>
        <time>2025-11-13T20:59:58.342Z</time>
      </trkpt>
      <trkpt lat="42.480793" lon="13.590584">
        <ele>1148.616935</ele>
        <time>2025-11-13T21:00:02.432Z</time>
      </trkpt>
      <trkpt lat="42.480739" lon="13.590643">
        <ele>1146.388485</ele>
        <time>2025-11-13T21:00:05.226Z</time>
      </trkpt>
      <trkpt lat="42.480704" lon="13.590773">
        <ele>1143.108789</ele>
        <time>2025-11-13T21:00:09.355Z</time>
      </trkpt>
      <trkpt lat="42.480819" lon="13.590899">
        <ele>1138.357779</ele>
        <time>2025-11-13T21:00:15.322Z</time>
      </trkpt>
      <trkpt lat="42.480860" lon="13.591028">
        <ele>1135.028852</ele>
        <time>2025-11-13T21:00:19.489Z</time>
      </trkpt>
      <trkpt lat="42.480831" lon="13.591052">
        <ele>1134.076734</ele>
        <time>2025-11-13T21:00:20.885Z</time>
      </trkpt>
      <trkpt lat="42.480477" lon="13.591080">
        <ele>1124.927122</ele>
        <time>2025-11-13T21:00:35.576Z</time>
      </trkpt>
      <trkpt lat="42.480451" lon="13.591157">
        <ele>1123.315573</ele>
        <time>2025-11-13T21:00:38.192Z</time>
      </trkpt>
      <trkpt lat="42.480513" lon="13.591256">
        <ele>1120.844058</ele>
        <time>2025-11-13T21:00:42.197Z</time>
      </trkpt>
      <trkpt lat="42.480516" lon="13.591327">
        <ele>1119.490746</ele>
        <time>2025-11-13T21:00:44.353Z</time>
      </trkpt>
      <trkpt lat="42.480382" lon="13.591537">
        <ele>1114.206411</ele>
        <time>2025-11-13T21:00:52.581Z</time>
      </trkpt>
      <trkpt lat="42.480283" lon="13.591577">
        <ele>1111.540965</ele>
        <time>2025-11-13T21:00:56.541Z</time>
      </trkpt>
      <trkpt lat="42.480084" lon="13.591576">
        <ele>1106.406233</ele>
        <time>2025-11-13T21:01:04.186Z</time>
      </trkpt>
      <trkpt lat="42.480031" lon="13.591624">
        <ele>1104.761700</ele>
        <time>2025-11-13T21:01:06.636Z</time>
      </trkpt>
      <trkpt lat="42.479993" lon="13.591758">
        <ele>1102.029713</ele>
        <time>2025-11-13T21:01:10.707Z</time>
      </trkpt>
      <trkpt lat="42.479944" lon="13.591804">
        <ele>1100.491930</ele>
        <time>2025-11-13T21:01:12.975Z</time>
      </trkpt>
      <trkpt lat="42.479906" lon="13.591839">
        <ele>1099.306612</ele>
        <time>2025-11-13T21:01:14.698Z</time>
      </trkpt>
      <trkpt lat="42.479711" lon="13.591732">
        <ele>1093.878730</ele>
        <time>2025-11-13T21:01:22.566Z</time>
      </trkpt>
      <trkpt lat="42.479491" lon="13.591352">
        <ele>1085.454851</ele>
        <time>2025-11-13T21:01:35.810Z</time>
      </trkpt>
      <trkpt lat="42.479397" lon="13.591342">
        <ele>1083.549096</ele>
        <time>2025-11-13T21:01:39.351Z</time>
      </trkpt>
      <trkpt lat="42.479415" lon="13.591449">
        <ele>1081.913117</ele>
        <time>2025-11-13T21:01:42.378Z</time>
      </trkpt>
      <trkpt lat="42.479508" lon="13.591675">
        <ele>1078.055294</ele>
        <time>2025-11-13T21:01:49.510Z</time>
      </trkpt>
      <trkpt lat="42.479559" lon="13.591918">
        <ele>1074.289168</ele>
        <time>2025-11-13T21:01:56.471Z</time>
      </trkpt>
      <trkpt lat="42.479470" lon="13.592327">
        <ele>1067.932516</ele>
        <time>2025-11-13T21:02:08.294Z</time>
      </trkpt>
      <trkpt lat="42.479452" lon="13.592695">
        <ele>1062.434817</ele>
        <time>2025-11-13T21:02:18.459Z</time>
      </trkpt>
      <trkpt lat="42.479442" lon="13.592804">
        <ele>1060.797469</ele>
        <time>2025-11-13T21:02:21.478Z</time>
      </trkpt>
      <trkpt lat="42.479312" lon="13.593105">
        <ele>1055.597822</ele>
        <time>2025-11-13T21:02:31.055Z</time>
      </trkpt>
      <trkpt lat="42.479235" lon="13.593339">
        <ele>1051.762039</ele>
        <time>2025-11-13T21:02:38.081Z</time>
      </trkpt>
      <trkpt lat="42.478928" lon="13.593671">
        <ele>1042.591900</ele>
        <time>2025-11-13T21:02:52.810Z</time>
      </trkpt>
      <trkpt lat="42.478888" lon="13.593845">
        <ele>1039.452923</ele>
        <time>2025-11-13T21:02:57.881Z</time>
      </trkpt>
      <trkpt lat="42.478755" lon="13.593895">
        <ele>1036.229910</ele>
        <time>2025-11-13T21:03:03.099Z</time>
      </trkpt>
      <trkpt lat="42.478718" lon="13.594024">
        <ele>1033.846061</ele>
        <time>2025-11-13T21:03:06.908Z</time>
      </trkpt>
      <trkpt lat="42.478619" lon="13.594081">
        <ele>1031.334394</ele>
        <time>2025-11-13T21:03:10.928Z</time>
      </trkpt>
      <trkpt lat="42.478587" lon="13.594154">
        <ele>1029.871811</ele>
        <time>2025-11-13T21:03:13.259Z</time>
      </trkpt>
      <trkpt lat="42.478595" lon="13.594200">
        <ele>1029.057828</ele>
        <time>2025-11-13T21:03:14.558Z</time>
      </trkpt>
      <trkpt lat="42.478630" lon="13.594227">
        <ele>1028.117474</ele>
        <time>2025-11-13T21:03:16.060Z</time>
      </trkpt>
      <trkpt lat="42.478714" lon="13.594247">
        <ele>1026.125877</ele>
        <time>2025-11-13T21:03:19.257Z</time>
      </trkpt>
      <trkpt lat="42.478726" lon="13.594340">
        <ele>1024.499819</ele>
        <time>2025-11-13T21:03:21.871Z</time>
      </trkpt>
      <trkpt lat="42.478706" lon="13.594462">
        <ele>1022.347346</ele>
        <time>2025-11-13T21:03:25.347Z</time>
      </trkpt>
      <trkpt lat="42.478755" lon="13.594693">
        <ele>1018.207576</ele>
        <time>2025-11-13T21:03:32.070Z</time>
      </trkpt>
      <trkpt lat="42.478848" lon="13.594909">
        <ele>1013.899914</ele>
        <time>2025-11-13T21:03:39.063Z</time>
      </trkpt>
      <trkpt lat="42.479067" lon="13.595233">
        <ele>1005.823142</ele>
        <time>2025-11-13T21:03:51.474Z</time>
      </trkpt>
      <trkpt lat="42.479148" lon="13.595415">
        <ele>1001.638558</ele>
        <time>2025-11-13T21:03:57.540Z</time>
      </trkpt>
      <trkpt lat="42.479546" lon="13.595964">
        <ele>986.484240</ele>
        <time>2025-11-13T21:04:19.793Z</time>
      </trkpt>
      <trkpt lat="42.479865" lon="13.596324">
        <ele>975.406283</ele>
        <time>2025-11-13T21:04:36.433Z</time>
      </trkpt>
      <trkpt lat="42.479951" lon="13.596384">
        <ele>972.824758</ele>
        <time>2025-11-13T21:04:40.333Z</time>
      </trkpt>
      <trkpt lat="42.479979" lon="13.596431">
        <ele>971.635398</ele>
        <time>2025-11-13T21:04:42.148Z</time>
      </trkpt>
      <trkpt lat="42.480008" lon="13.596581">
        <ele>968.582817</ele>
        <time>2025-11-13T21:04:46.759Z</time>
      </trkpt>
      <trkpt lat="42.480009" lon="13.596699">
        <ele>966.259787</ele>
        <time>2025-11-13T21:04:50.259Z</time>
      </trkpt>
      <trkpt lat="42.480093" lon="13.596848">
        <ele>962.567878</ele>
        <time>2025-11-13T21:04:55.800Z</time>
      </trkpt>
      <trkpt lat="42.480393" lon="13.597121">
        <ele>953.715862</ele>
        <time>2025-11-13T21:05:10.107Z</time>
      </trkpt>
      <trkpt lat="42.480456" lon="13.597269">
        <ele>950.649624</ele>
        <time>2025-11-13T21:05:15.043Z</time>
      </trkpt>
      <trkpt lat="42.480555" lon="13.597417">
        <ele>947.064374</ele>
        <time>2025-11-13T21:05:20.743Z</time>
      </trkpt>
      <trkpt lat="42.480741" lon="13.597594">
        <ele>941.535746</ele>
        <time>2025-11-13T21:05:29.409Z</time>
      </trkpt>
      <trkpt lat="42.480890" lon="13.597665">
        <ele>937.693254</ele>
        <time>2025-11-13T21:05:35.360Z</time>
      </trkpt>
      <trkpt lat="42.481213" lon="13.598182">
        <ele>925.535388</ele>
        <time>2025-11-13T21:05:54.024Z</time>
      </trkpt>
      <trkpt lat="42.481362" lon="13.598300">
        <ele>921.337211</ele>
        <time>2025-11-13T21:06:00.435Z</time>
      </trkpt>
      <trkpt lat="42.481498" lon="13.598322">
        <ele>918.018338</ele>
        <time>2025-11-13T21:06:05.551Z</time>
      </trkpt>
      <trkpt lat="42.481690" lon="13.598569">
        <ele>912.398241</ele>
        <time>2025-11-13T21:06:15.414Z</time>
      </trkpt>
      <trkpt lat="42.481749" lon="13.598695">
        <ele>910.060870</ele>
        <time>2025-11-13T21:06:19.495Z</time>
      </trkpt>
      <trkpt lat="42.481798" lon="13.598863">
        <ele>907.231613</ele>
        <time>2025-11-13T21:06:24.483Z</time>
      </trkpt>
      <trkpt lat="42.482318" lon="13.599167">
        <ele>895.206886</ele>
        <time>2025-11-13T21:06:45.498Z</time>
      </trkpt>
      <trkpt lat="42.482360" lon="13.599339">
        <ele>892.369480</ele>
        <time>2025-11-13T21:06:50.482Z</time>
      </trkpt>
      <trkpt lat="42.482371" lon="13.599629">
        <ele>887.821955</ele>
        <time>2025-11-13T21:06:57.258Z</time>
      </trkpt>
      <trkpt lat="42.482399" lon="13.599720">
        <ele>886.277797</ele>
        <time>2025-11-13T21:06:59.575Z</time>
      </trkpt>
      <trkpt lat="42.482491" lon="13.599750">
        <ele>884.268490</ele>
        <time>2025-11-13T21:07:02.547Z</time>
      </trkpt>
      <trkpt lat="42.482577" lon="13.600017">
        <ele>879.792907</ele>
        <time>2025-11-13T21:07:09.379Z</time>
      </trkpt>
      <trkpt lat="42.482872" lon="13.600098">
        <ele>876.042551</ele>
        <time>2025-11-13T21:07:18.960Z</time>
      </trkpt>
      <trkpt lat="42.482964" lon="13.600163">
        <ele>874.749939</ele>
        <time>2025-11-13T21:07:22.241Z</time>
      </trkpt>
      <trkpt lat="42.483058" lon="13.600378">
        <ele>872.453189</ele>
        <time>2025-11-13T21:07:28.103Z</time>
      </trkpt>
      <trkpt lat="42.483052" lon="13.600483">
        <ele>871.485442</ele>
        <time>2025-11-13T21:07:30.585Z</time>
      </trkpt>
      <trkpt lat="42.483169" lon="13.600504">
        <ele>870.014885</ele>
        <time>2025-11-13T21:07:34.360Z</time>
      </trkpt>
      <trkpt lat="42.483398" lon="13.600675">
        <ele>866.757453</ele>
        <time>2025-11-13T21:07:42.747Z</time>
      </trkpt>
      <trkpt lat="42.483582" lon="13.600881">
        <ele>863.784311</ele>
        <time>2025-11-13T21:07:50.717Z</time>
      </trkpt>
      <trkpt lat="42.483689" lon="13.601082">
        <ele>861.506395</ele>
        <time>2025-11-13T21:07:57.190Z</time>
      </trkpt>
      <trkpt lat="42.483795" lon="13.601282">
        <ele>859.243220</ele>
        <time>2025-11-13T21:08:03.787Z</time>
      </trkpt>
      <trkpt lat="42.483773" lon="13.601390">
        <ele>858.213646</ele>
        <time>2025-11-13T21:08:06.773Z</time>
      </trkpt>
      <trkpt lat="42.483652" lon="13.601502">
        <ele>857.682279</ele>
        <time>2025-11-13T21:08:12.139Z</time>
      </trkpt>
      <trkpt lat="42.483547" lon="13.601535">
        <ele>857.895136</ele>
        <time>2025-11-13T21:08:16.181Z</time>
      </trkpt>
      <trkpt lat="42.483329" lon="13.601508">
        <ele>858.327447</ele>
        <time>2025-11-13T21:08:24.495Z</time>
      </trkpt>
      <trkpt lat="42.483110" lon="13.601481">
        <ele>858.761724</ele>
        <time>2025-11-13T21:08:33.390Z</time>
      </trkpt>
      <trkpt lat="42.483052" lon="13.601485">
        <ele>858.876414</ele>
        <time>2025-11-13T21:08:35.776Z</time>
      </trkpt>
      <trkpt lat="42.482965" lon="13.601565">
        <ele>859.084007</ele>
        <time>2025-11-13T21:08:40.572Z</time>
      </trkpt>
      <trkpt lat="42.482897" lon="13.601627">
        <ele>859.245832</ele>
        <time>2025-11-13T21:08:44.477Z</time>
      </trkpt>
      <trkpt lat="42.482882" lon="13.601765">
        <ele>859.448989</ele>
        <time>2025-11-13T21:08:49.682Z</time>
      </trkpt>
      <trkpt lat="42.482913" lon="13.601922">
        <ele>859.685700</ele>
        <time>2025-11-13T21:08:56.321Z</time>
      </trkpt>
      <trkpt lat="42.483042" lon="13.602230">
        <ele>860.201568</ele>
        <time>2025-11-13T21:09:11.524Z</time>
      </trkpt>
      <trkpt lat="42.482983" lon="13.602376">
        <ele>860.444035</ele>
        <time>2025-11-13T21:09:18.465Z</time>
      </trkpt>
      <trkpt lat="42.483047" lon="13.602738">
        <ele>860.986195</ele>
        <time>2025-11-13T21:09:32.896Z</time>
      </trkpt>
      <trkpt lat="42.483083" lon="13.603212">
        <ele>862.110964</ele>
        <time>2025-11-13T21:09:49.777Z</time>
      </trkpt>
      <trkpt lat="42.483037" lon="13.603552">
        <ele>862.962581</ele>
        <time>2025-11-13T21:10:01.888Z</time>
      </trkpt>
      <trkpt lat="42.483083" lon="13.603936">
        <ele>863.921019</ele>
        <time>2025-11-13T21:10:15.584Z</time>
      </trkpt>
      <trkpt lat="42.483149" lon="13.604168">
        <ele>864.533635</ele>
        <time>2025-11-13T21:10:24.085Z</time>
      </trkpt>
      <trkpt lat="42.483328" lon="13.604576">
        <ele>865.703218</ele>
        <time>2025-11-13T21:10:39.619Z</time>
      </trkpt>
      <trkpt lat="42.483555" lon="13.604855">
        <ele>866.726696</ele>
        <time>2025-11-13T21:10:52.944Z</time>
      </trkpt>
      <trkpt lat="42.483566" lon="13.605162">
        <ele>867.635451</ele>
        <time>2025-11-13T21:11:03.024Z</time>
      </trkpt>
      <trkpt lat="42.483412" lon="13.605473">
        <ele>868.892879</ele>
        <time>2025-11-13T21:11:15.542Z</time>
      </trkpt>
      <trkpt lat="42.483329" lon="13.605561">
        <ele>869.372437</ele>
        <time>2025-11-13T21:11:20.453Z</time>
      </trkpt>
      <trkpt lat="42.483222" lon="13.605480">
        <ele>869.930217</ele>
        <time>2025-11-13T21:11:26.304Z</time>
      </trkpt>
      <trkpt lat="42.483196" lon="13.605323">
        <ele>870.470344</ele>
        <time>2025-11-13T21:11:32.103Z</time>
      </trkpt>
      <trkpt lat="42.483266" lon="13.604977">
        <ele>871.674675</ele>
        <time>2025-11-13T21:11:45.465Z</time>
      </trkpt>
      <trkpt lat="42.483235" lon="13.604850">
        <ele>872.123721</ele>
        <time>2025-11-13T21:11:50.614Z</time>
      </trkpt>
      <trkpt lat="42.483165" lon="13.604762">
        <ele>872.558198</ele>
        <time>2025-11-13T21:11:55.605Z</time>
      </trkpt>
      <trkpt lat="42.483074" lon="13.604730">
        <ele>872.986097</ele>
        <time>2025-11-13T21:12:00.603Z</time>
      </trkpt>
      <trkpt lat="42.482968" lon="13.604807">
        <ele>873.533440</ele>
        <time>2025-11-13T21:12:06.948Z</time>
      </trkpt>
      <trkpt lat="42.482710" lon="13.606029">
        <ele>878.889638</ele>
        <time>2025-11-13T21:12:57.395Z</time>
      </trkpt>
      <trkpt lat="42.482594" lon="13.606114">
        <ele>879.746456</ele>
        <time>2025-11-13T21:13:04.285Z</time>
      </trkpt>
      <trkpt lat="42.482363" lon="13.606187">
        <ele>881.287772</ele>
        <time>2025-11-13T21:13:16.802Z</time>
      </trkpt>
      <trkpt lat="42.482171" lon="13.606182">
        <ele>882.535660</ele>
        <time>2025-11-13T21:13:27.053Z</time>
      </trkpt>
      <trkpt lat="42.480574" lon="13.606398">
        <ele>892.643182</ele>
        <time>2025-11-13T21:15:11.698Z</time>
      </trkpt>
      <trkpt lat="42.480327" lon="13.606371">
        <ele>894.167476</ele>
        <time>2025-11-13T21:15:27.328Z</time>
      </trkpt>
      <trkpt lat="42.480247" lon="13.606382">
        <ele>894.662102</ele>
        <time>2025-11-13T21:15:32.324Z</time>
      </trkpt>
      <trkpt lat="42.480035" lon="13.606483">
        <ele>896.044327</ele>
        <time>2025-11-13T21:15:46.199Z</time>
      </trkpt>
      <trkpt lat="42.479773" lon="13.606592">
        <ele>897.730118</ele>
        <time>2025-11-13T21:16:02.777Z</time>
      </trkpt>
      <trkpt lat="42.479638" lon="13.606647">
        <ele>898.397789</ele>
        <time>2025-11-13T21:16:11.079Z</time>
      </trkpt>
      <trkpt lat="42.479082" lon="13.606522">
        <ele>900.697990</ele>
        <time>2025-11-13T21:16:42.165Z</time>
      </trkpt>
      <trkpt lat="42.478872" lon="13.606438">
        <ele>901.591587</ele>
        <time>2025-11-13T21:16:53.959Z</time>
      </trkpt>
      <trkpt lat="42.478540" lon="13.606383">
        <ele>902.956665</ele>
        <time>2025-11-13T21:17:12.507Z</time>
      </trkpt>
      <trkpt lat="42.478288" lon="13.606392">
        <ele>903.985517</ele>
        <time>2025-11-13T21:17:26.853Z</time>
      </trkpt>
      <trkpt lat="42.478087" lon="13.606267">
        <ele>904.888038</ele>
        <time>2025-11-13T21:17:39.628Z</time>
      </trkpt>
      <trkpt lat="42.477774" lon="13.605908">
        <ele>907.065616</ele>
        <time>2025-11-13T21:18:03.735Z</time>
      </trkpt>
      <trkpt lat="42.477568" lon="13.605744">
        <ele>908.445032</ele>
        <time>2025-11-13T21:18:18.252Z</time>
      </trkpt>
      <trkpt lat="42.477404" lon="13.605614">
        <ele>909.541996</ele>
        <time>2025-11-13T21:18:30.034Z</time>
      </trkpt>
      <trkpt lat="42.476825" lon="13.604839">
        <ele>914.240098</ele>
        <time>2025-11-13T21:19:22.402Z</time>
      </trkpt>
      <trkpt lat="42.476600" lon="13.604588">
        <ele>915.853588</ele>
        <time>2025-11-13T21:19:40.322Z</time>
      </trkpt>
      <trkpt lat="42.476350" lon="13.604400">
        <ele>916.908472</ele>
        <time>2025-11-13T21:19:57.637Z</time>
      </trkpt>
      <trkpt lat="42.476115" lon="13.604262">
        <ele>917.853456</ele>
        <time>2025-11-13T21:20:12.741Z</time>
      </trkpt>
      <trkpt lat="42.475942" lon="13.603890">
        <ele>919.050333</ele>
        <time>2025-11-13T21:20:31.128Z</time>
      </trkpt>
      <trkpt lat="42.475732" lon="13.603623">
        <ele>920.112641</ele>
        <time>2025-11-13T21:20:46.842Z</time>
      </trkpt>
      <trkpt lat="42.475619" lon="13.603545">
        <ele>920.580536</ele>
        <time>2025-11-13T21:20:53.668Z</time>
      </trkpt>
      <trkpt lat="42.475401" lon="13.603453">
        <ele>921.423017</ele>
        <time>2025-11-13T21:21:05.604Z</time>
      </trkpt>
      <trkpt lat="42.474365" lon="13.603275">
        <ele>925.591691</ele>
        <time>2025-11-13T21:21:59.554Z</time>
      </trkpt>
      <trkpt lat="42.474112" lon="13.603262">
        <ele>926.627214</ele>
        <time>2025-11-13T21:22:13.582Z</time>
      </trkpt>
      <trkpt lat="42.473820" lon="13.603123">
        <ele>927.892983</ele>
        <time>2025-11-13T21:22:31.925Z</time>
      </trkpt>
      <trkpt lat="42.473733" lon="13.603123">
        <ele>928.248817</ele>
        <time>2025-11-13T21:22:37.240Z</time>
      </trkpt>
      <trkpt lat="42.473630" lon="13.603058">
        <ele>928.713493</ele>
        <time>2025-11-13T21:22:44.219Z</time>
      </trkpt>
      <trkpt lat="42.473551" lon="13.602962">
        <ele>929.147401</ele>
        <time>2025-11-13T21:22:50.709Z</time>
      </trkpt>
      <trkpt lat="42.473139" lon="13.602100">
        <ele>936.315970</ele>
        <time>2025-11-13T21:23:43.668Z</time>
      </trkpt>
      <trkpt lat="42.472963" lon="13.601998">
        <ele>938.362575</ele>
        <time>2025-11-13T21:24:00.111Z</time>
      </trkpt>
      <trkpt lat="42.472830" lon="13.601960">
        <ele>939.815911</ele>
        <time>2025-11-13T21:24:12.088Z</time>
      </trkpt>
      <trkpt lat="42.472723" lon="13.601849">
        <ele>941.256512</ele>
        <time>2025-11-13T21:24:23.928Z</time>
      </trkpt>
      <trkpt lat="42.472593" lon="13.601513">
        <ele>944.248906</ele>
        <time>2025-11-13T21:24:44.515Z</time>
      </trkpt>
      <trkpt lat="42.472483" lon="13.601297">
        <ele>946.319039</ele>
        <time>2025-11-13T21:24:58.437Z</time>
      </trkpt>
      <trkpt lat="42.472368" lon="13.601137">
        <ele>948.080959</ele>
        <time>2025-11-13T21:25:10.153Z</time>
      </trkpt>
      <trkpt lat="42.472216" lon="13.601004">
        <ele>950.606294</ele>
        <time>2025-11-13T21:25:22.770Z</time>
      </trkpt>
      <trkpt lat="42.472165" lon="13.600929">
        <ele>951.860020</ele>
        <time>2025-11-13T21:25:27.967Z</time>
      </trkpt>
      <trkpt lat="42.472156" lon="13.600854">
        <ele>952.793921</ele>
        <time>2025-11-13T21:25:31.988Z</time>
      </trkpt>
      <trkpt lat="42.472019" lon="13.600768">
        <ele>955.309526</ele>
        <time>2025-11-13T21:25:43.092Z</time>
      </trkpt>
      <trkpt lat="42.471805" lon="13.600735">
        <ele>958.898315</ele>
        <time>2025-11-13T21:25:59.423Z</time>
      </trkpt>
      <trkpt lat="42.471685" lon="13.600796">
        <ele>961.033762</ele>
        <time>2025-11-13T21:26:09.515Z</time>
      </trkpt>
      <trkpt lat="42.471439" lon="13.601322">
        <ele>968.688550</ele>
        <time>2025-11-13T21:26:48.464Z</time>
      </trkpt>
      <trkpt lat="42.471409" lon="13.601334">
        <ele>969.209732</ele>
        <time>2025-11-13T21:26:51.306Z</time>
      </trkpt>
      <trkpt lat="42.471362" lon="13.601266">
        <ele>970.355073</ele>
        <time>2025-11-13T21:26:57.480Z</time>
      </trkpt>
      <trkpt lat="42.471231" lon="13.600888">
        <ele>975.488152</ele>
        <time>2025-11-13T21:27:27.577Z</time>
      </trkpt>
      <trkpt lat="42.471265" lon="13.600729">
        <ele>977.522821</ele>
        <time>2025-11-13T21:27:40.510Z</time>
      </trkpt>
      <trkpt lat="42.471267" lon="13.600485">
        <ele>980.878922</ele>
        <time>2025-11-13T21:28:00.652Z</time>
      </trkpt>
      <trkpt lat="42.471432" lon="13.600120">
        <ele>987.318164</ele>
        <time>2025-11-13T21:28:37.966Z</time>
      </trkpt>
      <trkpt lat="42.471367" lon="13.599837">
        <ele>991.776551</ele>
        <time>2025-11-13T21:29:01.965Z</time>
      </trkpt>
      <trkpt lat="42.471373" lon="13.599533">
        <ele>996.350856</ele>
        <time>2025-11-13T21:29:29.480Z</time>
      </trkpt>
      <trkpt lat="42.471339" lon="13.599300">
        <ele>999.923489</ele>
        <time>2025-11-13T21:29:50.304Z</time>
      </trkpt>
      <trkpt lat="42.471250" lon="13.599180">
        <ele>1002.483167</ele>
        <time>2025-11-13T21:30:06.291Z</time>
      </trkpt>
      <trkpt lat="42.471154" lon="13.599178">
        <ele>1004.441060</ele>
        <time>2025-11-13T21:30:16.373Z</time>
      </trkpt>
      <trkpt lat="42.471019" lon="13.599352">
        <ele>1008.239594</ele>
        <time>2025-11-13T21:30:34.443Z</time>
      </trkpt>
      <trkpt lat="42.470974" lon="13.599358">
        <ele>1009.161675</ele>
        <time>2025-11-13T21:30:38.645Z</time>
      </trkpt>
      <trkpt lat="42.470974" lon="13.599358">
        <ele>1009.161675</ele>
        <time>2025-11-13T21:30:38.754Z</time>
      </trkpt>
      <trkpt lat="42.470979" lon="13.599421">
        <ele>1010.114776</ele>
        <time>2025-11-13T21:30:40.689Z</time>
      </trkpt>
      <trkpt lat="42.470924" lon="13.599421">
        <ele>1011.236353</ele>
        <time>2025-11-13T21:30:42.968Z</time>
      </trkpt>
      <trkpt lat="42.470860" lon="13.599357">
        <ele>1012.858095</ele>
        <time>2025-11-13T21:30:46.246Z</time>
      </trkpt>
      <trkpt lat="42.470825" lon="13.599242">
        <ele>1014.729363</ele>
        <time>2025-11-13T21:30:50.041Z</time>
      </trkpt>
      <trkpt lat="42.470820" lon="13.599137">
        <ele>1016.103570</ele>
        <time>2025-11-13T21:30:53.236Z</time>
      </trkpt>
      <trkpt lat="42.470863" lon="13.598984">
        <ele>1017.839741</ele>
        <time>2025-11-13T21:30:58.217Z</time>
      </trkpt>
      <trkpt lat="42.470858" lon="13.598841">
        <ele>1019.357800</ele>
        <time>2025-11-13T21:31:02.578Z</time>
      </trkpt>
      <trkpt lat="42.470818" lon="13.598734">
        <ele>1020.629813</ele>
        <time>2025-11-13T21:31:06.221Z</time>
      </trkpt>
      <trkpt lat="42.470774" lon="13.598697">
        <ele>1021.374148</ele>
        <time>2025-11-13T21:31:08.361Z</time>
      </trkpt>
      <trkpt lat="42.470696" lon="13.598708">
        <ele>1022.501512</ele>
        <time>2025-11-13T21:31:11.590Z</time>
      </trkpt>
      <trkpt lat="42.470634" lon="13.598785">
        <ele>1023.710268</ele>
        <time>2025-11-13T21:31:15.065Z</time>
      </trkpt>
      <trkpt lat="42.470562" lon="13.599100">
        <ele>1027.207202</ele>
        <time>2025-11-13T21:31:25.096Z</time>
      </trkpt>
      <trkpt lat="42.470520" lon="13.599198">
        <ele>1028.409060</ele>
        <time>2025-11-13T21:31:28.558Z</time>
      </trkpt>
      <trkpt lat="42.470475" lon="13.599215">
        <ele>1029.080619</ele>
        <time>2025-11-13T21:31:30.495Z</time>
      </trkpt>
      <trkpt lat="42.470435" lon="13.599186">
        <ele>1029.732713</ele>
        <time>2025-11-13T21:31:32.378Z</time>
      </trkpt>
      <trkpt lat="42.470394" lon="13.599030">
        <ele>1031.488800</ele>
        <time>2025-11-13T21:31:37.446Z</time>
      </trkpt>
      <trkpt lat="42.470396" lon="13.598832">
        <ele>1033.588584</ele>
        <time>2025-11-13T21:31:43.508Z</time>
      </trkpt>
      <trkpt lat="42.470459" lon="13.598840">
        <ele>1034.498223</ele>
        <time>2025-11-13T21:31:46.136Z</time>
      </trkpt>
      <trkpt lat="42.470459" lon="13.598840">
        <ele>1034.498223</ele>
        <time>2025-11-13T21:31:46.155Z</time>
      </trkpt>
      <trkpt lat="42.470472" lon="13.598653">
        <ele>1036.489951</ele>
        <time>2025-11-13T21:31:58.347Z</time>
      </trkpt>
      <trkpt lat="42.470474" lon="13.598524">
        <ele>1037.858164</ele>
        <time>2025-11-13T21:32:06.448Z</time>
      </trkpt>
      <trkpt lat="42.470424" lon="13.598387">
        <ele>1039.479003</ele>
        <time>2025-11-13T21:32:15.625Z</time>
      </trkpt>
      <trkpt lat="42.470447" lon="13.598195">
        <ele>1041.537168</ele>
        <time>2025-11-13T21:32:27.508Z</time>
      </trkpt>
      <trkpt lat="42.470588" lon="13.597692">
        <ele>1046.921211</ele>
        <time>2025-11-13T21:33:02.489Z</time>
      </trkpt>
      <trkpt lat="42.470668" lon="13.597364">
        <ele>1050.377835</ele>
        <time>2025-11-13T21:33:23.938Z</time>
      </trkpt>
      <trkpt lat="42.470666" lon="13.597299">
        <ele>1051.028770</ele>
        <time>2025-11-13T21:33:27.968Z</time>
      </trkpt>
      <trkpt lat="42.470638" lon="13.597222">
        <ele>1051.887741</ele>
        <time>2025-11-13T21:33:32.980Z</time>
      </trkpt>
      <trkpt lat="42.470585" lon="13.597171">
        <ele>1052.769364</ele>
        <time>2025-11-13T21:33:38.246Z</time>
      </trkpt>
      <trkpt lat="42.470502" lon="13.597157">
        <ele>1053.903920</ele>
        <time>2025-11-13T21:33:44.734Z</time>
      </trkpt>
      <trkpt lat="42.470058" lon="13.597268">
        <ele>1060.028221</ele>
        <time>2025-11-13T21:34:18.672Z</time>
      </trkpt>
      <trkpt lat="42.469966" lon="13.597265">
        <ele>1061.276539</ele>
        <time>2025-11-13T21:34:25.225Z</time>
      </trkpt>
      <trkpt lat="42.469894" lon="13.597195">
        <ele>1062.478387</ele>
        <time>2025-11-13T21:34:31.046Z</time>
      </trkpt>
      <trkpt lat="42.469744" lon="13.596857">
        <ele>1066.309659</ele>
        <time>2025-11-13T21:34:48.395Z</time>
      </trkpt>
      <trkpt lat="42.469711" lon="13.596713">
        <ele>1067.509588</ele>
        <time>2025-11-13T21:34:54.276Z</time>
      </trkpt>
      <trkpt lat="42.469723" lon="13.596623">
        <ele>1068.237383</ele>
        <time>2025-11-13T21:34:57.881Z</time>
      </trkpt>
      <trkpt lat="42.469842" lon="13.596338">
        <ele>1070.843450</ele>
        <time>2025-11-13T21:35:11.934Z</time>
      </trkpt>
      <trkpt lat="42.469844" lon="13.596195">
        <ele>1071.981597</ele>
        <time>2025-11-13T21:35:18.842Z</time>
      </trkpt>
      <trkpt lat="42.469748" lon="13.596004">
        <ele>1073.820809</ele>
        <time>2025-11-13T21:35:30.923Z</time>
      </trkpt>
      <trkpt lat="42.469404" lon="13.595749">
        <ele>1078.050455</ele>
        <time>2025-11-13T21:36:00.731Z</time>
      </trkpt>
      <trkpt lat="42.468790" lon="13.595030">
        <ele>1086.578281</ele>
        <time>2025-11-13T21:36:58.729Z</time>
      </trkpt>
      <trkpt lat="42.468469" lon="13.594724">
        <ele>1090.192641</ele>
        <time>2025-11-13T21:37:21.751Z</time>
      </trkpt>
      <trkpt lat="42.468354" lon="13.594789">
        <ele>1091.340227</ele>
        <time>2025-11-13T21:37:30.627Z</time>
      </trkpt>
      <trkpt lat="42.468394" lon="13.595224">
        <ele>1094.318554</ele>
        <time>2025-11-13T21:37:53.946Z</time>
      </trkpt>
      <trkpt lat="42.468327" lon="13.595555">
        <ele>1096.650549</ele>
        <time>2025-11-13T21:38:13.080Z</time>
      </trkpt>
      <trkpt lat="42.468277" lon="13.595620">
        <ele>1097.288603</ele>
        <time>2025-11-13T21:38:18.367Z</time>
      </trkpt>
      <trkpt lat="42.468166" lon="13.595427">
        <ele>1098.951334</ele>
        <time>2025-11-13T21:38:31.802Z</time>
      </trkpt>
      <trkpt lat="42.468014" lon="13.595452">
        <ele>1100.361599</ele>
        <time>2025-11-13T21:38:42.715Z</time>
      </trkpt>
      <trkpt lat="42.467916" lon="13.595612">
        <ele>1101.774563</ele>
        <time>2025-11-13T21:38:52.919Z</time>
      </trkpt>
      <trkpt lat="42.467820" lon="13.595612">
        <ele>1102.388193</ele>
        <time>2025-11-13T21:38:59.087Z</time>
      </trkpt>
      <trkpt lat="42.467814" lon="13.595478">
        <ele>1103.002189</ele>
        <time>2025-11-13T21:39:05.814Z</time>
      </trkpt>
      <trkpt lat="42.467667" lon="13.595466">
        <ele>1103.915274</ele>
        <time>2025-11-13T21:39:16.138Z</time>
      </trkpt>
      <trkpt lat="42.467409" lon="13.595763">
        <ele>1106.013870</ele>
        <time>2025-11-13T21:39:39.770Z</time>
      </trkpt>
      <trkpt lat="42.467267" lon="13.595859">
        <ele>1106.997713</ele>
        <time>2025-11-13T21:39:50.296Z</time>
      </trkpt>
      <trkpt lat="42.467164" lon="13.595988">
        <ele>1107.867166</ele>
        <time>2025-11-13T21:39:59.246Z</time>
      </trkpt>
      <trkpt lat="42.467156" lon="13.596235">
        <ele>1108.997956</ele>
        <time>2025-11-13T21:40:10.287Z</time>
      </trkpt>
      <trkpt lat="42.467243" lon="13.596471">
        <ele>1110.204628</ele>
        <time>2025-11-13T21:40:21.514Z</time>
      </trkpt>
      <trkpt lat="42.467396" lon="13.596740">
        <ele>1111.758204</ele>
        <time>2025-11-13T21:40:35.721Z</time>
      </trkpt>
      <trkpt lat="42.467512" lon="13.596889">
        <ele>1112.749010</ele>
        <time>2025-11-13T21:40:44.755Z</time>
      </trkpt>
      <trkpt lat="42.467584" lon="13.597093">
        <ele>1113.166149</ele>
        <time>2025-11-13T21:40:54.028Z</time>
      </trkpt>
      <trkpt lat="42.467663" lon="13.597544">
        <ele>1113.651529</ele>
        <time>2025-11-13T21:41:13.041Z</time>
      </trkpt>
      <trkpt lat="42.467639" lon="13.597769">
        <ele>1113.889580</ele>
        <time>2025-11-13T21:41:22.423Z</time>
      </trkpt>
      <trkpt lat="42.467671" lon="13.598069">
        <ele>1114.206981</ele>
        <time>2025-11-13T21:41:34.843Z</time>
      </trkpt>
      <trkpt lat="42.467639" lon="13.598284">
        <ele>1114.436647</ele>
        <time>2025-11-13T21:41:43.697Z</time>
      </trkpt>
      <trkpt lat="42.467489" lon="13.598820">
        <ele>1115.036933</ele>
        <time>2025-11-13T21:42:05.320Z</time>
      </trkpt>
      <trkpt lat="42.467465" lon="13.599153">
        <ele>1115.387283</ele>
        <time>2025-11-13T21:42:16.781Z</time>
      </trkpt>
      <trkpt lat="42.467489" lon="13.599410">
        <ele>1115.118302</ele>
        <time>2025-11-13T21:42:25.377Z</time>
      </trkpt>
      <trkpt lat="42.467544" lon="13.599647">
        <ele>1114.230745</ele>
        <time>2025-11-13T21:42:33.307Z</time>
      </trkpt>
      <trkpt lat="42.467671" lon="13.599808">
        <ele>1113.388683</ele>
        <time>2025-11-13T21:42:40.598Z</time>
      </trkpt>
      <trkpt lat="42.467765" lon="13.599979">
        <ele>1112.626847</ele>
        <time>2025-11-13T21:42:47.091Z</time>
      </trkpt>
      <trkpt lat="42.467781" lon="13.600162">
        <ele>1111.968533</ele>
        <time>2025-11-13T21:42:52.563Z</time>
      </trkpt>
      <trkpt lat="42.467734" lon="13.600333">
        <ele>1111.316635</ele>
        <time>2025-11-13T21:42:58.001Z</time>
      </trkpt>
      <trkpt lat="42.467750" lon="13.600494">
        <ele>1110.736292</ele>
        <time>2025-11-13T21:43:02.875Z</time>
      </trkpt>
      <trkpt lat="42.467995" lon="13.600784">
        <ele>1109.161169</ele>
        <time>2025-11-13T21:43:16.441Z</time>
      </trkpt>
      <trkpt lat="42.468090" lon="13.600934">
        <ele>1108.454914</ele>
        <time>2025-11-13T21:43:22.694Z</time>
      </trkpt>
      <trkpt lat="42.468153" lon="13.601181">
        <ele>1107.521292</ele>
        <time>2025-11-13T21:43:31.175Z</time>
      </trkpt>
      <trkpt lat="42.468177" lon="13.601374">
        <ele>1106.824827</ele>
        <time>2025-11-13T21:43:37.725Z</time>
      </trkpt>
      <trkpt lat="42.468256" lon="13.601578">
        <ele>1106.647538</ele>
        <time>2025-11-13T21:43:45.581Z</time>
      </trkpt>
      <trkpt lat="42.468201" lon="13.601932">
        <ele>1106.369167</ele>
        <time>2025-11-13T21:43:58.091Z</time>
      </trkpt>
      <trkpt lat="42.468288" lon="13.602189">
        <ele>1106.151583</ele>
        <time>2025-11-13T21:44:07.915Z</time>
      </trkpt>
      <trkpt lat="42.468222" lon="13.602422">
        <ele>1105.959531</ele>
        <time>2025-11-13T21:44:16.441Z</time>
      </trkpt>
      <trkpt lat="42.468122" lon="13.602629">
        <ele>1105.769132</ele>
        <time>2025-11-13T21:44:24.784Z</time>
      </trkpt>
      <trkpt lat="42.468101" lon="13.602771">
        <ele>1105.657692</ele>
        <time>2025-11-13T21:44:29.585Z</time>
      </trkpt>
      <trkpt lat="42.468011" lon="13.602908">
        <ele>1105.516529</ele>
        <time>2025-11-13T21:44:35.550Z</time>
      </trkpt>
      <trkpt lat="42.467938" lon="13.603004">
        <ele>1105.410437</ele>
        <time>2025-11-13T21:44:39.938Z</time>
      </trkpt>
      <trkpt lat="42.467890" lon="13.603198">
        <ele>1105.252985</ele>
        <time>2025-11-13T21:44:46.698Z</time>
      </trkpt>
      <trkpt lat="42.467815" lon="13.603383">
        <ele>1105.090550</ele>
        <time>2025-11-13T21:44:54.187Z</time>
      </trkpt>
      <trkpt lat="42.467758" lon="13.603874">
        <ele>1109.228515</ele>
        <time>2025-11-13T21:45:14.949Z</time>
      </trkpt>
      <trkpt lat="42.467613" lon="13.604448">
        <ele>1117.509412</ele>
        <time>2025-11-13T21:45:46.775Z</time>
      </trkpt>
      <trkpt lat="42.467473" lon="13.604148">
        <ele>1122.354552</ele>
        <time>2025-11-13T21:46:12.726Z</time>
      </trkpt>
      <trkpt lat="42.467380" lon="13.603781">
        <ele>1127.650898</ele>
        <time>2025-11-13T21:46:50.323Z</time>
      </trkpt>
      <trkpt lat="42.467243" lon="13.603775">
        <ele>1130.187063</ele>
        <time>2025-11-13T21:47:12.179Z</time>
      </trkpt>
      <trkpt lat="42.467159" lon="13.603641">
        <ele>1132.587168</ele>
        <time>2025-11-13T21:47:34.709Z</time>
      </trkpt>
      <trkpt lat="42.467061" lon="13.603584">
        <ele>1134.560262</ele>
        <time>2025-11-13T21:47:53.736Z</time>
      </trkpt>
      <trkpt lat="42.466877" lon="13.603699">
        <ele>1138.370945</ele>
        <time>2025-11-13T21:48:34.762Z</time>
      </trkpt>
      <trkpt lat="42.466849" lon="13.603461">
        <ele>1144.189825</ele>
        <time>2025-11-13T21:49:11.077Z</time>
      </trkpt>
      <trkpt lat="42.466674" lon="13.603400">
        <ele>1150.103911</ele>
        <time>2025-11-13T21:49:45.815Z</time>
      </trkpt>
      <trkpt lat="42.466431" lon="13.603396">
        <ele>1158.057912</ele>
        <time>2025-11-13T21:50:30.484Z</time>
      </trkpt>
      <trkpt lat="42.466069" lon="13.603492">
        <ele>1170.130797</ele>
        <time>2025-11-13T21:51:39.082Z</time>
      </trkpt>
      <trkpt lat="42.465906" lon="13.603691">
        <ele>1177.310460</ele>
        <time>2025-11-13T21:52:20.219Z</time>
      </trkpt>
      <trkpt lat="42.465779" lon="13.603638">
        <ele>1181.659696</ele>
        <time>2025-11-13T21:52:44.599Z</time>
      </trkpt>
      <trkpt lat="42.465748" lon="13.603565">
        <ele>1183.693417</ele>
        <time>2025-11-13T21:52:56.062Z</time>
      </trkpt>
      <trkpt lat="42.465840" lon="13.603319">
        <ele>1190.352618</ele>
        <time>2025-11-13T21:53:32.230Z</time>
      </trkpt>
      <trkpt lat="42.465814" lon="13.602904">
        <ele>1200.317312</ele>
        <time>2025-11-13T21:54:22.273Z</time>
      </trkpt>
      <trkpt lat="42.465692" lon="13.602819">
        <ele>1204.683097</ele>
        <time>2025-11-13T21:54:44.458Z</time>
      </trkpt>
      <trkpt lat="42.465545" lon="13.602836">
        <ele>1209.378735</ele>
        <time>2025-11-13T21:55:08.255Z</time>
      </trkpt>
      <trkpt lat="42.465505" lon="13.602667">
        <ele>1213.545860</ele>
        <time>2025-11-13T21:55:29.814Z</time>
      </trkpt>
      <trkpt lat="42.465379" lon="13.602625">
        <ele>1217.675586</ele>
        <time>2025-11-13T21:55:51.820Z</time>
      </trkpt>
      <trkpt lat="42.465101" lon="13.602737">
        <ele>1226.906124</ele>
        <time>2025-11-13T21:56:42.384Z</time>
      </trkpt>
      <trkpt lat="42.464973" lon="13.602837">
        <ele>1231.608186</ele>
        <time>2025-11-13T21:57:08.914Z</time>
      </trkpt>
      <trkpt lat="42.464797" lon="13.602879">
        <ele>1237.295963</ele>
        <time>2025-11-13T21:57:41.364Z</time>
      </trkpt>
      <trkpt lat="42.464679" lon="13.602844">
        <ele>1241.140462</ele>
        <time>2025-11-13T21:58:03.625Z</time>
      </trkpt>
      <trkpt lat="42.464591" lon="13.602774">
        <ele>1244.387888</ele>
        <time>2025-11-13T21:58:22.540Z</time>
      </trkpt>
      <trkpt lat="42.464508" lon="13.602812">
        <ele>1247.176170</ele>
        <time>2025-11-13T21:58:38.846Z</time>
      </trkpt>
      <trkpt lat="42.464211" lon="13.602730">
        <ele>1256.679824</ele>
        <time>2025-11-13T21:59:35.080Z</time>
      </trkpt>
      <trkpt lat="42.464010" lon="13.602624">
        <ele>1263.147589</ele>
        <time>2025-11-13T22:00:14.416Z</time>
      </trkpt>
      <trkpt lat="42.463977" lon="13.602531">
        <ele>1265.430622</ele>
        <time>2025-11-13T22:00:27.921Z</time>
      </trkpt>
      <trkpt lat="42.463815" lon="13.602513">
        <ele>1270.305052</ele>
        <time>2025-11-13T22:00:56.503Z</time>
      </trkpt>
      <trkpt lat="42.463770" lon="13.602477">
        <ele>1271.872017</ele>
        <time>2025-11-13T22:01:05.565Z</time>
      </trkpt>
      <trkpt lat="42.463500" lon="13.602457">
        <ele>1279.980992</ele>
        <time>2025-11-13T22:01:51.309Z</time>
      </trkpt>
      <trkpt lat="42.463341" lon="13.602522">
        <ele>1284.961277</ele>
        <time>2025-11-13T22:02:18.453Z</time>
      </trkpt>
      <trkpt lat="42.463033" lon="13.602586">
        <ele>1294.305624</ele>
        <time>2025-11-13T22:03:07.317Z</time>
      </trkpt>
      <trkpt lat="42.462988" lon="13.602560">
        <ele>1295.772578</ele>
        <time>2025-11-13T22:03:14.674Z</time>
      </trkpt>
      <trkpt lat="42.463057" lon="13.602317">
        <ele>1301.532922</ele>
        <time>2025-11-13T22:03:43.562Z</time>
      </trkpt>
      <trkpt lat="42.462987" lon="13.602276">
        <ele>1303.819697</ele>
        <time>2025-11-13T22:03:55.102Z</time>
      </trkpt>
      <trkpt lat="42.462773" lon="13.602395">
        <ele>1310.739563</ele>
        <time>2025-11-13T22:04:29.259Z</time>
      </trkpt>
      <trkpt lat="42.462761" lon="13.602401">
        <ele>1311.120539</ele>
        <time>2025-11-13T22:04:31.198Z</time>
      </trkpt>
      <trkpt lat="42.462708" lon="13.602382">
        <ele>1312.753487</ele>
        <time>2025-11-13T22:04:39.315Z</time>
      </trkpt>
      <trkpt lat="42.462757" lon="13.602243">
        <ele>1316.138656</ele>
        <time>2025-11-13T22:04:56.074Z</time>
      </trkpt>
      <trkpt lat="42.462758" lon="13.602147">
        <ele>1318.248356</ele>
        <time>2025-11-13T22:05:06.583Z</time>
      </trkpt>
      <trkpt lat="42.462688" lon="13.602128">
        <ele>1320.374786</ele>
        <time>2025-11-13T22:05:16.977Z</time>
      </trkpt>
      <trkpt lat="42.462563" lon="13.602250">
        <ele>1324.962774</ele>
        <time>2025-11-13T22:05:39.981Z</time>
      </trkpt>
      <trkpt lat="42.462461" lon="13.602284">
        <ele>1328.091489</ele>
        <time>2025-11-13T22:05:55.697Z</time>
      </trkpt>
      <trkpt lat="42.462661" lon="13.601867">
        <ele>1339.020887</ele>
        <time>2025-11-13T22:06:52.440Z</time>
      </trkpt>
      <trkpt lat="42.462692" lon="13.601728">
        <ele>1342.211778</ele>
        <time>2025-11-13T22:07:09.629Z</time>
      </trkpt>
      <trkpt lat="42.462637" lon="13.601674">
        <ele>1344.234609</ele>
        <time>2025-11-13T22:07:20.769Z</time>
      </trkpt>
      <trkpt lat="42.462415" lon="13.601707">
        <ele>1350.886809</ele>
        <time>2025-11-13T22:07:58.221Z</time>
      </trkpt>
      <trkpt lat="42.462233" lon="13.601803">
        <ele>1356.703888</ele>
        <time>2025-11-13T22:08:33.494Z</time>
      </trkpt>
      <trkpt lat="42.462210" lon="13.601685">
        <ele>1359.385801</ele>
        <time>2025-11-13T22:08:50.593Z</time>
      </trkpt>
      <trkpt lat="42.461964" lon="13.601824">
        <ele>1368.784712</ele>
        <time>2025-11-13T22:09:42.618Z</time>
      </trkpt>
      <trkpt lat="42.461988" lon="13.601707">
        <ele>1372.166176</ele>
        <time>2025-11-13T22:10:00.508Z</time>
      </trkpt>
      <trkpt lat="42.461959" lon="13.601702">
        <ele>1373.269583</ele>
        <time>2025-11-13T22:10:06.426Z</time>
      </trkpt>
      <trkpt lat="42.461854" lon="13.601787">
        <ele>1377.885701</ele>
        <time>2025-11-13T22:10:31.117Z</time>
      </trkpt>
      <trkpt lat="42.461789" lon="13.601784">
        <ele>1380.340510</ele>
        <time>2025-11-13T22:10:44.493Z</time>
      </trkpt>
      <trkpt lat="42.461800" lon="13.601690">
        <ele>1382.990675</ele>
        <time>2025-11-13T22:10:58.884Z</time>
      </trkpt>
      <trkpt lat="42.461687" lon="13.601674">
        <ele>1387.279000</ele>
        <time>2025-11-13T22:11:22.329Z</time>
      </trkpt>
      <trkpt lat="42.461691" lon="13.601619">
        <ele>1388.817907</ele>
        <time>2025-11-13T22:11:30.658Z</time>
      </trkpt>
      <trkpt lat="42.461654" lon="13.601616">
        <ele>1390.216947</ele>
        <time>2025-11-13T22:11:38.246Z</time>
      </trkpt>
      <trkpt lat="42.461644" lon="13.601693">
        <ele>1392.393994</ele>
        <time>2025-11-13T22:11:50.291Z</time>
      </trkpt>
      <trkpt lat="42.461599" lon="13.601750">
        <ele>1394.718649</ele>
        <time>2025-11-13T22:12:02.722Z</time>
      </trkpt>
      <trkpt lat="42.461534" lon="13.601660">
        <ele>1398.225712</ele>
        <time>2025-11-13T22:12:21.866Z</time>
      </trkpt>
      <trkpt lat="42.461537" lon="13.601576">
        <ele>1400.567450</ele>
        <time>2025-11-13T22:12:34.616Z</time>
      </trkpt>
      <trkpt lat="42.461489" lon="13.601600">
        <ele>1402.498506</ele>
        <time>2025-11-13T22:12:45.225Z</time>
      </trkpt>
      <trkpt lat="42.461442" lon="13.601578">
        <ele>1404.375287</ele>
        <time>2025-11-13T22:12:53.082Z</time>
      </trkpt>
      <trkpt lat="42.461394" lon="13.601385">
        <ele>1410.046594</ele>
        <time>2025-11-13T22:13:22.237Z</time>
      </trkpt>
      <trkpt lat="42.461339" lon="13.601513">
        <ele>1414.171281</ele>
        <time>2025-11-13T22:13:45.643Z</time>
      </trkpt>
      <trkpt lat="42.461290" lon="13.601563">
        <ele>1416.486225</ele>
        <time>2025-11-13T22:13:55.041Z</time>
      </trkpt>
      <trkpt lat="42.461245" lon="13.601451">
        <ele>1420.037429</ele>
        <time>2025-11-13T22:14:16.452Z</time>
      </trkpt>
      <trkpt lat="42.461221" lon="13.601553">
        <ele>1423.018616</ele>
        <time>2025-11-13T22:14:32.320Z</time>
      </trkpt>
      <trkpt lat="42.461168" lon="13.601580">
        <ele>1425.155684</ele>
        <time>2025-11-13T22:14:48.528Z</time>
      </trkpt>
      <trkpt lat="42.461113" lon="13.601546">
        <ele>1427.437320</ele>
        <time>2025-11-13T22:15:00.518Z</time>
      </trkpt>
      <trkpt lat="42.461061" lon="13.601368">
        <ele>1433.144489</ele>
        <time>2025-11-13T22:15:38.891Z</time>
      </trkpt>
      <trkpt lat="42.461030" lon="13.601475">
        <ele>1436.744091</ele>
        <time>2025-11-13T22:16:03.901Z</time>
      </trkpt>
      <trkpt lat="42.460985" lon="13.601534">
        <ele>1439.401404</ele>
        <time>2025-11-13T22:16:20.461Z</time>
      </trkpt>
      <trkpt lat="42.460911" lon="13.601378">
        <ele>1445.208904</ele>
        <time>2025-11-13T22:17:01.093Z</time>
      </trkpt>
      <trkpt lat="42.460910" lon="13.601378">
        <ele>1445.251349</ele>
        <time>2025-11-13T22:17:01.206Z</time>
      </trkpt>
      <trkpt lat="42.460927" lon="13.601363">
        <ele>1446.112317</ele>
        <time>2025-11-13T22:17:02.082Z</time>
      </trkpt>
      <trkpt lat="42.460891" lon="13.601192">
        <ele>1451.680618</ele>
        <time>2025-11-13T22:17:08.080Z</time>
      </trkpt>
      <trkpt lat="42.460801" lon="13.601299">
        <ele>1456.761813</ele>
        <time>2025-11-13T22:17:13.473Z</time>
      </trkpt>
      <trkpt lat="42.460803" lon="13.601428">
        <ele>1460.802106</ele>
        <time>2025-11-13T22:17:17.671Z</time>
      </trkpt>
      <trkpt lat="42.460698" lon="13.601481">
        <ele>1465.557783</ele>
        <time>2025-11-13T22:17:22.635Z</time>
      </trkpt>
      <trkpt lat="42.460603" lon="13.601363">
        <ele>1471.026955</ele>
        <time>2025-11-13T22:17:28.397Z</time>
      </trkpt>
      <trkpt lat="42.460571" lon="13.601492">
        <ele>1475.288606</ele>
        <time>2025-11-13T22:17:32.735Z</time>
      </trkpt>
      <trkpt lat="42.460516" lon="13.601481">
        <ele>1477.648344</ele>
        <time>2025-11-13T22:17:35.259Z</time>
      </trkpt>
      <trkpt lat="42.460484" lon="13.601320">
        <ele>1482.869549</ele>
        <time>2025-11-13T22:17:40.609Z</time>
      </trkpt>
      <trkpt lat="42.460413" lon="13.601599">
        <ele>1492.111131</ele>
        <time>2025-11-13T22:17:50.051Z</time>
      </trkpt>
      <trkpt lat="42.460357" lon="13.601513">
        <ele>1495.703022</ele>
        <time>2025-11-13T22:17:53.771Z</time>
      </trkpt>
      <trkpt lat="42.460273" lon="13.601482">
        <ele>1499.398167</ele>
        <time>2025-11-13T22:17:57.545Z</time>
      </trkpt>
      <trkpt lat="42.460183" lon="13.601567">
        <ele>1504.054022</ele>
        <time>2025-11-13T22:18:02.367Z</time>
      </trkpt>
      <trkpt lat="42.460239" lon="13.601582">
        <ele>1506.355848</ele>
        <time>2025-11-13T22:18:04.800Z</time>
      </trkpt>
      <trkpt lat="42.460239" lon="13.601582">
        <ele>1506.355848</ele>
        <time>2025-11-13T22:18:04.809Z</time>
      </trkpt>
      <trkpt lat="42.460218" lon="13.601720">
        <ele>1509.387102</ele>
        <time>2025-11-13T22:18:29.826Z</time>
      </trkpt>
      <trkpt lat="42.460180" lon="13.601728">
        <ele>1510.508470</ele>
        <time>2025-11-13T22:18:37.480Z</time>
      </trkpt>
      <trkpt lat="42.460132" lon="13.601940">
        <ele>1515.279123</ele>
        <time>2025-11-13T22:19:10.233Z</time>
      </trkpt>
      <trkpt lat="42.460094" lon="13.601954">
        <ele>1516.427407</ele>
        <time>2025-11-13T22:19:17.256Z</time>
      </trkpt>
      <trkpt lat="42.460019" lon="13.601852">
        <ele>1519.525465</ele>
        <time>2025-11-13T22:19:36.745Z</time>
      </trkpt>
      <trkpt lat="42.459973" lon="13.602071">
        <ele>1524.424000</ele>
        <time>2025-11-13T22:20:02.816Z</time>
      </trkpt>
      <trkpt lat="42.459922" lon="13.602134">
        <ele>1526.436093</ele>
        <time>2025-11-13T22:20:13.388Z</time>
      </trkpt>
      <trkpt lat="42.459934" lon="13.602262">
        <ele>1529.211879</ele>
        <time>2025-11-13T22:20:27.161Z</time>
      </trkpt>
      <trkpt lat="42.459890" lon="13.602380">
        <ele>1532.056217</ele>
        <time>2025-11-13T22:20:41.293Z</time>
      </trkpt>
      <trkpt lat="42.459819" lon="13.602447">
        <ele>1534.578901</ele>
        <time>2025-11-13T22:20:53.145Z</time>
      </trkpt>
      <trkpt lat="42.459786" lon="13.602392">
        <ele>1536.104013</ele>
        <time>2025-11-13T22:20:59.790Z</time>
      </trkpt>
      <trkpt lat="42.459756" lon="13.602189">
        <ele>1540.557885</ele>
        <time>2025-11-13T22:21:17.903Z</time>
      </trkpt>
      <trkpt lat="42.459606" lon="13.602179">
        <ele>1544.937183</ele>
        <time>2025-11-13T22:21:40.233Z</time>
      </trkpt>
      <trkpt lat="42.459590" lon="13.602238">
        <ele>1546.289481</ele>
        <time>2025-11-13T22:21:47.156Z</time>
      </trkpt>
      <trkpt lat="42.459640" lon="13.602325">
        <ele>1548.661981</ele>
        <time>2025-11-13T22:21:58.935Z</time>
      </trkpt>
      <trkpt lat="42.459611" lon="13.602397">
        <ele>1550.426719</ele>
        <time>2025-11-13T22:22:07.645Z</time>
      </trkpt>
      <trkpt lat="42.459544" lon="13.602387">
        <ele>1552.392252</ele>
        <time>2025-11-13T22:22:17.191Z</time>
      </trkpt>
      <trkpt lat="42.459431" lon="13.602028">
        <ele>1560.508685</ele>
        <time>2025-11-13T22:22:58.646Z</time>
      </trkpt>
      <trkpt lat="42.459479" lon="13.601857">
        <ele>1563.954436</ele>
        <time>2025-11-13T22:23:18.835Z</time>
      </trkpt>
      <trkpt lat="42.459585" lon="13.601704">
        <ele>1567.907331</ele>
        <time>2025-11-13T22:23:42.503Z</time>
      </trkpt>
      <trkpt lat="42.459630" lon="13.601589">
        <ele>1570.358966</ele>
        <time>2025-11-13T22:23:57.243Z</time>
      </trkpt>
      <trkpt lat="42.459665" lon="13.601067">
        <ele>1580.230506</ele>
        <time>2025-11-13T22:24:55.782Z</time>
      </trkpt>
      <trkpt lat="42.459713" lon="13.600869">
        <ele>1584.155675</ele>
        <time>2025-11-13T22:25:18.161Z</time>
      </trkpt>
      <trkpt lat="42.459733" lon="13.600241">
        <ele>1595.994035</ele>
        <time>2025-11-13T22:26:21.751Z</time>
      </trkpt>
      <trkpt lat="42.459680" lon="13.600138">
        <ele>1598.359100</ele>
        <time>2025-11-13T22:26:33.878Z</time>
      </trkpt>
      <trkpt lat="42.459661" lon="13.600027">
        <ele>1600.505134</ele>
        <time>2025-11-13T22:26:44.756Z</time>
      </trkpt>
      <trkpt lat="42.459595" lon="13.600058">
        <ele>1602.288272</ele>
        <time>2025-11-13T22:26:53.839Z</time>
      </trkpt>
      <trkpt lat="42.459509" lon="13.600231">
        <ele>1606.198152</ele>
        <time>2025-11-13T22:27:14.218Z</time>
      </trkpt>
      <trkpt lat="42.459485" lon="13.600118">
        <ele>1608.388978</ele>
        <time>2025-11-13T22:27:25.825Z</time>
      </trkpt>
      <trkpt lat="42.459558" lon="13.599816">
        <ele>1614.309895</ele>
        <time>2025-11-13T22:27:57.760Z</time>
      </trkpt>
      <trkpt lat="42.459478" lon="13.599654">
        <ele>1617.941897</ele>
        <time>2025-11-13T22:28:17.390Z</time>
      </trkpt>
      <trkpt lat="42.459473" lon="13.599458">
        <ele>1621.595784</ele>
        <time>2025-11-13T22:28:37.463Z</time>
      </trkpt>
      <trkpt lat="42.459400" lon="13.599291">
        <ele>1625.212335</ele>
        <time>2025-11-13T22:28:57.428Z</time>
      </trkpt>
      <trkpt lat="42.459626" lon="13.599261">
        <ele>1630.947007</ele>
        <time>2025-11-13T22:29:30.301Z</time>
      </trkpt>
      <trkpt lat="42.459672" lon="13.599098">
        <ele>1634.198478</ele>
        <time>2025-11-13T22:29:49.689Z</time>
      </trkpt>
      <trkpt lat="42.459590" lon="13.599041">
        <ele>1636.525721</ele>
        <time>2025-11-13T22:30:03.044Z</time>
      </trkpt>
      <trkpt lat="42.459528" lon="13.598910">
        <ele>1639.425452</ele>
        <time>2025-11-13T22:30:20.106Z</time>
      </trkpt>
      <trkpt lat="42.459589" lon="13.598800">
        <ele>1641.989283</ele>
        <time>2025-11-13T22:30:34.997Z</time>
      </trkpt>
      <trkpt lat="42.459600" lon="13.598686">
        <ele>1644.131319</ele>
        <time>2025-11-13T22:30:46.577Z</time>
      </trkpt>
      <trkpt lat="42.459522" lon="13.598604">
        <ele>1646.624136</ele>
        <time>2025-11-13T22:31:01.122Z</time>
      </trkpt>
      <trkpt lat="42.459632" lon="13.598256">
        <ele>1653.970694</ele>
        <time>2025-11-13T22:31:41.004Z</time>
      </trkpt>
      <trkpt lat="42.459579" lon="13.598202">
        <ele>1655.774139</ele>
        <time>2025-11-13T22:31:50.102Z</time>
      </trkpt>
      <trkpt lat="42.459601" lon="13.598015">
        <ele>1659.574056</ele>
        <time>2025-11-13T22:32:10.412Z</time>
      </trkpt>
      <trkpt lat="42.459595" lon="13.597851">
        <ele>1662.869065</ele>
        <time>2025-11-13T22:32:31.603Z</time>
      </trkpt>
      <trkpt lat="42.459551" lon="13.597831">
        <ele>1664.131363</ele>
        <time>2025-11-13T22:32:39.142Z</time>
      </trkpt>
      <trkpt lat="42.459604" lon="13.597627">
        <ele>1668.471421</ele>
        <time>2025-11-13T22:33:07.089Z</time>
      </trkpt>
      <trkpt lat="42.459574" lon="13.597554">
        <ele>1670.148242</ele>
        <time>2025-11-13T22:33:18.666Z</time>
      </trkpt>
      <trkpt lat="42.459487" lon="13.597527">
        <ele>1672.575871</ele>
        <time>2025-11-13T22:33:34.598Z</time>
      </trkpt>
      <trkpt lat="42.459447" lon="13.597653">
        <ele>1675.328451</ele>
        <time>2025-11-13T22:33:54.136Z</time>
      </trkpt>
      <trkpt lat="42.459361" lon="13.597460">
        <ele>1679.852975</ele>
        <time>2025-11-13T22:34:24.745Z</time>
      </trkpt>
      <trkpt lat="42.459216" lon="13.597334">
        <ele>1684.537853</ele>
        <time>2025-11-13T22:34:56.150Z</time>
      </trkpt>
      <trkpt lat="42.458869" lon="13.597519">
        <ele>1694.680092</ele>
        <time>2025-11-13T22:36:01.943Z</time>
      </trkpt>
      <trkpt lat="42.458830" lon="13.597648">
        <ele>1697.477668</ele>
        <time>2025-11-13T22:36:19.394Z</time>
      </trkpt>
      <trkpt lat="42.458695" lon="13.597760">
        <ele>1702.050978</ele>
        <time>2025-11-13T22:36:46.579Z</time>
      </trkpt>
      <trkpt lat="42.458669" lon="13.597873">
        <ele>1704.639785</ele>
        <time>2025-11-13T22:37:01.844Z</time>
      </trkpt>
      <trkpt lat="42.458620" lon="13.597889">
        <ele>1706.133935</ele>
        <time>2025-11-13T22:37:10.678Z</time>
      </trkpt>
      <trkpt lat="42.458509" lon="13.597854">
        <ele>1709.512367</ele>
        <time>2025-11-13T22:37:31.035Z</time>
      </trkpt>
      <trkpt lat="42.458410" lon="13.597911">
        <ele>1712.700997</ele>
        <time>2025-11-13T22:37:50.615Z</time>
      </trkpt>
      <trkpt lat="42.458301" lon="13.598021">
        <ele>1716.729529</ele>
        <time>2025-11-13T22:38:16.221Z</time>
      </trkpt>
      <trkpt lat="42.458182" lon="13.598045">
        <ele>1720.296094</ele>
        <time>2025-11-13T22:38:39.589Z</time>
      </trkpt>
      <trkpt lat="42.458067" lon="13.598032">
        <ele>1723.717078</ele>
        <time>2025-11-13T22:39:02.192Z</time>
      </trkpt>
      <trkpt lat="42.458016" lon="13.597879">
        <ele>1727.389045</ele>
        <time>2025-11-13T22:39:26.806Z</time>
      </trkpt>
      <trkpt lat="42.457875" lon="13.597852">
        <ele>1731.610464</ele>
        <time>2025-11-13T22:39:55.236Z</time>
      </trkpt>
      <trkpt lat="42.457847" lon="13.597892">
        <ele>1732.816426</ele>
        <time>2025-11-13T22:40:03.353Z</time>
      </trkpt>
      <trkpt lat="42.457812" lon="13.597881">
        <ele>1733.881520</ele>
        <time>2025-11-13T22:40:10.649Z</time>
      </trkpt>
      <trkpt lat="42.457768" lon="13.597763">
        <ele>1736.773214</ele>
        <time>2025-11-13T22:40:30.006Z</time>
      </trkpt>
      <trkpt lat="42.457707" lon="13.597897">
        <ele>1740.216946</ele>
        <time>2025-11-13T22:40:53.154Z</time>
      </trkpt>
      <trkpt lat="42.457602" lon="13.597833">
        <ele>1743.629895</ele>
        <time>2025-11-13T22:41:16.280Z</time>
      </trkpt>
      <trkpt lat="42.457556" lon="13.597951">
        <ele>1746.548821</ele>
        <time>2025-11-13T22:41:36.131Z</time>
      </trkpt>
      <trkpt lat="42.457507" lon="13.597975">
        <ele>1748.093346</ele>
        <time>2025-11-13T22:41:46.801Z</time>
      </trkpt>
      <trkpt lat="42.457416" lon="13.597929">
        <ele>1750.972520</ele>
        <time>2025-11-13T22:42:06.390Z</time>
      </trkpt>
      <trkpt lat="42.457283" lon="13.598061">
        <ele>1755.839499</ele>
        <time>2025-11-13T22:42:39.670Z</time>
      </trkpt>
      <trkpt lat="42.457144" lon="13.598109">
        <ele>1760.069285</ele>
        <time>2025-11-13T22:43:08.826Z</time>
      </trkpt>
      <trkpt lat="42.456984" lon="13.598077">
        <ele>1764.838474</ele>
        <time>2025-11-13T22:43:41.705Z</time>
      </trkpt>
      <trkpt lat="42.456938" lon="13.598096">
        <ele>1766.256514</ele>
        <time>2025-11-13T22:43:51.292Z</time>
      </trkpt>
      <trkpt lat="42.456968" lon="13.598260">
        <ele>1769.932515</ele>
        <time>2025-11-13T22:44:16.183Z</time>
      </trkpt>
      <trkpt lat="42.456881" lon="13.598211">
        <ele>1772.710655</ele>
        <time>2025-11-13T22:44:34.839Z</time>
      </trkpt>
      <trkpt lat="42.456843" lon="13.598233">
        <ele>1773.929145</ele>
        <time>2025-11-13T22:44:42.965Z</time>
      </trkpt>
      <trkpt lat="42.456857" lon="13.598348">
        <ele>1776.464909</ele>
        <time>2025-11-13T22:44:59.865Z</time>
      </trkpt>
      <trkpt lat="42.456778" lon="13.598375">
        <ele>1778.867389</ele>
        <time>2025-11-13T22:45:15.700Z</time>
      </trkpt>
      <trkpt lat="42.456374" lon="13.598024">
        <ele>1793.017957</ele>
        <time>2025-11-13T22:46:44.944Z</time>
      </trkpt>
      <trkpt lat="42.456338" lon="13.598034">
        <ele>1794.101595</ele>
        <time>2025-11-13T22:46:51.461Z</time>
      </trkpt>
      <trkpt lat="42.456358" lon="13.598166">
        <ele>1797.033333</ele>
        <time>2025-11-13T22:47:09.366Z</time>
      </trkpt>
      <trkpt lat="42.456211" lon="13.597999">
        <ele>1802.689373</ele>
        <time>2025-11-13T22:47:43.856Z</time>
      </trkpt>
      <trkpt lat="42.456134" lon="13.597844">
        <ele>1806.616773</ele>
        <time>2025-11-13T22:48:08.947Z</time>
      </trkpt>
      <trkpt lat="42.455904" lon="13.597527">
        <ele>1815.453135</ele>
        <time>2025-11-13T22:49:07.005Z</time>
      </trkpt>
      <trkpt lat="42.455710" lon="13.597205">
        <ele>1823.715528</ele>
        <time>2025-11-13T22:50:00.225Z</time>
      </trkpt>
      <trkpt lat="42.455698" lon="13.597339">
        <ele>1826.398310</ele>
        <time>2025-11-13T22:50:17.288Z</time>
      </trkpt>
      <trkpt lat="42.455641" lon="13.597256">
        <ele>1828.651952</ele>
        <time>2025-11-13T22:50:31.654Z</time>
      </trkpt>
      <trkpt lat="42.455631" lon="13.597355">
        <ele>1830.637923</ele>
        <time>2025-11-13T22:50:44.294Z</time>
      </trkpt>
      <trkpt lat="42.455542" lon="13.597172">
        <ele>1834.994130</ele>
        <time>2025-11-13T22:51:11.980Z</time>
      </trkpt>
      <trkpt lat="42.455506" lon="13.597224">
        <ele>1836.411371</ele>
        <time>2025-11-13T22:51:20.871Z</time>
      </trkpt>
      <trkpt lat="42.455480" lon="13.597202">
        <ele>1837.237042</ele>
        <time>2025-11-13T22:51:26.101Z</time>
      </trkpt>
      <trkpt lat="42.455401" lon="13.596979">
        <ele>1842.153598</ele>
        <time>2025-11-13T22:51:57.645Z</time>
      </trkpt>
      <trkpt lat="42.455381" lon="13.597052">
        <ele>1843.701274</ele>
        <time>2025-11-13T22:52:07.530Z</time>
      </trkpt>
      <trkpt lat="42.455344" lon="13.597070">
        <ele>1844.760242</ele>
        <time>2025-11-13T22:52:14.593Z</time>
      </trkpt>
      <trkpt lat="42.455269" lon="13.596872">
        <ele>1849.183821</ele>
        <time>2025-11-13T22:52:43.791Z</time>
      </trkpt>
      <trkpt lat="42.455094" lon="13.596711">
        <ele>1854.694815</ele>
        <time>2025-11-13T22:53:21.805Z</time>
      </trkpt>
      <trkpt lat="42.455043" lon="13.596724">
        <ele>1855.887388</ele>
        <time>2025-11-13T22:53:31.332Z</time>
      </trkpt>
      <trkpt lat="42.454999" lon="13.596700">
        <ele>1856.977359</ele>
        <time>2025-11-13T22:53:39.895Z</time>
      </trkpt>
      <trkpt lat="42.454950" lon="13.596558">
        <ele>1859.635354</ele>
        <time>2025-11-13T22:54:00.769Z</time>
      </trkpt>
      <trkpt lat="42.454789" lon="13.596322">
        <ele>1865.085259</ele>
        <time>2025-11-13T22:54:41.872Z</time>
      </trkpt>
      <trkpt lat="42.454658" lon="13.596198">
        <ele>1868.757255</ele>
        <time>2025-11-13T22:55:08.268Z</time>
      </trkpt>
      <trkpt lat="42.454623" lon="13.596227">
        <ele>1869.699980</ele>
        <time>2025-11-13T22:55:15.027Z</time>
      </trkpt>
      <trkpt lat="42.454637" lon="13.596311">
        <ele>1871.160135</ele>
        <time>2025-11-13T22:55:25.190Z</time>
      </trkpt>
      <trkpt lat="42.454619" lon="13.596338">
        <ele>1871.777138</ele>
        <time>2025-11-13T22:55:29.457Z</time>
      </trkpt>
      <trkpt lat="42.454494" lon="13.596227">
        <ele>1875.211392</ele>
        <time>2025-11-13T22:55:53.083Z</time>
      </trkpt>
      <trkpt lat="42.454496" lon="13.596370">
        <ele>1877.636481</ele>
        <time>2025-11-13T22:56:09.515Z</time>
      </trkpt>
      <trkpt lat="42.454395" lon="13.596238">
        <ele>1880.860865</ele>
        <time>2025-11-13T22:56:31.347Z</time>
      </trkpt>
      <trkpt lat="42.454383" lon="13.596348">
        <ele>1882.746264</ele>
        <time>2025-11-13T22:56:44.109Z</time>
      </trkpt>
      <trkpt lat="42.454328" lon="13.596252">
        <ele>1884.807117</ele>
        <time>2025-11-13T22:56:58.224Z</time>
      </trkpt>
      <trkpt lat="42.454306" lon="13.596284">
        <ele>1885.548740</ele>
        <time>2025-11-13T22:57:03.197Z</time>
      </trkpt>
      <trkpt lat="42.454312" lon="13.596437">
        <ele>1888.146620</ele>
        <time>2025-11-13T22:57:20.870Z</time>
      </trkpt>
      <trkpt lat="42.454351" lon="13.596523">
        <ele>1889.858222</ele>
        <time>2025-11-13T22:57:32.046Z</time>
      </trkpt>
      <trkpt lat="42.454282" lon="13.596501">
        <ele>1891.487189</ele>
        <time>2025-11-13T22:57:42.179Z</time>
      </trkpt>
      <trkpt lat="42.454195" lon="13.596437">
        <ele>1893.762037</ele>
        <time>2025-11-13T22:57:55.321Z</time>
      </trkpt>
      <trkpt lat="42.454157" lon="13.596364">
        <ele>1895.135893</ele>
        <time>2025-11-13T22:58:03.500Z</time>
      </trkpt>
      <trkpt lat="42.454088" lon="13.596346">
        <ele>1896.063560</ele>
        <time>2025-11-13T22:58:11.828Z</time>
      </trkpt>
      <trkpt lat="42.453959" lon="13.596244">
        <ele>1898.035265</ele>
        <time>2025-11-13T22:58:27.795Z</time>
      </trkpt>
      <trkpt lat="42.453927" lon="13.596166">
        <ele>1898.904602</ele>
        <time>2025-11-13T22:58:34.186Z</time>
      </trkpt>
      <trkpt lat="42.453880" lon="13.596131">
        <ele>1899.612593</ele>
        <time>2025-11-13T22:58:39.258Z</time>
      </trkpt>
      <trkpt lat="42.453574" lon="13.595668">
        <ele>1905.667384</ele>
        <time>2025-11-13T22:59:22.638Z</time>
      </trkpt>
      <trkpt lat="42.453514" lon="13.595879">
        <ele>1907.870066</ele>
        <time>2025-11-13T22:59:33.850Z</time>
      </trkpt>
      <trkpt lat="42.453439" lon="13.595992">
        <ele>1909.350604</ele>
        <time>2025-11-13T22:59:41.678Z</time>
      </trkpt>
      <trkpt lat="42.453398" lon="13.596117">
        <ele>1910.683107</ele>
        <time>2025-11-13T22:59:48.820Z</time>
      </trkpt>
      <trkpt lat="42.453272" lon="13.596226">
        <ele>1912.656543</ele>
        <time>2025-11-13T22:59:59.390Z</time>
      </trkpt>
      <trkpt lat="42.453178" lon="13.596225">
        <ele>1913.897581</ele>
        <time>2025-11-13T23:00:06.069Z</time>
      </trkpt>
      <trkpt lat="42.453128" lon="13.596135">
        <ele>1914.994992</ele>
        <time>2025-11-13T23:00:18.114Z</time>
      </trkpt>
      <trkpt lat="42.453261" lon="13.595876">
        <ele>1918.068772</ele>
        <time>2025-11-13T23:00:51.627Z</time>
      </trkpt>
      <trkpt lat="42.453223" lon="13.595820">
        <ele>1918.900385</ele>
        <time>2025-11-13T23:00:59.769Z</time>
      </trkpt>
      <trkpt lat="42.453174" lon="13.595614">
        <ele>1922.620391</ele>
        <time>2025-11-13T23:01:22.943Z</time>
      </trkpt>
      <trkpt lat="42.453151" lon="13.595590">
        <ele>1923.296555</ele>
        <time>2025-11-13T23:01:27.176Z</time>
      </trkpt>
      <trkpt lat="42.453160" lon="13.595529">
        <ele>1924.365732</ele>
        <time>2025-11-13T23:01:33.873Z</time>
      </trkpt>
      <trkpt lat="42.453101" lon="13.595463">
        <ele>1926.147765</ele>
        <time>2025-11-13T23:01:46.109Z</time>
      </trkpt>
      <trkpt lat="42.453150" lon="13.595353">
        <ele>1928.356201</ele>
        <time>2025-11-13T23:02:01.633Z</time>
      </trkpt>
      <trkpt lat="42.453055" lon="13.595184">
        <ele>1932.007794</ele>
        <time>2025-11-13T23:02:30.658Z</time>
      </trkpt>
      <trkpt lat="42.452984" lon="13.595143">
        <ele>1933.805554</ele>
        <time>2025-11-13T23:02:46.953Z</time>
      </trkpt>
      <trkpt lat="42.452977" lon="13.594973">
        <ele>1936.731936</ele>
        <time>2025-11-13T23:03:16.096Z</time>
      </trkpt>
      <trkpt lat="42.452971" lon="13.594656">
        <ele>1942.182093</ele>
        <time>2025-11-13T23:04:13.710Z</time>
      </trkpt>
      <trkpt lat="42.453033" lon="13.594466">
        <ele>1945.752788</ele>
        <time>2025-11-13T23:04:52.074Z</time>
      </trkpt>
      <trkpt lat="42.453044" lon="13.594279">
        <ele>1948.977002</ele>
        <time>2025-11-13T23:05:28.111Z</time>
      </trkpt>
      <trkpt lat="42.453110" lon="13.593929">
        <ele>1955.185893</ele>
        <time>2025-11-13T23:06:40.956Z</time>
      </trkpt>
      <trkpt lat="42.453100" lon="13.593721">
        <ele>1958.768419</ele>
        <time>2025-11-13T23:07:24.887Z</time>
      </trkpt>
      <trkpt lat="42.453119" lon="13.593423">
        <ele>1964.799478</ele>
        <time>2025-11-13T23:08:29.700Z</time>
      </trkpt>
      <trkpt lat="42.453080" lon="13.592918">
        <ele>1975.866593</ele>
        <time>2025-11-13T23:10:21.556Z</time>
      </trkpt>
      <trkpt lat="42.453136" lon="13.592691">
        <ele>1981.083519</ele>
        <time>2025-11-13T23:11:13.597Z</time>
      </trkpt>
      <trkpt lat="42.453343" lon="13.592330">
        <ele>1991.048613</ele>
        <time>2025-11-13T23:12:50.695Z</time>
      </trkpt>
      <trkpt lat="42.453417" lon="13.592250">
        <ele>1993.844868</ele>
        <time>2025-11-13T23:13:16.889Z</time>
      </trkpt>
      <trkpt lat="42.453469" lon="13.591960">
        <ele>2000.349656</ele>
        <time>2025-11-13T23:14:16.588Z</time>
      </trkpt>
      <trkpt lat="42.453399" lon="13.591096">
        <ele>2018.833742</ele>
        <time>2025-11-13T23:16:59.681Z</time>
      </trkpt>
      <trkpt lat="42.453416" lon="13.590973">
        <ele>2021.335712</ele>
        <time>2025-11-13T23:17:22.117Z</time>
      </trkpt>
      <trkpt lat="42.453390" lon="13.590554">
        <ele>2029.742548</ele>
        <time>2025-11-13T23:18:36.394Z</time>
      </trkpt>
      <trkpt lat="42.453311" lon="13.590139">
        <ele>2038.311550</ele>
        <time>2025-11-13T23:19:52.857Z</time>
      </trkpt>
      <trkpt lat="42.453294" lon="13.589904">
        <ele>2043.032551</ele>
        <time>2025-11-13T23:20:35.736Z</time>
      </trkpt>
      <trkpt lat="42.453003" lon="13.589110">
        <ele>2060.758014</ele>
        <time>2025-11-13T23:23:23.658Z</time>
      </trkpt>
      <trkpt lat="42.452715" lon="13.587654">
        <ele>2094.924357</ele>
        <time>2025-11-13T23:28:35.608Z</time>
      </trkpt>
      <trkpt lat="42.452734" lon="13.587226">
        <ele>2104.711428</ele>
        <time>2025-11-13T23:30:10.065Z</time>
      </trkpt>
      <trkpt lat="42.452873" lon="13.586655">
        <ele>2118.456052</ele>
        <time>2025-11-13T23:32:27.013Z</time>
      </trkpt>
      <trkpt lat="42.452891" lon="13.586368">
        <ele>2125.430235</ele>
        <time>2025-11-13T23:33:34.455Z</time>
      </trkpt>
      <trkpt lat="42.452873" lon="13.586144">
        <ele>2130.886012</ele>
        <time>2025-11-13T23:34:27.669Z</time>
      </trkpt>
      <trkpt lat="42.452884" lon="13.585928">
        <ele>2136.128457</ele>
        <time>2025-11-13T23:35:18.910Z</time>
      </trkpt>
      <trkpt lat="42.452973" lon="13.585179">
        <ele>2154.497635</ele>
        <time>2025-11-13T23:38:16.536Z</time>
      </trkpt>
      <trkpt lat="42.452993" lon="13.585108">
        <ele>2156.337779</ele>
        <time>2025-11-13T23:38:34.015Z</time>
      </trkpt>
      <trkpt lat="42.453112" lon="13.584984">
        <ele>2161.263687</ele>
        <time>2025-11-13T23:39:20.123Z</time>
      </trkpt>
      <trkpt lat="42.453226" lon="13.584919">
        <ele>2165.322322</ele>
        <time>2025-11-13T23:39:57.373Z</time>
      </trkpt>
      <trkpt lat="42.453346" lon="13.584772">
        <ele>2170.630433</ele>
        <time>2025-11-13T23:40:45.710Z</time>
      </trkpt>
      <trkpt lat="42.453384" lon="13.584667">
        <ele>2173.462140</ele>
        <time>2025-11-13T23:41:10.898Z</time>
      </trkpt>
      <trkpt lat="42.453367" lon="13.584368">
        <ele>2180.781235</ele>
        <time>2025-11-13T23:42:15.303Z</time>
      </trkpt>
      <trkpt lat="42.453295" lon="13.584015">
        <ele>2189.792084</ele>
        <time>2025-11-13T23:43:34.163Z</time>
      </trkpt>
      <trkpt lat="42.453275" lon="13.583768">
        <ele>2195.905685</ele>
        <time>2025-11-13T23:44:28.577Z</time>
      </trkpt>
      <trkpt lat="42.453296" lon="13.583431">
        <ele>2204.226651</ele>
        <time>2025-11-13T23:45:43.923Z</time>
      </trkpt>
      <trkpt lat="42.453410" lon="13.582898">
        <ele>2217.880288</ele>
        <time>2025-11-13T23:47:52.088Z</time>
      </trkpt>
      <trkpt lat="42.453548" lon="13.581330">
        <ele>2256.427121</ele>
        <time>2025-11-13T23:54:23.371Z</time>
      </trkpt>
      <trkpt lat="42.453628" lon="13.581085">
        <ele>2262.916429</ele>
        <time>2025-11-13T23:55:29.630Z</time>
      </trkpt>
      <trkpt lat="42.453572" lon="13.580503">
        <ele>2277.132426</ele>
        <time>2025-11-13T23:57:47.991Z</time>
      </trkpt>
      <trkpt lat="42.453599" lon="13.579891">
        <ele>2291.982169</ele>
        <time>2025-11-13T23:59:59.110Z</time>
      </trkpt>
      <trkpt lat="42.453689" lon="13.579485">
        <ele>2299.642776</ele>
        <time>2025-11-14T00:01:20.395Z</time>
      </trkpt>
      <trkpt lat="42.453803" lon="13.579236">
        <ele>2303.705336</ele>
        <time>2025-11-14T00:02:12.642Z</time>
      </trkpt>
      <trkpt lat="42.453932" lon="13.578768">
        <ele>2310.631364</ele>
        <time>2025-11-14T00:03:34.098Z</time>
      </trkpt>
      <trkpt lat="42.454011" lon="13.578570">
        <ele>2313.751951</ele>
        <time>2025-11-14T00:04:06.345Z</time>
      </trkpt>
      <trkpt lat="42.454085" lon="13.578265">
        <ele>2318.203007</ele>
        <time>2025-11-14T00:04:48.497Z</time>
      </trkpt>
      <trkpt lat="42.454101" lon="13.578097">
        <ele>2320.551365</ele>
        <time>2025-11-14T00:05:09.003Z</time>
      </trkpt>
      <trkpt lat="42.453957" lon="13.577826">
        <ele>2325.181219</ele>
        <time>2025-11-14T00:05:46.397Z</time>
      </trkpt>
      <trkpt lat="42.453829" lon="13.577025">
        <ele>2330.185748</ele>
        <time>2025-11-14T00:06:58.616Z</time>
      </trkpt>
      <trkpt lat="42.453694" lon="13.576759">
        <ele>2330.346672</ele>
        <time>2025-11-14T00:07:21.385Z</time>
      </trkpt>
      <trkpt lat="42.453694" lon="13.576622">
        <ele>2330.414959</ele>
        <time>2025-11-14T00:07:30.266Z</time>
      </trkpt>
      <trkpt lat="42.453725" lon="13.576458">
        <ele>2330.499344</ele>
        <time>2025-11-14T00:07:40.768Z</time>
      </trkpt>
      <trkpt lat="42.453681" lon="13.575958">
        <ele>2330.750332</ele>
        <time>2025-11-14T00:08:10.117Z</time>
      </trkpt>
      <trkpt lat="42.453546" lon="13.575621">
        <ele>2330.941470</ele>
        <time>2025-11-14T00:08:31.172Z</time>
      </trkpt>
      <trkpt lat="42.453481" lon="13.575363">
        <ele>2331.077359</ele>
        <time>2025-11-14T00:08:45.695Z</time>
      </trkpt>
      <trkpt lat="42.453443" lon="13.575323">
        <ele>2331.109863</ele>
        <time>2025-11-14T00:08:49.074Z</time>
      </trkpt>
      <trkpt lat="42.453372" lon="13.575176">
        <ele>2331.097366</ele>
        <time>2025-11-14T00:08:58.232Z</time>
      </trkpt>
      <trkpt lat="42.453207" lon="13.574837">
        <ele>2330.698670</ele>
        <time>2025-11-14T00:09:19.473Z</time>
      </trkpt>
      <trkpt lat="42.453150" lon="13.574577">
        <ele>2330.432392</ele>
        <time>2025-11-14T00:09:33.691Z</time>
      </trkpt>
      <trkpt lat="42.453060" lon="13.574302">
        <ele>2330.137050</ele>
        <time>2025-11-14T00:09:49.601Z</time>
      </trkpt>
      <trkpt lat="42.453053" lon="13.574021">
        <ele>2329.861027</ele>
        <time>2025-11-14T00:10:04.849Z</time>
      </trkpt>
      <trkpt lat="42.453124" lon="13.574004">
        <ele>2329.765094</ele>
        <time>2025-11-14T00:10:10.278Z</time>
      </trkpt>
      <trkpt lat="42.453177" lon="13.573921">
        <ele>2329.657332</ele>
        <time>2025-11-14T00:10:16.552Z</time>
      </trkpt>
      <trkpt lat="42.453336" lon="13.573040">
        <ele>2328.819375</ele>
        <time>2025-11-14T00:11:16.815Z</time>
      </trkpt>
      <trkpt lat="42.453367" lon="13.572702">
        <ele>2333.357021</ele>
        <time>2025-11-14T00:11:46.943Z</time>
      </trkpt>
      <trkpt lat="42.453495" lon="13.572517">
        <ele>2336.735808</ele>
        <time>2025-11-14T00:12:13.193Z</time>
      </trkpt>
      <trkpt lat="42.453584" lon="13.572488">
        <ele>2338.388612</ele>
        <time>2025-11-14T00:12:26.789Z</time>
      </trkpt>
      <trkpt lat="42.453794" lon="13.571975">
        <ele>2346.204415</ele>
        <time>2025-11-14T00:13:39.927Z</time>
      </trkpt>
      <trkpt lat="42.453780" lon="13.571880">
        <ele>2347.495038</ele>
        <time>2025-11-14T00:13:54.283Z</time>
      </trkpt>
      <trkpt lat="42.453732" lon="13.571823">
        <ele>2348.647351</ele>
        <time>2025-11-14T00:14:07.346Z</time>
      </trkpt>
      <trkpt lat="42.453715" lon="13.571640">
        <ele>2351.104594</ele>
        <time>2025-11-14T00:14:37.833Z</time>
      </trkpt>
      <trkpt lat="42.453750" lon="13.571220">
        <ele>2356.735567</ele>
        <time>2025-11-14T00:15:52.978Z</time>
      </trkpt>
      <trkpt lat="42.453852" lon="13.571040">
        <ele>2359.759232</ele>
        <time>2025-11-14T00:16:36.727Z</time>
      </trkpt>
      <trkpt lat="42.453894" lon="13.570880">
        <ele>2362.518771</ele>
        <time>2025-11-14T00:17:10.877Z</time>
      </trkpt>
      <trkpt lat="42.453996" lon="13.570683">
        <ele>2367.783454</ele>
        <time>2025-11-14T00:18:00.857Z</time>
      </trkpt>
      <trkpt lat="42.454301" lon="13.570455">
        <ele>2378.110540</ele>
        <time>2025-11-14T00:19:43.518Z</time>
      </trkpt>
      <trkpt lat="42.454720" lon="13.570081">
        <ele>2392.985331</ele>
        <time>2025-11-14T00:22:18.194Z</time>
      </trkpt>
      <trkpt lat="42.454948" lon="13.570001">
        <ele>2399.968069</ele>
        <time>2025-11-14T00:23:29.340Z</time>
      </trkpt>
      <trkpt lat="42.455151" lon="13.569885">
        <ele>2406.499787</ele>
        <time>2025-11-14T00:24:31.685Z</time>
      </trkpt>
      <trkpt lat="42.455232" lon="13.569738">
        <ele>2410.513211</ele>
        <time>2025-11-14T00:25:07.802Z</time>
      </trkpt>
      <trkpt lat="42.455365" lon="13.569570">
        <ele>2415.314806</ele>
        <time>2025-11-14T00:25:53.198Z</time>
      </trkpt>
      <trkpt lat="42.455423" lon="13.569397">
        <ele>2417.629952</ele>
        <time>2025-11-14T00:26:25.861Z</time>
      </trkpt>
      <trkpt lat="42.455621" lon="13.569019">
        <ele>2423.277929</ele>
        <time>2025-11-14T00:27:41.982Z</time>
      </trkpt>
      <trkpt lat="42.455893" lon="13.568703">
        <ele>2429.193722</ele>
        <time>2025-11-14T00:28:49.609Z</time>
      </trkpt>
      <trkpt lat="42.456002" lon="13.568634">
        <ele>2431.180297</ele>
        <time>2025-11-14T00:29:09.991Z</time>
      </trkpt>
      <trkpt lat="42.456025" lon="13.568560">
        <ele>2432.158601</ele>
        <time>2025-11-14T00:29:19.352Z</time>
      </trkpt>
      <trkpt lat="42.456100" lon="13.568583">
        <ele>2433.428396</ele>
        <time>2025-11-14T00:29:31.648Z</time>
      </trkpt>
      <trkpt lat="42.456228" lon="13.568571">
        <ele>2435.547137</ele>
        <time>2025-11-14T00:29:50.731Z</time>
      </trkpt>
      <trkpt lat="42.456279" lon="13.568518">
        <ele>2436.608365</ele>
        <time>2025-11-14T00:29:59.825Z</time>
      </trkpt>
      <trkpt lat="42.456370" lon="13.568567">
        <ele>2438.225307</ele>
        <time>2025-11-14T00:30:13.908Z</time>
      </trkpt>
      <trkpt lat="42.456457" lon="13.568278">
        <ele>2442.028096</ele>
        <time>2025-11-14T00:30:41.976Z</time>
      </trkpt>
      <trkpt lat="42.456605" lon="13.568000">
        <ele>2444.016253</ele>
        <time>2025-11-14T00:31:09.181Z</time>
      </trkpt>
      <trkpt lat="42.457045" lon="13.567559">
        <ele>2442.798567</ele>
        <time>2025-11-14T00:31:59.165Z</time>
      </trkpt>
      <trkpt lat="42.457190" lon="13.567128">
        <ele>2442.020903</ele>
        <time>2025-11-14T00:32:26.939Z</time>
      </trkpt>
      <trkpt lat="42.457564" lon="13.566719">
        <ele>2440.951590</ele>
        <time>2025-11-14T00:33:02.062Z</time>
      </trkpt>
      <trkpt lat="42.458211" lon="13.566122">
        <ele>2430.092602</ele>
        <time>2025-11-14T00:33:52.612Z</time>
      </trkpt>
      <trkpt lat="42.458441" lon="13.565972">
        <ele>2424.657320</ele>
        <time>2025-11-14T00:34:08.757Z</time>
      </trkpt>
      <trkpt lat="42.458570" lon="13.565756">
        <ele>2420.291303</ele>
        <time>2025-11-14T00:34:21.991Z</time>
      </trkpt>
      <trkpt lat="42.458617" lon="13.565473">
        <ele>2415.733933</ele>
        <time>2025-11-14T00:34:36.313Z</time>
      </trkpt>
      <trkpt lat="42.458553" lon="13.565198">
        <ele>2411.203646</ele>
        <time>2025-11-14T00:34:50.978Z</time>
      </trkpt>
      <trkpt lat="42.458551" lon="13.565043">
        <ele>2408.768123</ele>
        <time>2025-11-14T00:34:59.022Z</time>
      </trkpt>
      <trkpt lat="42.458526" lon="13.564949">
        <ele>2407.198294</ele>
        <time>2025-11-14T00:35:04.152Z</time>
      </trkpt>
      <trkpt lat="42.458544" lon="13.564874">
        <ele>2405.959216</ele>
        <time>2025-11-14T00:35:08.272Z</time>
      </trkpt>
      <trkpt lat="42.458496" lon="13.564787">
        <ele>2404.252460</ele>
        <time>2025-11-14T00:35:13.927Z</time>
      </trkpt>
      <trkpt lat="42.458407" lon="13.564469">
        <ele>2399.271281</ele>
        <time>2025-11-14T00:35:31.052Z</time>
      </trkpt>
      <trkpt lat="42.458181" lon="13.563956">
        <ele>2390.994277</ele>
        <time>2025-11-14T00:35:59.282Z</time>
      </trkpt>
      <trkpt lat="42.458197" lon="13.563854">
        <ele>2389.549713</ele>
        <time>2025-11-14T00:36:04.155Z</time>
      </trkpt>
      <trkpt lat="42.458437" lon="13.563620">
        <ele>2383.998600</ele>
        <time>2025-11-14T00:36:22.935Z</time>
      </trkpt>
      <trkpt lat="42.458627" lon="13.562995">
        <ele>2374.634474</ele>
        <time>2025-11-14T00:36:54.932Z</time>
      </trkpt>
      <trkpt lat="42.458707" lon="13.562907">
        <ele>2372.699944</ele>
        <time>2025-11-14T00:37:01.601Z</time>
      </trkpt>
      <trkpt lat="42.458681" lon="13.562480">
        <ele>2366.897837</ele>
        <time>2025-11-14T00:37:15.795Z</time>
      </trkpt>
      <trkpt lat="42.458620" lon="13.562260">
        <ele>2363.944076</ele>
        <time>2025-11-14T00:37:23.589Z</time>
      </trkpt>
      <trkpt lat="42.458248" lon="13.561551">
        <ele>2353.009797</ele>
        <time>2025-11-14T00:37:52.132Z</time>
      </trkpt>
      <trkpt lat="42.458005" lon="13.561439">
        <ele>2348.637485</ele>
        <time>2025-11-14T00:38:03.425Z</time>
      </trkpt>
      <trkpt lat="42.457900" lon="13.561313">
        <ele>2346.248531</ele>
        <time>2025-11-14T00:38:09.575Z</time>
      </trkpt>
      <trkpt lat="42.457561" lon="13.561164">
        <ele>2340.177592</ele>
        <time>2025-11-14T00:38:25.252Z</time>
      </trkpt>
      <trkpt lat="42.457333" lon="13.560934">
        <ele>2335.512318</ele>
        <time>2025-11-14T00:38:37.795Z</time>
      </trkpt>
      <trkpt lat="42.456809" lon="13.560531">
        <ele>2326.063075</ele>
        <time>2025-11-14T00:39:04.383Z</time>
      </trkpt>
      <trkpt lat="42.456378" lon="13.560102">
        <ele>2317.676319</ele>
        <time>2025-11-14T00:39:28.035Z</time>
      </trkpt>
      <trkpt lat="42.456231" lon="13.560051">
        <ele>2315.296443</ele>
        <time>2025-11-14T00:39:34.758Z</time>
      </trkpt>
      <trkpt lat="42.455559" lon="13.559614">
        <ele>2310.305737</ele>
        <time>2025-11-14T00:40:09.001Z</time>
      </trkpt>
      <trkpt lat="42.455440" lon="13.559547">
        <ele>2310.642159</ele>
        <time>2025-11-14T00:40:15.840Z</time>
      </trkpt>
      <trkpt lat="42.455068" lon="13.559204">
        <ele>2311.816796</ele>
        <time>2025-11-14T00:40:44.576Z</time>
      </trkpt>
      <trkpt lat="42.454926" lon="13.559151">
        <ele>2312.201326</ele>
        <time>2025-11-14T00:40:56.096Z</time>
      </trkpt>
      <trkpt lat="42.454698" lon="13.558979">
        <ele>2312.882576</ele>
        <time>2025-11-14T00:41:18.689Z</time>
      </trkpt>
      <trkpt lat="42.454477" lon="13.558628">
        <ele>2313.771420</ele>
        <time>2025-11-14T00:41:52.040Z</time>
      </trkpt>
      <trkpt lat="42.454445" lon="13.558472">
        <ele>2314.193894</ele>
        <time>2025-11-14T00:42:03.950Z</time>
      </trkpt>
      <trkpt lat="42.454379" lon="13.558316">
        <ele>2315.555032</ele>
        <time>2025-11-14T00:42:17.146Z</time>
      </trkpt>
      <trkpt lat="42.454230" lon="13.558058">
        <ele>2318.034974</ele>
        <time>2025-11-14T00:42:40.858Z</time>
      </trkpt>
      <trkpt lat="42.453989" lon="13.557876">
        <ele>2320.865246</ele>
        <time>2025-11-14T00:43:07.592Z</time>
      </trkpt>
      <trkpt lat="42.453754" lon="13.557851">
        <ele>2323.283493</ele>
        <time>2025-11-14T00:43:30.000Z</time>
      </trkpt>
      <trkpt lat="42.453652" lon="13.557739">
        <ele>2324.630210</ele>
        <time>2025-11-14T00:43:41.414Z</time>
      </trkpt>
      <trkpt lat="42.453365" lon="13.557409">
        <ele>2328.491313</ele>
        <time>2025-11-14T00:44:12.625Z</time>
      </trkpt>
      <trkpt lat="42.453257" lon="13.557381">
        <ele>2329.619359</ele>
        <time>2025-11-14T00:44:22.598Z</time>
      </trkpt>
      <trkpt lat="42.452716" lon="13.557521">
        <ele>2334.717574</ele>
        <time>2025-11-14T00:45:13.095Z</time>
      </trkpt>
      <trkpt lat="42.452531" lon="13.557520">
        <ele>2336.237488</ele>
        <time>2025-11-14T00:45:30.049Z</time>
      </trkpt>
      <trkpt lat="42.452193" lon="13.557609">
        <ele>2339.066314</ele>
        <time>2025-11-14T00:46:02.858Z</time>
      </trkpt>
      <trkpt lat="42.452109" lon="13.557554">
        <ele>2339.832748</ele>
        <time>2025-11-14T00:46:11.690Z</time>
      </trkpt>
      <trkpt lat="42.451870" lon="13.557494">
        <ele>2341.829699</ele>
        <time>2025-11-14T00:46:33.161Z</time>
      </trkpt>
      <trkpt lat="42.451823" lon="13.557435">
        <ele>2342.356023</ele>
        <time>2025-11-14T00:46:38.502Z</time>
      </trkpt>
      <trkpt lat="42.451367" lon="13.557115">
        <ele>2346.574798</ele>
        <time>2025-11-14T00:47:16.262Z</time>
      </trkpt>
      <trkpt lat="42.451226" lon="13.557016">
        <ele>2347.784196</ele>
        <time>2025-11-14T00:47:26.398Z</time>
      </trkpt>
      <trkpt lat="42.451177" lon="13.557041">
        <ele>2348.146603</ele>
        <time>2025-11-14T00:47:29.553Z</time>
      </trkpt>
      <trkpt lat="42.451125" lon="13.557012">
        <ele>2348.535821</ele>
        <time>2025-11-14T00:47:33.043Z</time>
      </trkpt>
      <trkpt lat="42.451154" lon="13.557088">
        <ele>2348.972808</ele>
        <time>2025-11-14T00:47:36.970Z</time>
      </trkpt>
      <trkpt lat="42.450999" lon="13.557031">
        <ele>2350.084486</ele>
        <time>2025-11-14T00:47:47.185Z</time>
      </trkpt>
      <trkpt lat="42.450837" lon="13.556798">
        <ele>2351.719572</ele>
        <time>2025-11-14T00:48:03.085Z</time>
      </trkpt>
      <trkpt lat="42.450576" lon="13.556322">
        <ele>2354.748433</ele>
        <time>2025-11-14T00:48:35.657Z</time>
      </trkpt>
      <trkpt lat="42.450239" lon="13.555332">
        <ele>2360.182956</ele>
        <time>2025-11-14T00:49:46.937Z</time>
      </trkpt>
      <trkpt lat="42.449921" lon="13.554656">
        <ele>2363.351832</ele>
        <time>2025-11-14T00:50:43.804Z</time>
      </trkpt>
      <trkpt lat="42.449778" lon="13.554417">
        <ele>2364.568095</ele>
        <time>2025-11-14T00:51:01.592Z</time>
      </trkpt>
      <trkpt lat="42.449609" lon="13.554069">
        <ele>2366.214842</ele>
        <time>2025-11-14T00:51:22.697Z</time>
      </trkpt>
      <trkpt lat="42.449640" lon="13.553995">
        <ele>2366.551199</ele>
        <time>2025-11-14T00:51:26.699Z</time>
      </trkpt>
      <trkpt lat="42.449630" lon="13.553946">
        <ele>2366.752156</ele>
        <time>2025-11-14T00:51:29.009Z</time>
      </trkpt>
      <trkpt lat="42.449555" lon="13.553829">
        <ele>2367.364775</ele>
        <time>2025-11-14T00:51:35.910Z</time>
      </trkpt>
      <trkpt lat="42.449496" lon="13.553619">
        <ele>2368.252990</ele>
        <time>2025-11-14T00:51:45.556Z</time>
      </trkpt>
      <trkpt lat="42.449324" lon="13.553465">
        <ele>2369.357311</ele>
        <time>2025-11-14T00:51:56.967Z</time>
      </trkpt>
      <trkpt lat="42.449171" lon="13.553219">
        <ele>2367.924296</ele>
        <time>2025-11-14T00:52:09.789Z</time>
      </trkpt>
      <trkpt lat="42.448837" lon="13.553071">
        <ele>2365.795037</ele>
        <time>2025-11-14T00:52:28.490Z</time>
      </trkpt>
      <trkpt lat="42.448563" lon="13.552848">
        <ele>2363.858393</ele>
        <time>2025-11-14T00:52:44.767Z</time>
      </trkpt>
      <trkpt lat="42.448462" lon="13.552710">
        <ele>2362.989346</ele>
        <time>2025-11-14T00:52:51.863Z</time>
      </trkpt>
      <trkpt lat="42.448384" lon="13.552457">
        <ele>2361.763388</ele>
        <time>2025-11-14T00:53:01.679Z</time>
      </trkpt>
      <trkpt lat="42.448274" lon="13.552278">
        <ele>2360.721856</ele>
        <time>2025-11-14T00:53:09.870Z</time>
      </trkpt>
      <trkpt lat="42.448183" lon="13.552055">
        <ele>2359.582482</ele>
        <time>2025-11-14T00:53:18.635Z</time>
      </trkpt>
      <trkpt lat="42.448145" lon="13.552115">
        <ele>2359.228949</ele>
        <time>2025-11-14T00:53:21.303Z</time>
      </trkpt>
      <trkpt lat="42.448129" lon="13.552258">
        <ele>2358.582269</ele>
        <time>2025-11-14T00:53:26.133Z</time>
      </trkpt>
      <trkpt lat="42.448160" lon="13.552380">
        <ele>2357.017031</ele>
        <time>2025-11-14T00:53:30.382Z</time>
      </trkpt>
      <trkpt lat="42.448142" lon="13.552482">
        <ele>2355.531564</ele>
        <time>2025-11-14T00:53:33.854Z</time>
      </trkpt>
      <trkpt lat="42.448000" lon="13.552336">
        <ele>2352.110162</ele>
        <time>2025-11-14T00:53:41.823Z</time>
      </trkpt>
      <trkpt lat="42.447903" lon="13.552166">
        <ele>2349.066360</ele>
        <time>2025-11-14T00:53:48.887Z</time>
      </trkpt>
      <trkpt lat="42.447875" lon="13.552178">
        <ele>2348.502657</ele>
        <time>2025-11-14T00:53:50.184Z</time>
      </trkpt>
      <trkpt lat="42.447894" lon="13.552464">
        <ele>2344.435359</ele>
        <time>2025-11-14T00:53:59.579Z</time>
      </trkpt>
      <trkpt lat="42.447946" lon="13.552675">
        <ele>2341.284470</ele>
        <time>2025-11-14T00:54:06.809Z</time>
      </trkpt>
      <trkpt lat="42.447941" lon="13.552705">
        <ele>2340.848845</ele>
        <time>2025-11-14T00:54:07.826Z</time>
      </trkpt>
      <trkpt lat="42.447878" lon="13.552686">
        <ele>2339.609960</ele>
        <time>2025-11-14T00:54:10.635Z</time>
      </trkpt>
      <trkpt lat="42.447911" lon="13.553005">
        <ele>2335.047447</ele>
        <time>2025-11-14T00:54:21.111Z</time>
      </trkpt>
      <trkpt lat="42.447901" lon="13.553177">
        <ele>2332.603684</ele>
        <time>2025-11-14T00:54:26.778Z</time>
      </trkpt>
      <trkpt lat="42.447977" lon="13.553613">
        <ele>2326.258198</ele>
        <time>2025-11-14T00:54:41.691Z</time>
      </trkpt>
      <trkpt lat="42.447866" lon="13.553544">
        <ele>2323.909103</ele>
        <time>2025-11-14T00:54:47.240Z</time>
      </trkpt>
      <trkpt lat="42.447854" lon="13.553574">
        <ele>2323.315201</ele>
        <time>2025-11-14T00:54:48.362Z</time>
      </trkpt>
      <trkpt lat="42.447888" lon="13.553774">
        <ele>2319.743206</ele>
        <time>2025-11-14T00:54:55.289Z</time>
      </trkpt>
      <trkpt lat="42.447728" lon="13.553634">
        <ele>2315.251170</ele>
        <time>2025-11-14T00:55:03.983Z</time>
      </trkpt>
      <trkpt lat="42.447778" lon="13.553961">
        <ele>2309.439127</ele>
        <time>2025-11-14T00:55:15.167Z</time>
      </trkpt>
      <trkpt lat="42.447680" lon="13.553845">
        <ele>2306.370145</ele>
        <time>2025-11-14T00:55:21.051Z</time>
      </trkpt>
      <trkpt lat="42.447652" lon="13.553854">
        <ele>2305.691410</ele>
        <time>2025-11-14T00:55:22.321Z</time>
      </trkpt>
      <trkpt lat="42.447654" lon="13.553902">
        <ele>2304.854681</ele>
        <time>2025-11-14T00:55:23.931Z</time>
      </trkpt>
      <trkpt lat="42.447590" lon="13.553885">
        <ele>2303.316441</ele>
        <time>2025-11-14T00:55:26.860Z</time>
      </trkpt>
      <trkpt lat="42.447708" lon="13.554299">
        <ele>2295.592291</ele>
        <time>2025-11-14T00:55:41.444Z</time>
      </trkpt>
      <trkpt lat="42.447645" lon="13.554260">
        <ele>2293.958673</ele>
        <time>2025-11-14T00:55:44.502Z</time>
      </trkpt>
      <trkpt lat="42.447425" lon="13.553986">
        <ele>2286.911246</ele>
        <time>2025-11-14T00:55:57.619Z</time>
      </trkpt>
      <trkpt lat="42.447361" lon="13.553937">
        <ele>2285.177487</ele>
        <time>2025-11-14T00:56:00.836Z</time>
      </trkpt>
      <trkpt lat="42.447406" lon="13.554141">
        <ele>2281.475738</ele>
        <time>2025-11-14T00:56:07.732Z</time>
      </trkpt>
      <trkpt lat="42.447558" lon="13.554546">
        <ele>2274.333974</ele>
        <time>2025-11-14T00:56:22.443Z</time>
      </trkpt>
      <trkpt lat="42.447555" lon="13.554578">
        <ele>2273.826963</ele>
        <time>2025-11-14T00:56:23.481Z</time>
      </trkpt>
      <trkpt lat="42.447526" lon="13.554587">
        <ele>2273.193251</ele>
        <time>2025-11-14T00:56:24.808Z</time>
      </trkpt>
      <trkpt lat="42.447344" lon="13.554460">
        <ele>2268.832777</ele>
        <time>2025-11-14T00:56:33.821Z</time>
      </trkpt>
      <trkpt lat="42.447410" lon="13.554720">
        <ele>2264.511100</ele>
        <time>2025-11-14T00:56:42.764Z</time>
      </trkpt>
      <trkpt lat="42.447474" lon="13.554812">
        <ele>2262.523775</ele>
        <time>2025-11-14T00:56:46.855Z</time>
      </trkpt>
      <trkpt lat="42.447476" lon="13.554847">
        <ele>2261.972007</ele>
        <time>2025-11-14T00:56:47.986Z</time>
      </trkpt>
      <trkpt lat="42.447396" lon="13.554887">
        <ele>2260.155664</ele>
        <time>2025-11-14T00:56:51.710Z</time>
      </trkpt>
      <trkpt lat="42.447440" lon="13.554973">
        <ele>2258.510801</ele>
        <time>2025-11-14T00:56:55.099Z</time>
      </trkpt>
      <trkpt lat="42.447301" lon="13.554994">
        <ele>2255.531654</ele>
        <time>2025-11-14T00:57:01.255Z</time>
      </trkpt>
      <trkpt lat="42.447303" lon="13.555073">
        <ele>2254.289218</ele>
        <time>2025-11-14T00:57:03.798Z</time>
      </trkpt>
      <trkpt lat="42.447111" lon="13.554932">
        <ele>2249.637593</ele>
        <time>2025-11-14T00:57:13.372Z</time>
      </trkpt>
      <trkpt lat="42.447125" lon="13.555082">
        <ele>2247.261132</ele>
        <time>2025-11-14T00:57:18.254Z</time>
      </trkpt>
      <trkpt lat="42.447176" lon="13.555250">
        <ele>2244.405807</ele>
        <time>2025-11-14T00:57:24.136Z</time>
      </trkpt>
      <trkpt lat="42.447170" lon="13.555283">
        <ele>2243.871606</ele>
        <time>2025-11-14T00:57:25.241Z</time>
      </trkpt>
      <trkpt lat="42.447135" lon="13.555305">
        <ele>2243.051950</ele>
        <time>2025-11-14T00:57:26.962Z</time>
      </trkpt>
      <trkpt lat="42.447063" lon="13.555288">
        <ele>2241.517560</ele>
        <time>2025-11-14T00:57:30.179Z</time>
      </trkpt>
      <trkpt lat="42.446486" lon="13.554520">
        <ele>2224.537918</ele>
        <time>2025-11-14T00:58:05.662Z</time>
      </trkpt>
      <trkpt lat="42.446393" lon="13.555551">
        <ele>2208.446593</ele>
        <time>2025-11-14T00:58:39.318Z</time>
      </trkpt>
      <trkpt lat="42.446312" lon="13.555946">
        <ele>2202.192296</ele>
        <time>2025-11-14T00:58:52.682Z</time>
      </trkpt>
      <trkpt lat="42.446232" lon="13.556522">
        <ele>2193.375618</ele>
        <time>2025-11-14T00:59:11.700Z</time>
      </trkpt>
      <trkpt lat="42.446025" lon="13.556304">
        <ele>2188.031435</ele>
        <time>2025-11-14T00:59:21.461Z</time>
      </trkpt>
      <trkpt lat="42.446000" lon="13.556314">
        <ele>2187.500064</ele>
        <time>2025-11-14T00:59:22.412Z</time>
      </trkpt>
      <trkpt lat="42.445996" lon="13.556545">
        <ele>2184.024252</ele>
        <time>2025-11-14T00:59:28.784Z</time>
      </trkpt>
      <trkpt lat="42.445921" lon="13.556557">
        <ele>2182.484727</ele>
        <time>2025-11-14T00:59:31.603Z</time>
      </trkpt>
      <trkpt lat="42.445768" lon="13.556524">
        <ele>2179.326505</ele>
        <time>2025-11-14T00:59:37.372Z</time>
      </trkpt>
      <trkpt lat="42.445717" lon="13.557011">
        <ele>2171.927293</ele>
        <time>2025-11-14T00:59:50.903Z</time>
      </trkpt>
      <trkpt lat="42.445642" lon="13.557007">
        <ele>2170.397205</ele>
        <time>2025-11-14T00:59:53.697Z</time>
      </trkpt>
      <trkpt lat="42.445432" lon="13.556907">
        <ele>2166.203403</ele>
        <time>2025-11-14T01:00:01.983Z</time>
      </trkpt>
      <trkpt lat="42.445376" lon="13.556915">
        <ele>2165.190973</ele>
        <time>2025-11-14T01:00:04.086Z</time>
      </trkpt>
      <trkpt lat="42.445273" lon="13.556989">
        <ele>2163.094931</ele>
        <time>2025-11-14T01:00:08.458Z</time>
      </trkpt>
      <trkpt lat="42.445140" lon="13.557148">
        <ele>2159.906158</ele>
        <time>2025-11-14T01:00:15.096Z</time>
      </trkpt>
      <trkpt lat="42.445045" lon="13.557313">
        <ele>2157.129514</ele>
        <time>2025-11-14T01:00:20.847Z</time>
      </trkpt>
      <trkpt lat="42.444773" lon="13.557508">
        <ele>2151.596919</ele>
        <time>2025-11-14T01:00:32.311Z</time>
      </trkpt>
      <trkpt lat="42.444496" lon="13.557514">
        <ele>2146.615969</ele>
        <time>2025-11-14T01:00:42.698Z</time>
      </trkpt>
      <trkpt lat="42.444301" lon="13.557423">
        <ele>2142.907907</ele>
        <time>2025-11-14T01:00:50.435Z</time>
      </trkpt>
      <trkpt lat="42.443624" lon="13.557791">
        <ele>2133.476624</ele>
        <time>2025-11-14T01:01:13.963Z</time>
      </trkpt>
      <trkpt lat="42.443562" lon="13.557862">
        <ele>2132.826756</ele>
        <time>2025-11-14T01:01:16.749Z</time>
      </trkpt>
      <trkpt lat="42.443355" lon="13.557991">
        <ele>2131.002687</ele>
        <time>2025-11-14T01:01:24.718Z</time>
      </trkpt>
      <trkpt lat="42.443235" lon="13.558119">
        <ele>2129.780056</ele>
        <time>2025-11-14T01:01:30.271Z</time>
      </trkpt>
      <trkpt lat="42.442927" lon="13.558413">
        <ele>2126.763892</ele>
        <time>2025-11-14T01:01:43.934Z</time>
      </trkpt>
      <trkpt lat="42.443235" lon="13.558119">
        <ele>2123.747729</ele>
        <time>2025-11-14T01:01:57.458Z</time>
      </trkpt>
      <trkpt lat="42.443275" lon="13.558140">
        <ele>2123.404299</ele>
        <time>2025-11-14T01:01:59.571Z</time>
      </trkpt>
      <trkpt lat="42.443260" lon="13.557748">
        <ele>2121.734324</ele>
        <time>2025-11-14T01:02:13.618Z</time>
      </trkpt>
      <trkpt lat="42.443324" lon="13.557506">
        <ele>2121.254943</ele>
        <time>2025-11-14T01:02:22.573Z</time>
      </trkpt>
      <trkpt lat="42.443416" lon="13.557328">
        <ele>2120.849695</ele>
        <time>2025-11-14T01:02:30.245Z</time>
      </trkpt>
      <trkpt lat="42.443719" lon="13.556989">
        <ele>2119.856777</ele>
        <time>2025-11-14T01:02:49.513Z</time>
      </trkpt>
      <trkpt lat="42.444037" lon="13.556487">
        <ele>2118.623064</ele>
        <time>2025-11-14T01:03:15.572Z</time>
      </trkpt>
      <trkpt lat="42.444195" lon="13.556178">
        <ele>2117.922044</ele>
        <time>2025-11-14T01:03:32.590Z</time>
      </trkpt>
      <trkpt lat="42.444712" lon="13.555322">
        <ele>2122.941978</ele>
        <time>2025-11-14T01:04:35.567Z</time>
      </trkpt>
      <trkpt lat="42.444917" lon="13.555070">
        <ele>2125.283150</ele>
        <time>2025-11-14T01:05:02.243Z</time>
      </trkpt>
      <trkpt lat="42.444910" lon="13.554901">
        <ele>2126.339692</ele>
        <time>2025-11-14T01:05:14.595Z</time>
      </trkpt>
      <trkpt lat="42.444839" lon="13.554713">
        <ele>2127.657923</ele>
        <time>2025-11-14T01:05:29.755Z</time>
      </trkpt>
      <trkpt lat="42.444794" lon="13.554041">
        <ele>2131.869723</ele>
        <time>2025-11-14T01:06:16.781Z</time>
      </trkpt>
      <trkpt lat="42.444729" lon="13.553852">
        <ele>2132.925677</ele>
        <time>2025-11-14T01:06:30.295Z</time>
      </trkpt>
      <trkpt lat="42.444657" lon="13.553385">
        <ele>2134.342686</ele>
        <time>2025-11-14T01:06:58.717Z</time>
      </trkpt>
      <trkpt lat="42.444663" lon="13.553003">
        <ele>2135.477540</ele>
        <time>2025-11-14T01:07:19.134Z</time>
      </trkpt>
      <trkpt lat="42.444696" lon="13.552660">
        <ele>2136.504923</ele>
        <time>2025-11-14T01:07:36.539Z</time>
      </trkpt>
      <trkpt lat="42.444663" lon="13.552590">
        <ele>2136.751639</ele>
        <time>2025-11-14T01:07:40.598Z</time>
      </trkpt>
      <trkpt lat="42.444429" lon="13.552345">
        <ele>2137.941849</ele>
        <time>2025-11-14T01:07:59.647Z</time>
      </trkpt>
      <trkpt lat="42.444172" lon="13.552175">
        <ele>2139.092925</ele>
        <time>2025-11-14T01:08:16.659Z</time>
      </trkpt>
      <trkpt lat="42.443274" lon="13.550944">
        <ele>2138.218032</ele>
        <time>2025-11-14T01:09:25.874Z</time>
      </trkpt>
      <trkpt lat="42.443177" lon="13.550716">
        <ele>2137.904009</ele>
        <time>2025-11-14T01:09:36.484Z</time>
      </trkpt>
      <trkpt lat="42.443143" lon="13.550542">
        <ele>2137.689237</ele>
        <time>2025-11-14T01:09:43.759Z</time>
      </trkpt>
      <trkpt lat="42.443129" lon="13.550291">
        <ele>2137.388889</ele>
        <time>2025-11-14T01:09:54.003Z</time>
      </trkpt>
      <trkpt lat="42.443147" lon="13.549821">
        <ele>2136.870396</ele>
        <time>2025-11-14T01:10:12.976Z</time>
      </trkpt>
      <trkpt lat="42.443336" lon="13.548913">
        <ele>2135.979330</ele>
        <time>2025-11-14T01:10:51.317Z</time>
      </trkpt>
      <trkpt lat="42.443380" lon="13.548799">
        <ele>2135.857820</ele>
        <time>2025-11-14T01:10:56.516Z</time>
      </trkpt>
      <trkpt lat="42.443396" lon="13.548758">
        <ele>2135.814014</ele>
        <time>2025-11-14T01:10:58.383Z</time>
      </trkpt>
      <trkpt lat="42.443618" lon="13.548537">
        <ele>2135.461447</ele>
        <time>2025-11-14T01:11:13.344Z</time>
      </trkpt>
      <trkpt lat="42.443982" lon="13.548064">
        <ele>2134.815982</ele>
        <time>2025-11-14T01:11:41.287Z</time>
      </trkpt>
      <trkpt lat="42.444322" lon="13.547760">
        <ele>2134.067929</ele>
        <time>2025-11-14T01:12:04.484Z</time>
      </trkpt>
      <trkpt lat="42.444438" lon="13.547558">
        <ele>2133.700842</ele>
        <time>2025-11-14T01:12:15.717Z</time>
      </trkpt>
      <trkpt lat="42.444545" lon="13.547137">
        <ele>2133.062249</ele>
        <time>2025-11-14T01:12:35.030Z</time>
      </trkpt>
      <trkpt lat="42.444531" lon="13.546554">
        <ele>2132.225688</ele>
        <time>2025-11-14T01:12:58.834Z</time>
      </trkpt>
      <trkpt lat="42.444546" lon="13.546250">
        <ele>2131.788728</ele>
        <time>2025-11-14T01:13:10.251Z</time>
      </trkpt>
      <trkpt lat="42.444493" lon="13.546000">
        <ele>2131.415683</ele>
        <time>2025-11-14T01:13:19.881Z</time>
      </trkpt>
      <trkpt lat="42.444502" lon="13.545813">
        <ele>2131.332986</ele>
        <time>2025-11-14T01:13:26.763Z</time>
      </trkpt>
      <trkpt lat="42.444345" lon="13.545362">
        <ele>2132.108088</ele>
        <time>2025-11-14T01:13:44.967Z</time>
      </trkpt>
      <trkpt lat="42.444221" lon="13.545262">
        <ele>2132.412028</ele>
        <time>2025-11-14T01:13:52.065Z</time>
      </trkpt>
      <trkpt lat="42.444115" lon="13.545008">
        <ele>2132.865597</ele>
        <time>2025-11-14T01:14:02.830Z</time>
      </trkpt>
      <trkpt lat="42.444041" lon="13.544675">
        <ele>2133.406160</ele>
        <time>2025-11-14T01:14:17.142Z</time>
      </trkpt>
      <trkpt lat="42.443977" lon="13.544391">
        <ele>2133.867724</ele>
        <time>2025-11-14T01:14:31.795Z</time>
      </trkpt>
      <trkpt lat="42.443897" lon="13.544165">
        <ele>2134.257336</ele>
        <time>2025-11-14T01:14:48.283Z</time>
      </trkpt>
      <trkpt lat="42.443852" lon="13.543892">
        <ele>2134.692136</ele>
        <time>2025-11-14T01:15:08.378Z</time>
      </trkpt>
      <trkpt lat="42.443896" lon="13.543843">
        <ele>2134.812097</ele>
        <time>2025-11-14T01:15:14.046Z</time>
      </trkpt>
      <trkpt lat="42.444039" lon="13.543775">
        <ele>2135.812837</ele>
        <time>2025-11-14T01:15:30.319Z</time>
      </trkpt>
      <trkpt lat="42.444417" lon="13.543800">
        <ele>2141.711056</ele>
        <time>2025-11-14T01:16:15.241Z</time>
      </trkpt>
      <trkpt lat="42.444680" lon="13.543874">
        <ele>2145.897385</ele>
        <time>2025-11-14T01:16:47.700Z</time>
      </trkpt>
      <trkpt lat="42.445793" lon="13.543200">
        <ele>2164.727778</ele>
        <time>2025-11-14T01:19:13.373Z</time>
      </trkpt>
      <trkpt lat="42.445891" lon="13.543124">
        <ele>2166.325806</ele>
        <time>2025-11-14T01:19:24.692Z</time>
      </trkpt>
      <trkpt lat="42.445928" lon="13.543095">
        <ele>2166.930738</ele>
        <time>2025-11-14T01:19:29.010Z</time>
      </trkpt>
      <trkpt lat="42.446106" lon="13.543039">
        <ele>2169.516941</ele>
        <time>2025-11-14T01:19:47.838Z</time>
      </trkpt>
      <trkpt lat="42.446225" lon="13.542937">
        <ele>2171.509737</ele>
        <time>2025-11-14T01:20:02.595Z</time>
      </trkpt>
      <trkpt lat="42.446410" lon="13.542895">
        <ele>2174.164501</ele>
        <time>2025-11-14T01:20:22.731Z</time>
      </trkpt>
      <trkpt lat="42.446598" lon="13.542807">
        <ele>2176.979484</ele>
        <time>2025-11-14T01:20:44.596Z</time>
      </trkpt>
      <trkpt lat="42.447212" lon="13.542655">
        <ele>2185.813134</ele>
        <time>2025-11-14T01:21:53.804Z</time>
      </trkpt>
      <trkpt lat="42.447519" lon="13.542479">
        <ele>2190.322290</ele>
        <time>2025-11-14T01:22:27.621Z</time>
      </trkpt>
      <trkpt lat="42.447765" lon="13.542270">
        <ele>2194.006803</ele>
        <time>2025-11-14T01:22:56.039Z</time>
      </trkpt>
      <trkpt lat="42.447930" lon="13.541932">
        <ele>2197.801754</ele>
        <time>2025-11-14T01:23:24.958Z</time>
      </trkpt>
      <trkpt lat="42.448124" lon="13.541608">
        <ele>2201.708867</ele>
        <time>2025-11-14T01:23:54.168Z</time>
      </trkpt>
      <trkpt lat="42.448245" lon="13.541310">
        <ele>2204.893890</ele>
        <time>2025-11-14T01:24:19.356Z</time>
      </trkpt>
      <trkpt lat="42.448440" lon="13.540322">
        <ele>2211.947532</ele>
        <time>2025-11-14T01:25:45.429Z</time>
      </trkpt>
      <trkpt lat="42.448492" lon="13.540127">
        <ele>2212.325297</ele>
        <time>2025-11-14T01:26:01.647Z</time>
      </trkpt>
      <trkpt lat="42.448604" lon="13.539885">
        <ele>2212.845752</ele>
        <time>2025-11-14T01:26:22.234Z</time>
      </trkpt>
      <trkpt lat="42.448690" lon="13.540002">
        <ele>2213.146634</ele>
        <time>2025-11-14T01:26:32.884Z</time>
      </trkpt>
      <trkpt lat="42.448911" lon="13.540197">
        <ele>2213.797773</ele>
        <time>2025-11-14T01:26:52.236Z</time>
      </trkpt>
      <trkpt lat="42.448984" lon="13.540229">
        <ele>2213.987214</ele>
        <time>2025-11-14T01:26:57.275Z</time>
      </trkpt>
      <trkpt lat="42.449049" lon="13.540322">
        <ele>2214.220596</ele>
        <time>2025-11-14T01:27:02.971Z</time>
      </trkpt>
      <trkpt lat="42.449037" lon="13.540405">
        <ele>2214.374690</ele>
        <time>2025-11-14T01:27:06.608Z</time>
      </trkpt>
      <trkpt lat="42.449155" lon="13.540517">
        <ele>2214.730396</ele>
        <time>2025-11-14T01:27:14.504Z</time>
      </trkpt>
      <trkpt lat="42.449248" lon="13.540566">
        <ele>2214.976768</ele>
        <time>2025-11-14T01:27:19.660Z</time>
      </trkpt>
      <trkpt lat="42.449417" lon="13.540579">
        <ele>2215.394722</ele>
        <time>2025-11-14T01:27:27.843Z</time>
      </trkpt>
      <trkpt lat="42.449576" lon="13.540705">
        <ele>2215.161793</ele>
        <time>2025-11-14T01:27:36.102Z</time>
      </trkpt>
      <trkpt lat="42.449885" lon="13.540824">
        <ele>2208.208017</ele>
        <time>2025-11-14T01:27:50.233Z</time>
      </trkpt>
      <trkpt lat="42.450309" lon="13.540836">
        <ele>2199.027644</ele>
        <time>2025-11-14T01:28:10.035Z</time>
      </trkpt>
      <trkpt lat="42.450325" lon="13.540837">
        <ele>2198.680922</ele>
        <time>2025-11-14T01:28:10.772Z</time>
      </trkpt>
      <trkpt lat="42.450642" lon="13.540880">
        <ele>2191.784504</ele>
        <time>2025-11-14T01:28:25.959Z</time>
      </trkpt>
      <trkpt lat="42.450912" lon="13.540678">
        <ele>2185.108379</ele>
        <time>2025-11-14T01:28:40.067Z</time>
      </trkpt>
      <trkpt lat="42.451070" lon="13.540658">
        <ele>2181.673251</ele>
        <time>2025-11-14T01:28:47.093Z</time>
      </trkpt>
      <trkpt lat="42.451240" lon="13.540589">
        <ele>2177.831758</ele>
        <time>2025-11-14T01:28:54.898Z</time>
      </trkpt>
      <trkpt lat="42.451339" lon="13.540590">
        <ele>2176.051488</ele>
        <time>2025-11-14T01:28:59.292Z</time>
      </trkpt>
      <trkpt lat="42.451671" lon="13.540583">
        <ele>2171.121782</ele>
        <time>2025-11-14T01:29:13.973Z</time>
      </trkpt>
      <trkpt lat="42.451826" lon="13.540711">
        <ele>2168.427002</ele>
        <time>2025-11-14T01:29:22.020Z</time>
      </trkpt>
      <trkpt lat="42.452066" lon="13.540794">
        <ele>2164.749615</ele>
        <time>2025-11-14T01:29:33.026Z</time>
      </trkpt>
      <trkpt lat="42.452307" lon="13.541124">
        <ele>2159.663295</ele>
        <time>2025-11-14T01:29:48.371Z</time>
      </trkpt>
      <trkpt lat="42.452335" lon="13.541240">
        <ele>2158.326304</ele>
        <time>2025-11-14T01:29:52.412Z</time>
      </trkpt>
      <trkpt lat="42.452439" lon="13.541392">
        <ele>2156.055487</ele>
        <time>2025-11-14T01:29:59.272Z</time>
      </trkpt>
      <trkpt lat="42.452587" lon="13.541480">
        <ele>2153.656014</ele>
        <time>2025-11-14T01:30:06.639Z</time>
      </trkpt>
      <trkpt lat="42.452836" lon="13.541797">
        <ele>2148.490096</ele>
        <time>2025-11-14T01:30:21.956Z</time>
      </trkpt>
      <trkpt lat="42.452914" lon="13.541813">
        <ele>2147.248156</ele>
        <time>2025-11-14T01:30:25.483Z</time>
      </trkpt>
      <trkpt lat="42.453066" lon="13.542025">
        <ele>2143.814473</ele>
        <time>2025-11-14T01:30:35.238Z</time>
      </trkpt>
      <trkpt lat="42.453255" lon="13.542132">
        <ele>2140.589894</ele>
        <time>2025-11-14T01:30:44.339Z</time>
      </trkpt>
      <trkpt lat="42.453311" lon="13.542076">
        <ele>2139.494288</ele>
        <time>2025-11-14T01:30:47.422Z</time>
      </trkpt>
      <trkpt lat="42.453588" lon="13.542169">
        <ele>2135.001668</ele>
        <time>2025-11-14T01:31:00.111Z</time>
      </trkpt>
      <trkpt lat="42.453873" lon="13.542151">
        <ele>2130.510042</ele>
        <time>2025-11-14T01:31:12.792Z</time>
      </trkpt>
      <trkpt lat="42.453898" lon="13.542244">
        <ele>2129.360335</ele>
        <time>2025-11-14T01:31:16.038Z</time>
      </trkpt>
      <trkpt lat="42.453900" lon="13.542459">
        <ele>2126.862800</ele>
        <time>2025-11-14T01:31:23.064Z</time>
      </trkpt>
      <trkpt lat="42.454028" lon="13.542621">
        <ele>2124.105720</ele>
        <time>2025-11-14T01:31:30.784Z</time>
      </trkpt>
      <trkpt lat="42.454148" lon="13.542605">
        <ele>2122.207440</ele>
        <time>2025-11-14T01:31:36.104Z</time>
      </trkpt>
      <trkpt lat="42.454352" lon="13.542951">
        <ele>2115.782307</ele>
        <time>2025-11-14T01:31:50.491Z</time>
      </trkpt>
      <trkpt lat="42.454406" lon="13.542979">
        <ele>2114.627256</ele>
        <time>2025-11-14T01:31:53.006Z</time>
      </trkpt>
      <trkpt lat="42.454475" lon="13.543306">
        <ele>2109.614075</ele>
        <time>2025-11-14T01:32:04.109Z</time>
      </trkpt>
      <trkpt lat="42.454515" lon="13.543956">
        <ele>2099.999897</ele>
        <time>2025-11-14T01:32:25.426Z</time>
      </trkpt>
      <trkpt lat="42.454479" lon="13.544100">
        <ele>2097.758820</ele>
        <time>2025-11-14T01:32:30.338Z</time>
      </trkpt>
      <trkpt lat="42.454481" lon="13.544442">
        <ele>2092.717628</ele>
        <time>2025-11-14T01:32:41.443Z</time>
      </trkpt>
      <trkpt lat="42.454518" lon="13.544484">
        <ele>2091.753452</ele>
        <time>2025-11-14T01:32:43.558Z</time>
      </trkpt>
      <trkpt lat="42.454473" lon="13.544838">
        <ele>2086.458662</ele>
        <time>2025-11-14T01:32:55.254Z</time>
      </trkpt>
      <trkpt lat="42.454380" lon="13.545071">
        <ele>2084.115256</ele>
        <time>2025-11-14T01:33:01.508Z</time>
      </trkpt>
      <trkpt lat="42.454387" lon="13.545108">
        <ele>2083.815673</ele>
        <time>2025-11-14T01:33:02.426Z</time>
      </trkpt>
      <trkpt lat="42.454450" lon="13.545115">
        <ele>2083.143725</ele>
        <time>2025-11-14T01:33:04.437Z</time>
      </trkpt>
      <trkpt lat="42.454480" lon="13.545166">
        <ele>2082.632160</ele>
        <time>2025-11-14T01:33:06.005Z</time>
      </trkpt>
      <trkpt lat="42.454510" lon="13.545165">
        <ele>2082.313158</ele>
        <time>2025-11-14T01:33:06.972Z</time>
      </trkpt>
      <trkpt lat="42.454513" lon="13.545246">
        <ele>2081.677068</ele>
        <time>2025-11-14T01:33:08.906Z</time>
      </trkpt>
      <trkpt lat="42.454575" lon="13.545353">
        <ele>2080.609994</ele>
        <time>2025-11-14T01:33:12.128Z</time>
      </trkpt>
      <trkpt lat="42.454764" lon="13.545364">
        <ele>2078.599040</ele>
        <time>2025-11-14T01:33:18.444Z</time>
      </trkpt>
      <trkpt lat="42.454839" lon="13.545474">
        <ele>2077.424331</ele>
        <time>2025-11-14T01:33:22.210Z</time>
      </trkpt>
      <trkpt lat="42.454943" lon="13.545476">
        <ele>2076.318681</ele>
        <time>2025-11-14T01:33:25.826Z</time>
      </trkpt>
      <trkpt lat="42.455252" lon="13.545301">
        <ele>2072.758731</ele>
        <time>2025-11-14T01:33:37.589Z</time>
      </trkpt>
      <trkpt lat="42.455362" lon="13.545304">
        <ele>2071.589175</ele>
        <time>2025-11-14T01:33:41.450Z</time>
      </trkpt>
      <trkpt lat="42.455475" lon="13.545243">
        <ele>2070.296197</ele>
        <time>2025-11-14T01:33:45.677Z</time>
      </trkpt>
      <trkpt lat="42.455559" lon="13.545253">
        <ele>2069.399825</ele>
        <time>2025-11-14T01:33:48.579Z</time>
      </trkpt>
      <trkpt lat="42.455619" lon="13.545305">
        <ele>2068.642771</ele>
        <time>2025-11-14T01:33:51.009Z</time>
      </trkpt>
      <trkpt lat="42.455695" lon="13.545292">
        <ele>2067.828470</ele>
        <time>2025-11-14T01:33:53.570Z</time>
      </trkpt>
      <trkpt lat="42.455747" lon="13.544839">
        <ele>2063.698493</ele>
        <time>2025-11-14T01:34:06.769Z</time>
      </trkpt>
      <trkpt lat="42.455720" lon="13.544662">
        <ele>2061.982468</ele>
        <time>2025-11-14T01:34:11.828Z</time>
      </trkpt>
      <trkpt lat="42.455667" lon="13.544610">
        <ele>2061.140509</ele>
        <time>2025-11-14T01:34:14.333Z</time>
      </trkpt>
      <trkpt lat="42.455652" lon="13.544458">
        <ele>2059.684529</ele>
        <time>2025-11-14T01:34:18.635Z</time>
      </trkpt>
      <trkpt lat="42.455727" lon="13.544386">
        <ele>2058.501837</ele>
        <time>2025-11-14T01:34:22.142Z</time>
      </trkpt>
      <trkpt lat="42.455756" lon="13.544271">
        <ele>2057.347984</ele>
        <time>2025-11-14T01:34:25.524Z</time>
      </trkpt>
      <trkpt lat="42.455867" lon="13.544177">
        <ele>2055.663713</ele>
        <time>2025-11-14T01:34:30.483Z</time>
      </trkpt>
      <trkpt lat="42.455881" lon="13.544029">
        <ele>2054.247064</ele>
        <time>2025-11-14T01:34:34.630Z</time>
      </trkpt>
      <trkpt lat="42.455969" lon="13.543855">
        <ele>2052.244204</ele>
        <time>2025-11-14T01:34:40.508Z</time>
      </trkpt>
      <trkpt lat="42.456059" lon="13.543558">
        <ele>2049.195847</ele>
        <time>2025-11-14T01:34:49.440Z</time>
      </trkpt>
      <trkpt lat="42.456083" lon="13.543226">
        <ele>2046.028678</ele>
        <time>2025-11-14T01:34:58.753Z</time>
      </trkpt>
      <trkpt lat="42.456118" lon="13.543120">
        <ele>2044.926106</ele>
        <time>2025-11-14T01:35:01.967Z</time>
      </trkpt>
      <trkpt lat="42.456080" lon="13.542596">
        <ele>2038.222429</ele>
        <time>2025-11-14T01:35:16.585Z</time>
      </trkpt>
      <trkpt lat="42.456051" lon="13.542471">
        <ele>2036.404889</ele>
        <time>2025-11-14T01:35:20.224Z</time>
      </trkpt>
      <trkpt lat="42.456065" lon="13.542430">
        <ele>2035.778235</ele>
        <time>2025-11-14T01:35:21.471Z</time>
      </trkpt>
      <trkpt lat="42.456051" lon="13.542345">
        <ele>2034.570202</ele>
        <time>2025-11-14T01:35:23.857Z</time>
      </trkpt>
      <trkpt lat="42.456106" lon="13.542188">
        <ele>2032.159482</ele>
        <time>2025-11-14T01:35:28.672Z</time>
      </trkpt>
      <trkpt lat="42.456115" lon="13.542080">
        <ele>2030.651920</ele>
        <time>2025-11-14T01:35:31.683Z</time>
      </trkpt>
      <trkpt lat="42.456085" lon="13.541984">
        <ele>2029.205811</ele>
        <time>2025-11-14T01:35:34.555Z</time>
      </trkpt>
      <trkpt lat="42.456185" lon="13.541334">
        <ele>2019.995927</ele>
        <time>2025-11-14T01:35:52.848Z</time>
      </trkpt>
      <trkpt lat="42.456328" lon="13.540990">
        <ele>2014.519158</ele>
        <time>2025-11-14T01:36:03.683Z</time>
      </trkpt>
      <trkpt lat="42.456388" lon="13.540929">
        <ele>2013.109081</ele>
        <time>2025-11-14T01:36:06.486Z</time>
      </trkpt>
      <trkpt lat="42.456443" lon="13.540305">
        <ele>2004.557389</ele>
        <time>2025-11-14T01:36:23.763Z</time>
      </trkpt>
      <trkpt lat="42.456415" lon="13.540128">
        <ele>2002.123013</ele>
        <time>2025-11-14T01:36:28.729Z</time>
      </trkpt>
      <trkpt lat="42.456432" lon="13.539816">
        <ele>1997.915844</ele>
        <time>2025-11-14T01:36:37.311Z</time>
      </trkpt>
      <trkpt lat="42.456486" lon="13.539674">
        <ele>1995.767505</ele>
        <time>2025-11-14T01:36:41.691Z</time>
      </trkpt>
      <trkpt lat="42.456679" lon="13.539383">
        <ele>1990.505428</ele>
        <time>2025-11-14T01:36:52.492Z</time>
      </trkpt>
      <trkpt lat="42.456722" lon="13.539280">
        <ele>1988.913928</ele>
        <time>2025-11-14T01:36:55.757Z</time>
      </trkpt>
      <trkpt lat="42.456744" lon="13.539227">
        <ele>1988.096131</ele>
        <time>2025-11-14T01:36:57.432Z</time>
      </trkpt>
      <trkpt lat="42.456782" lon="13.538873">
        <ele>1983.285479</ele>
        <time>2025-11-14T01:37:07.358Z</time>
      </trkpt>
      <trkpt lat="42.456753" lon="13.538766">
        <ele>1981.752544</ele>
        <time>2025-11-14T01:37:10.546Z</time>
      </trkpt>
      <trkpt lat="42.456758" lon="13.538566">
        <ele>1979.061436</ele>
        <time>2025-11-14T01:37:16.104Z</time>
      </trkpt>
      <trkpt lat="42.456673" lon="13.538335">
        <ele>1976.302937</ele>
        <time>2025-11-14T01:37:23.337Z</time>
      </trkpt>
      <trkpt lat="42.456667" lon="13.537921">
        <ele>1973.498638</ele>
        <time>2025-11-14T01:37:34.963Z</time>
      </trkpt>
      <trkpt lat="42.456632" lon="13.537812">
        <ele>1972.693568</ele>
        <time>2025-11-14T01:37:38.369Z</time>
      </trkpt>
      <trkpt lat="42.456642" lon="13.537731">
        <ele>1972.137379</ele>
        <time>2025-11-14T01:37:40.752Z</time>
      </trkpt>
      <trkpt lat="42.456612" lon="13.537647">
        <ele>1971.505354</ele>
        <time>2025-11-14T01:37:43.451Z</time>
      </trkpt>
      <trkpt lat="42.456616" lon="13.537569">
        <ele>1970.975835</ele>
        <time>2025-11-14T01:37:45.776Z</time>
      </trkpt>
      <trkpt lat="42.456561" lon="13.537416">
        <ele>1969.823213</ele>
        <time>2025-11-14T01:37:50.788Z</time>
      </trkpt>
      <trkpt lat="42.456579" lon="13.537110">
        <ele>1967.744290</ele>
        <time>2025-11-14T01:38:00.017Z</time>
      </trkpt>
      <trkpt lat="42.456567" lon="13.536968">
        <ele>1966.776326</ele>
        <time>2025-11-14T01:38:04.397Z</time>
      </trkpt>
      <trkpt lat="42.456736" lon="13.536616">
        <ele>1963.932144</ele>
        <time>2025-11-14T01:38:17.246Z</time>
      </trkpt>
      <trkpt lat="42.456750" lon="13.536488">
        <ele>1963.055809</ele>
        <time>2025-11-14T01:38:21.196Z</time>
      </trkpt>
      <trkpt lat="42.456726" lon="13.536352">
        <ele>1962.108788</ele>
        <time>2025-11-14T01:38:25.419Z</time>
      </trkpt>
      <trkpt lat="42.456676" lon="13.536237">
        <ele>1961.204791</ele>
        <time>2025-11-14T01:38:29.504Z</time>
      </trkpt>
      <trkpt lat="42.456708" lon="13.536150">
        <ele>1960.546436</ele>
        <time>2025-11-14T01:38:32.409Z</time>
      </trkpt>
      <trkpt lat="42.456900" lon="13.535977">
        <ele>1957.693955</ele>
        <time>2025-11-14T01:38:41.765Z</time>
      </trkpt>
      <trkpt lat="42.456990" lon="13.535816">
        <ele>1955.843169</ele>
        <time>2025-11-14T01:38:47.712Z</time>
      </trkpt>
      <trkpt lat="42.457061" lon="13.535766">
        <ele>1954.849507</ele>
        <time>2025-11-14T01:38:50.881Z</time>
      </trkpt>
      <trkpt lat="42.457257" lon="13.535797">
        <ele>1952.398864</ele>
        <time>2025-11-14T01:38:58.569Z</time>
      </trkpt>
      <trkpt lat="42.457328" lon="13.535742">
        <ele>1951.383267</ele>
        <time>2025-11-14T01:39:01.713Z</time>
      </trkpt>
      <trkpt lat="42.457718" lon="13.535930">
        <ele>1946.242661</ele>
        <time>2025-11-14T01:39:20.254Z</time>
      </trkpt>
      <trkpt lat="42.457870" lon="13.535908">
        <ele>1944.344239</ele>
        <time>2025-11-14T01:39:27.089Z</time>
      </trkpt>
      <trkpt lat="42.457906" lon="13.535958">
        <ele>1943.704114</ele>
        <time>2025-11-14T01:39:29.363Z</time>
      </trkpt>
      <trkpt lat="42.458166" lon="13.536062">
        <ele>1940.337502</ele>
        <time>2025-11-14T01:39:41.393Z</time>
      </trkpt>
      <trkpt lat="42.458435" lon="13.536244">
        <ele>1935.711341</ele>
        <time>2025-11-14T01:39:54.686Z</time>
      </trkpt>
      <trkpt lat="42.458459" lon="13.536346">
        <ele>1934.174544</ele>
        <time>2025-11-14T01:39:58.190Z</time>
      </trkpt>
      <trkpt lat="42.458528" lon="13.536397">
        <ele>1932.645424</ele>
        <time>2025-11-14T01:40:01.665Z</time>
      </trkpt>
      <trkpt lat="42.458638" lon="13.536362">
        <ele>1930.447043</ele>
        <time>2025-11-14T01:40:06.625Z</time>
      </trkpt>
      <trkpt lat="42.458760" lon="13.536365">
        <ele>1928.072972</ele>
        <time>2025-11-14T01:40:11.996Z</time>
      </trkpt>
      <trkpt lat="42.458839" lon="13.536400">
        <ele>1926.455893</ele>
        <time>2025-11-14T01:40:15.669Z</time>
      </trkpt>
      <trkpt lat="42.458918" lon="13.536350">
        <ele>1924.759530</ele>
        <time>2025-11-14T01:40:19.514Z</time>
      </trkpt>
      <trkpt lat="42.459033" lon="13.536348">
        <ele>1922.521860</ele>
        <time>2025-11-14T01:40:24.587Z</time>
      </trkpt>
      <trkpt lat="42.459064" lon="13.536312">
        <ele>1921.727620</ele>
        <time>2025-11-14T01:40:26.388Z</time>
      </trkpt>
      <trkpt lat="42.459224" lon="13.536252">
        <ele>1918.497656</ele>
        <time>2025-11-14T01:40:33.705Z</time>
      </trkpt>
      <trkpt lat="42.459300" lon="13.536260">
        <ele>1917.014518</ele>
        <time>2025-11-14T01:40:37.035Z</time>
      </trkpt>
      <trkpt lat="42.459364" lon="13.536227">
        <ele>1915.682255</ele>
        <time>2025-11-14T01:40:40.075Z</time>
      </trkpt>
      <trkpt lat="42.459417" lon="13.536159">
        <ele>1914.262368</ele>
        <time>2025-11-14T01:40:43.285Z</time>
      </trkpt>
      <trkpt lat="42.459431" lon="13.536093">
        <ele>1913.276618</ele>
        <time>2025-11-14T01:40:45.506Z</time>
      </trkpt>
      <trkpt lat="42.459463" lon="13.536078">
        <ele>1912.617835</ele>
        <time>2025-11-14T01:40:46.996Z</time>
      </trkpt>
      <trkpt lat="42.459506" lon="13.536140">
        <ele>1911.396379</ele>
        <time>2025-11-14T01:40:49.754Z</time>
      </trkpt>
      <trkpt lat="42.459539" lon="13.536149">
        <ele>1910.741450</ele>
        <time>2025-11-14T01:40:51.253Z</time>
      </trkpt>
      <trkpt lat="42.459642" lon="13.536015">
        <ele>1907.963740</ele>
        <time>2025-11-14T01:40:57.509Z</time>
      </trkpt>
      <trkpt lat="42.459671" lon="13.536025">
        <ele>1907.381533</ele>
        <time>2025-11-14T01:40:58.827Z</time>
      </trkpt>
      <trkpt lat="42.459679" lon="13.536072">
        <ele>1906.689171</ele>
        <time>2025-11-14T01:41:00.358Z</time>
      </trkpt>
      <trkpt lat="42.459836" lon="13.536040">
        <ele>1903.600175</ele>
        <time>2025-11-14T01:41:07.338Z</time>
      </trkpt>
      <trkpt lat="42.459894" lon="13.536055">
        <ele>1902.502782</ele>
        <time>2025-11-14T01:41:09.949Z</time>
      </trkpt>
      <trkpt lat="42.459986" lon="13.536009">
        <ele>1900.728945</ele>
        <time>2025-11-14T01:41:14.256Z</time>
      </trkpt>
      <trkpt lat="42.460253" lon="13.536106">
        <ele>1895.728612</ele>
        <time>2025-11-14T01:41:26.407Z</time>
      </trkpt>
      <trkpt lat="42.460333" lon="13.536235">
        <ele>1893.479616</ele>
        <time>2025-11-14T01:41:31.877Z</time>
      </trkpt>
      <trkpt lat="42.460572" lon="13.536370">
        <ele>1888.795890</ele>
        <time>2025-11-14T01:41:43.301Z</time>
      </trkpt>
      <trkpt lat="42.461241" lon="13.536606">
        <ele>1876.290986</ele>
        <time>2025-11-14T01:42:13.804Z</time>
      </trkpt>
      <trkpt lat="42.461700" lon="13.536839">
        <ele>1869.266037</ele>
        <time>2025-11-14T01:42:35.618Z</time>
      </trkpt>
      <trkpt lat="42.461767" lon="13.536855">
        <ele>1868.738586</ele>
        <time>2025-11-14T01:42:38.720Z</time>
      </trkpt>
      <trkpt lat="42.461885" lon="13.536831">
        <ele>1867.813490</ele>
        <time>2025-11-14T01:42:44.201Z</time>
      </trkpt>
      <trkpt lat="42.461933" lon="13.536903">
        <ele>1867.258441</ele>
        <time>2025-11-14T01:42:47.516Z</time>
      </trkpt>
      <trkpt lat="42.462026" lon="13.536925">
        <ele>1866.526514</ele>
        <time>2025-11-14T01:42:51.972Z</time>
      </trkpt>
      <trkpt lat="42.462074" lon="13.536982">
        <ele>1866.031763</ele>
        <time>2025-11-14T01:42:54.973Z</time>
      </trkpt>
      <trkpt lat="42.462392" lon="13.537069">
        <ele>1863.516592</ele>
        <time>2025-11-14T01:43:10.850Z</time>
      </trkpt>
      <trkpt lat="42.462702" lon="13.537252">
        <ele>1860.895139</ele>
        <time>2025-11-14T01:43:28.021Z</time>
      </trkpt>
      <trkpt lat="42.462999" lon="13.537385">
        <ele>1858.470099</ele>
        <time>2025-11-14T01:43:44.324Z</time>
      </trkpt>
      <trkpt lat="42.463071" lon="13.537387">
        <ele>1857.911765</ele>
        <time>2025-11-14T01:43:48.105Z</time>
      </trkpt>
      <trkpt lat="42.463164" lon="13.537498">
        <ele>1856.951070</ele>
        <time>2025-11-14T01:43:54.617Z</time>
      </trkpt>
      <trkpt lat="42.463260" lon="13.537470">
        <ele>1856.052966</ele>
        <time>2025-11-14T01:43:59.743Z</time>
      </trkpt>
      <trkpt lat="42.463328" lon="13.537528">
        <ele>1855.263813</ele>
        <time>2025-11-14T01:44:03.885Z</time>
      </trkpt>
      <trkpt lat="42.463477" lon="13.537555">
        <ele>1853.787243</ele>
        <time>2025-11-14T01:44:11.546Z</time>
      </trkpt>
      <trkpt lat="42.463569" lon="13.537617">
        <ele>1852.778059</ele>
        <time>2025-11-14T01:44:16.781Z</time>
      </trkpt>
      <trkpt lat="42.463734" lon="13.537603">
        <ele>1851.154175</ele>
        <time>2025-11-14T01:44:24.954Z</time>
      </trkpt>
      <trkpt lat="42.464044" lon="13.537685">
        <ele>1848.051772</ele>
        <time>2025-11-14T01:44:40.088Z</time>
      </trkpt>
      <trkpt lat="42.464123" lon="13.537822">
        <ele>1846.791766</ele>
        <time>2025-11-14T01:44:46.024Z</time>
      </trkpt>
      <trkpt lat="42.464463" lon="13.537966">
        <ele>1843.292910</ele>
        <time>2025-11-14T01:45:01.982Z</time>
      </trkpt>
      <trkpt lat="42.464561" lon="13.537943">
        <ele>1842.315986</ele>
        <time>2025-11-14T01:45:06.419Z</time>
      </trkpt>
      <trkpt lat="42.464724" lon="13.538082">
        <ele>1840.424464</ele>
        <time>2025-11-14T01:45:14.999Z</time>
      </trkpt>
      <trkpt lat="42.464955" lon="13.538161">
        <ele>1837.480855</ele>
        <time>2025-11-14T01:45:25.580Z</time>
      </trkpt>
      <trkpt lat="42.465403" lon="13.538193">
        <ele>1830.276730</ele>
        <time>2025-11-14T01:45:45.401Z</time>
      </trkpt>
      <trkpt lat="42.465538" lon="13.538139">
        <ele>1828.016444</ele>
        <time>2025-11-14T01:45:51.626Z</time>
      </trkpt>
      <trkpt lat="42.465667" lon="13.538158">
        <ele>1825.932725</ele>
        <time>2025-11-14T01:45:57.385Z</time>
      </trkpt>
      <trkpt lat="42.465910" lon="13.538105">
        <ele>1821.980359</ele>
        <time>2025-11-14T01:46:08.289Z</time>
      </trkpt>
      <trkpt lat="42.466482" lon="13.538096">
        <ele>1812.794359</ele>
        <time>2025-11-14T01:46:33.696Z</time>
      </trkpt>
      <trkpt lat="42.466929" lon="13.538289">
        <ele>1805.572946</ele>
        <time>2025-11-14T01:46:54.598Z</time>
      </trkpt>
      <trkpt lat="42.466977" lon="13.538406">
        <ele>1804.088231</ele>
        <time>2025-11-14T01:46:59.006Z</time>
      </trkpt>
      <trkpt lat="42.467464" lon="13.538605">
        <ele>1796.441263</ele>
        <time>2025-11-14T01:47:21.714Z</time>
      </trkpt>
      <trkpt lat="42.467655" lon="13.538522">
        <ele>1793.425836</ele>
        <time>2025-11-14T01:47:30.634Z</time>
      </trkpt>
      <trkpt lat="42.467908" lon="13.538699">
        <ele>1789.145582</ele>
        <time>2025-11-14T01:47:43.291Z</time>
      </trkpt>
      <trkpt lat="42.468117" lon="13.538794">
        <ele>1785.831543</ele>
        <time>2025-11-14T01:47:53.107Z</time>
      </trkpt>
      <trkpt lat="42.468177" lon="13.538783">
        <ele>1784.921289</ele>
        <time>2025-11-14T01:47:55.791Z</time>
      </trkpt>
      <trkpt lat="42.468235" lon="13.538849">
        <ele>1783.782839</ele>
        <time>2025-11-14T01:47:59.139Z</time>
      </trkpt>
      <trkpt lat="42.468820" lon="13.539238">
        <ele>1773.655045</ele>
        <time>2025-11-14T01:48:28.013Z</time>
      </trkpt>
      <trkpt lat="42.468932" lon="13.539256">
        <ele>1771.897772</ele>
        <time>2025-11-14T01:48:33.038Z</time>
      </trkpt>
      <trkpt lat="42.469032" lon="13.539302">
        <ele>1770.252436</ele>
        <time>2025-11-14T01:48:37.692Z</time>
      </trkpt>
      <trkpt lat="42.469054" lon="13.539338">
        <ele>1769.715140</ele>
        <time>2025-11-14T01:48:39.219Z</time>
      </trkpt>
      <trkpt lat="42.469299" lon="13.539403">
        <ele>1765.825423</ele>
        <time>2025-11-14T01:48:50.342Z</time>
      </trkpt>
      <trkpt lat="42.469342" lon="13.539375">
        <ele>1765.082169</ele>
        <time>2025-11-14T01:48:52.439Z</time>
      </trkpt>
      <trkpt lat="42.469539" lon="13.539394">
        <ele>1762.004987</ele>
        <time>2025-11-14T01:49:01.243Z</time>
      </trkpt>
      <trkpt lat="42.469586" lon="13.539447">
        <ele>1761.052464</ele>
        <time>2025-11-14T01:49:03.970Z</time>
      </trkpt>
      <trkpt lat="42.469662" lon="13.539433">
        <ele>1759.857439</ele>
        <time>2025-11-14T01:49:07.392Z</time>
      </trkpt>
      <trkpt lat="42.469777" lon="13.539514">
        <ele>1757.838240</ele>
        <time>2025-11-14T01:49:13.146Z</time>
      </trkpt>
      <trkpt lat="42.469887" lon="13.539545">
        <ele>1756.087708</ele>
        <time>2025-11-14T01:49:18.184Z</time>
      </trkpt>
      <trkpt lat="42.470390" lon="13.539946">
        <ele>1747.060419</ele>
        <time>2025-11-14T01:49:44.148Z</time>
      </trkpt>
      <trkpt lat="42.470457" lon="13.539955">
        <ele>1746.019755</ele>
        <time>2025-11-14T01:49:47.135Z</time>
      </trkpt>
      <trkpt lat="42.470497" lon="13.540003">
        <ele>1745.194079</ele>
        <time>2025-11-14T01:49:49.520Z</time>
      </trkpt>
      <trkpt lat="42.470739" lon="13.540048">
        <ele>1741.418556</ele>
        <time>2025-11-14T01:50:00.405Z</time>
      </trkpt>
      <trkpt lat="42.470788" lon="13.540082">
        <ele>1740.567745</ele>
        <time>2025-11-14T01:50:02.824Z</time>
      </trkpt>
      <trkpt lat="42.470876" lon="13.540052">
        <ele>1739.165218</ele>
        <time>2025-11-14T01:50:06.879Z</time>
      </trkpt>
      <trkpt lat="42.471012" lon="13.540115">
        <ele>1736.943792</ele>
        <time>2025-11-14T01:50:13.242Z</time>
      </trkpt>
      <trkpt lat="42.471145" lon="13.540080">
        <ele>1734.849692</ele>
        <time>2025-11-14T01:50:19.247Z</time>
      </trkpt>
      <trkpt lat="42.471305" lon="13.540210">
        <ele>1731.966508</ele>
        <time>2025-11-14T01:50:27.532Z</time>
      </trkpt>
      <trkpt lat="42.471284" lon="13.540374">
        <ele>1730.068772</ele>
        <time>2025-11-14T01:50:32.970Z</time>
      </trkpt>
      <trkpt lat="42.471311" lon="13.540446">
        <ele>1729.147904</ele>
        <time>2025-11-14T01:50:35.604Z</time>
      </trkpt>
      <trkpt lat="42.471669" lon="13.540718">
        <ele>1722.474304</ele>
        <time>2025-11-14T01:50:53.881Z</time>
      </trkpt>
      <trkpt lat="42.471762" lon="13.540753">
        <ele>1720.872474</ele>
        <time>2025-11-14T01:50:58.167Z</time>
      </trkpt>
      <trkpt lat="42.471777" lon="13.540813">
        <ele>1720.096932</ele>
        <time>2025-11-14T01:51:00.249Z</time>
      </trkpt>
      <trkpt lat="42.471829" lon="13.540839">
        <ele>1719.177098</ele>
        <time>2025-11-14T01:51:02.702Z</time>
      </trkpt>
      <trkpt lat="42.471939" lon="13.541084">
        <ele>1715.665965</ele>
        <time>2025-11-14T01:51:12.076Z</time>
      </trkpt>
      <trkpt lat="42.471891" lon="13.541143">
        <ele>1714.590665</ele>
        <time>2025-11-14T01:51:14.931Z</time>
      </trkpt>
      <trkpt lat="42.471885" lon="13.541232">
        <ele>1713.496617</ele>
        <time>2025-11-14T01:51:17.848Z</time>
      </trkpt>
      <trkpt lat="42.472021" lon="13.541298">
        <ele>1711.099259</ele>
        <time>2025-11-14T01:51:24.285Z</time>
      </trkpt>
      <trkpt lat="42.472054" lon="13.541373">
        <ele>1710.030194</ele>
        <time>2025-11-14T01:51:27.136Z</time>
      </trkpt>
      <trkpt lat="42.472118" lon="13.541369">
        <ele>1708.966896</ele>
        <time>2025-11-14T01:51:29.968Z</time>
      </trkpt>
      <trkpt lat="42.472138" lon="13.541321">
        <ele>1708.292029</ele>
        <time>2025-11-14T01:51:31.784Z</time>
      </trkpt>
      <trkpt lat="42.472248" lon="13.541280">
        <ele>1706.398688</ele>
        <time>2025-11-14T01:51:36.840Z</time>
      </trkpt>
      <trkpt lat="42.472565" lon="13.541348">
        <ele>1701.072183</ele>
        <time>2025-11-14T01:51:51.073Z</time>
      </trkpt>
      <trkpt lat="42.472684" lon="13.541426">
        <ele>1698.878504</ele>
        <time>2025-11-14T01:51:56.916Z</time>
      </trkpt>
      <trkpt lat="42.472972" lon="13.541521">
        <ele>1692.809567</ele>
        <time>2025-11-14T01:52:10.002Z</time>
      </trkpt>
      <trkpt lat="42.473090" lon="13.541438">
        <ele>1689.873407</ele>
        <time>2025-11-14T01:52:15.817Z</time>
      </trkpt>
      <trkpt lat="42.473335" lon="13.541392">
        <ele>1684.410435</ele>
        <time>2025-11-14T01:52:26.726Z</time>
      </trkpt>
      <trkpt lat="42.473420" lon="13.541480">
        <ele>1682.048251</ele>
        <time>2025-11-14T01:52:31.529Z</time>
      </trkpt>
      <trkpt lat="42.473859" lon="13.541726">
        <ele>1671.556462</ele>
        <time>2025-11-14T01:52:52.667Z</time>
      </trkpt>
      <trkpt lat="42.474043" lon="13.541755">
        <ele>1667.465077</ele>
        <time>2025-11-14T01:53:00.921Z</time>
      </trkpt>
      <trkpt lat="42.474299" lon="13.541902">
        <ele>1661.324564</ele>
        <time>2025-11-14T01:53:13.450Z</time>
      </trkpt>
      <trkpt lat="42.474668" lon="13.541863">
        <ele>1653.847585</ele>
        <time>2025-11-14T01:53:29.904Z</time>
      </trkpt>
      <trkpt lat="42.475062" lon="13.541860">
        <ele>1646.477533</ele>
        <time>2025-11-14T01:53:47.216Z</time>
      </trkpt>
      <trkpt lat="42.475117" lon="13.541805">
        <ele>1645.199167</ele>
        <time>2025-11-14T01:53:50.231Z</time>
      </trkpt>
      <trkpt lat="42.475412" lon="13.541692">
        <ele>1639.465065</ele>
        <time>2025-11-14T01:54:03.782Z</time>
      </trkpt>
      <trkpt lat="42.475477" lon="13.541635">
        <ele>1638.017059</ele>
        <time>2025-11-14T01:54:07.186Z</time>
      </trkpt>
      <trkpt lat="42.475646" lon="13.541652">
        <ele>1634.847154</ele>
        <time>2025-11-14T01:54:14.702Z</time>
      </trkpt>
      <trkpt lat="42.475813" lon="13.541591">
        <ele>1631.611970</ele>
        <time>2025-11-14T01:54:22.354Z</time>
      </trkpt>
      <trkpt lat="42.475885" lon="13.541622">
        <ele>1630.198902</ele>
        <time>2025-11-14T01:54:25.713Z</time>
      </trkpt>
      <trkpt lat="42.476118" lon="13.541561">
        <ele>1625.760030</ele>
        <time>2025-11-14T01:54:36.264Z</time>
      </trkpt>
      <trkpt lat="42.476288" lon="13.541597">
        <ele>1623.083802</ele>
        <time>2025-11-14T01:54:43.931Z</time>
      </trkpt>
      <trkpt lat="42.476558" lon="13.541515">
        <ele>1619.752231</ele>
        <time>2025-11-14T01:54:56.245Z</time>
      </trkpt>
      <trkpt lat="42.476812" lon="13.541517">
        <ele>1616.693823</ele>
        <time>2025-11-14T01:55:07.598Z</time>
      </trkpt>
      <trkpt lat="42.477080" lon="13.541567">
        <ele>1613.436488</ele>
        <time>2025-11-14T01:55:19.717Z</time>
      </trkpt>
      <trkpt lat="42.477278" lon="13.541520">
        <ele>1611.016153</ele>
        <time>2025-11-14T01:55:28.714Z</time>
      </trkpt>
      <trkpt lat="42.477449" lon="13.541609">
        <ele>1608.810692</ele>
        <time>2025-11-14T01:55:36.928Z</time>
      </trkpt>
      <trkpt lat="42.477799" lon="13.541592">
        <ele>1604.593717</ele>
        <time>2025-11-14T01:55:52.927Z</time>
      </trkpt>
      <trkpt lat="42.478591" lon="13.541775">
        <ele>1596.620548</ele>
        <time>2025-11-14T01:56:31.117Z</time>
      </trkpt>
      <trkpt lat="42.478859" lon="13.541754">
        <ele>1594.122480</ele>
        <time>2025-11-14T01:56:44.103Z</time>
      </trkpt>
      <trkpt lat="42.479142" lon="13.541911">
        <ele>1591.277080</ele>
        <time>2025-11-14T01:56:58.758Z</time>
      </trkpt>
      <trkpt lat="42.479413" lon="13.542189">
        <ele>1588.114829</ele>
        <time>2025-11-14T01:57:14.606Z</time>
      </trkpt>
      <trkpt lat="42.479551" lon="13.542229">
        <ele>1586.801638</ele>
        <time>2025-11-14T01:57:20.988Z</time>
      </trkpt>
      <trkpt lat="42.479700" lon="13.542216">
        <ele>1585.251697</ele>
        <time>2025-11-14T01:57:27.647Z</time>
      </trkpt>
      <trkpt lat="42.480180" lon="13.542449">
        <ele>1577.540100</ele>
        <time>2025-11-14T01:57:50.438Z</time>
      </trkpt>
      <trkpt lat="42.480530" lon="13.542497">
        <ele>1572.219080</ele>
        <time>2025-11-14T01:58:06.047Z</time>
      </trkpt>
      <trkpt lat="42.480642" lon="13.542580">
        <ele>1570.288485</ele>
        <time>2025-11-14T01:58:11.693Z</time>
      </trkpt>
      <trkpt lat="42.480708" lon="13.542591">
        <ele>1569.282673</ele>
        <time>2025-11-14T01:58:14.652Z</time>
      </trkpt>
      <trkpt lat="42.480874" lon="13.542672">
        <ele>1566.614164</ele>
        <time>2025-11-14T01:58:22.455Z</time>
      </trkpt>
      <trkpt lat="42.481056" lon="13.542661">
        <ele>1563.858545</ele>
        <time>2025-11-14T01:58:30.559Z</time>
      </trkpt>
      <trkpt lat="42.481223" lon="13.542772">
        <ele>1561.045382</ele>
        <time>2025-11-14T01:58:38.804Z</time>
      </trkpt>
      <trkpt lat="42.481671" lon="13.542803">
        <ele>1553.365059</ele>
        <time>2025-11-14T01:58:58.653Z</time>
      </trkpt>
      <trkpt lat="42.481956" lon="13.542959">
        <ele>1547.726074</ele>
        <time>2025-11-14T01:59:12.266Z</time>
      </trkpt>
      <trkpt lat="42.482228" lon="13.543023">
        <ele>1542.661006</ele>
        <time>2025-11-14T01:59:24.518Z</time>
      </trkpt>
      <trkpt lat="42.482565" lon="13.542981">
        <ele>1536.451874</ele>
        <time>2025-11-14T01:59:39.441Z</time>
      </trkpt>
      <trkpt lat="42.482897" lon="13.542977">
        <ele>1530.360300</ele>
        <time>2025-11-14T01:59:54.059Z</time>
      </trkpt>
      <trkpt lat="42.483465" lon="13.542891">
        <ele>1518.981184</ele>
        <time>2025-11-14T02:00:19.229Z</time>
      </trkpt>
      <trkpt lat="42.484156" lon="13.542879">
        <ele>1504.275987</ele>
        <time>2025-11-14T02:00:49.565Z</time>
      </trkpt>
      <trkpt lat="42.484368" lon="13.542767">
        <ele>1499.434489</ele>
        <time>2025-11-14T02:00:59.547Z</time>
      </trkpt>
      <trkpt lat="42.484487" lon="13.542751">
        <ele>1496.889836</ele>
        <time>2025-11-14T02:01:04.805Z</time>
      </trkpt>
      <trkpt lat="42.484805" lon="13.542799">
        <ele>1490.081226</ele>
        <time>2025-11-14T02:01:18.880Z</time>
      </trkpt>
      <trkpt lat="42.485072" lon="13.542627">
        <ele>1482.278573</ele>
        <time>2025-11-14T02:01:31.853Z</time>
      </trkpt>
      <trkpt lat="42.485249" lon="13.542406">
        <ele>1474.879481</ele>
        <time>2025-11-14T02:01:42.544Z</time>
      </trkpt>
      <trkpt lat="42.485438" lon="13.542417">
        <ele>1469.061983</ele>
        <time>2025-11-14T02:01:51.219Z</time>
      </trkpt>
      <trkpt lat="42.485659" lon="13.542402">
        <ele>1462.257260</ele>
        <time>2025-11-14T02:01:58.884Z</time>
      </trkpt>
      <trkpt lat="42.485785" lon="13.542623">
        <ele>1455.922252</ele>
        <time>2025-11-14T02:02:06.190Z</time>
      </trkpt>
      <trkpt lat="42.485898" lon="13.542587">
        <ele>1452.352650</ele>
        <time>2025-11-14T02:02:11.254Z</time>
      </trkpt>
      <trkpt lat="42.486006" lon="13.542563">
        <ele>1448.987122</ele>
        <time>2025-11-14T02:02:16.048Z</time>
      </trkpt>
      <trkpt lat="42.486307" lon="13.542653">
        <ele>1439.508392</ele>
        <time>2025-11-14T02:02:29.906Z</time>
      </trkpt>
      <trkpt lat="42.486591" lon="13.542817">
        <ele>1429.743104</ele>
        <time>2025-11-14T02:02:44.458Z</time>
      </trkpt>
      <trkpt lat="42.486914" lon="13.543102">
        <ele>1416.155485</ele>
        <time>2025-11-14T02:03:03.161Z</time>
      </trkpt>
      <trkpt lat="42.487121" lon="13.543055">
        <ele>1408.755095</ele>
        <time>2025-11-14T02:03:13.079Z</time>
      </trkpt>
      <trkpt lat="42.487313" lon="13.543218">
        <ele>1400.767964</ele>
        <time>2025-11-14T02:03:23.598Z</time>
      </trkpt>
      <trkpt lat="42.487556" lon="13.543544">
        <ele>1388.715413</ele>
        <time>2025-11-14T02:03:38.898Z</time>
      </trkpt>
      <trkpt lat="42.487669" lon="13.543555">
        <ele>1384.720798</ele>
        <time>2025-11-14T02:03:43.788Z</time>
      </trkpt>
      <trkpt lat="42.487794" lon="13.543384">
        <ele>1378.460215</ele>
        <time>2025-11-14T02:03:51.215Z</time>
      </trkpt>
      <trkpt lat="42.488010" lon="13.543650">
        <ele>1368.242423</ele>
        <time>2025-11-14T02:04:03.084Z</time>
      </trkpt>
      <trkpt lat="42.488344" lon="13.543735">
        <ele>1359.212579</ele>
        <time>2025-11-14T02:04:16.590Z</time>
      </trkpt>
      <trkpt lat="42.488717" lon="13.543889">
        <ele>1348.852201</ele>
        <time>2025-11-14T02:04:31.889Z</time>
      </trkpt>
      <trkpt lat="42.488949" lon="13.544041">
        <ele>1342.005833</ele>
        <time>2025-11-14T02:04:42.216Z</time>
      </trkpt>
      <trkpt lat="42.489336" lon="13.544123">
        <ele>1331.597858</ele>
        <time>2025-11-14T02:04:57.699Z</time>
      </trkpt>
      <trkpt lat="42.489468" lon="13.544037">
        <ele>1327.706622</ele>
        <time>2025-11-14T02:05:03.313Z</time>
      </trkpt>
      <trkpt lat="42.489550" lon="13.543872">
        <ele>1323.807936</ele>
        <time>2025-11-14T02:05:08.927Z</time>
      </trkpt>
      <trkpt lat="42.489840" lon="13.543660">
        <ele>1317.124848</ele>
        <time>2025-11-14T02:05:21.346Z</time>
      </trkpt>
      <trkpt lat="42.490294" lon="13.543520">
        <ele>1309.320265</ele>
        <time>2025-11-14T02:05:36.100Z</time>
      </trkpt>
      <trkpt lat="42.490927" lon="13.543518">
        <ele>1298.709382</ele>
        <time>2025-11-14T02:05:56.349Z</time>
      </trkpt>
      <trkpt lat="42.491163" lon="13.543432">
        <ele>1294.613030</ele>
        <time>2025-11-14T02:06:04.347Z</time>
      </trkpt>
      <trkpt lat="42.491380" lon="13.543234">
        <ele>1290.332715</ele>
        <time>2025-11-14T02:06:12.938Z</time>
      </trkpt>
      <trkpt lat="42.491706" lon="13.543201">
        <ele>1286.850970</ele>
        <time>2025-11-14T02:06:23.658Z</time>
      </trkpt>
      <trkpt lat="42.491946" lon="13.543340">
        <ele>1284.071493</ele>
        <time>2025-11-14T02:06:32.151Z</time>
      </trkpt>
      <trkpt lat="42.492273" lon="13.543679">
        <ele>1279.687734</ele>
        <time>2025-11-14T02:06:45.522Z</time>
      </trkpt>
      <trkpt lat="42.492842" lon="13.543848">
        <ele>1273.483926</ele>
        <time>2025-11-14T02:07:04.455Z</time>
      </trkpt>
      <trkpt lat="42.493304" lon="13.543779">
        <ele>1268.799101</ele>
        <time>2025-11-14T02:07:19.780Z</time>
      </trkpt>
      <trkpt lat="42.493586" lon="13.543624">
        <ele>1265.863060</ele>
        <time>2025-11-14T02:07:29.950Z</time>
      </trkpt>
      <trkpt lat="42.494040" lon="13.543630">
        <ele>1261.482138</ele>
        <time>2025-11-14T02:07:45.223Z</time>
      </trkpt>
      <trkpt lat="42.494502" lon="13.543570">
        <ele>1257.003838</ele>
        <time>2025-11-14T02:08:00.770Z</time>
      </trkpt>
      <trkpt lat="42.494766" lon="13.543385">
        <ele>1254.136512</ele>
        <time>2025-11-14T02:08:10.619Z</time>
      </trkpt>
      <trkpt lat="42.495221" lon="13.543345">
        <ele>1250.463439</ele>
        <time>2025-11-14T02:08:25.609Z</time>
      </trkpt>
      <trkpt lat="42.495644" lon="13.543564">
        <ele>1246.838787</ele>
        <time>2025-11-14T02:08:40.825Z</time>
      </trkpt>
      <trkpt lat="42.495896" lon="13.543491">
        <ele>1244.775908</ele>
        <time>2025-11-14T02:08:49.648Z</time>
      </trkpt>
      <trkpt lat="42.496107" lon="13.543551">
        <ele>1243.050030</ele>
        <time>2025-11-14T02:08:57.197Z</time>
      </trkpt>
      <trkpt lat="42.496375" lon="13.543720">
        <ele>1240.684002</ele>
        <time>2025-11-14T02:09:07.767Z</time>
      </trkpt>
      <trkpt lat="42.496513" lon="13.543667">
        <ele>1239.555738</ele>
        <time>2025-11-14T02:09:12.935Z</time>
      </trkpt>
      <trkpt lat="42.496728" lon="13.543735">
        <ele>1238.313740</ele>
        <time>2025-11-14T02:09:21.011Z</time>
      </trkpt>
      <trkpt lat="42.496884" lon="13.543663">
        <ele>1237.386693</ele>
        <time>2025-11-14T02:09:27.064Z</time>
      </trkpt>
      <trkpt lat="42.497234" lon="13.543674">
        <ele>1235.417138</ele>
        <time>2025-11-14T02:09:40.019Z</time>
      </trkpt>
      <trkpt lat="42.497386" lon="13.543509">
        <ele>1234.321853</ele>
        <time>2025-11-14T02:09:47.173Z</time>
      </trkpt>
      <trkpt lat="42.497575" lon="13.543457">
        <ele>1233.236922</ele>
        <time>2025-11-14T02:09:54.188Z</time>
      </trkpt>
      <trkpt lat="42.497868" lon="13.543496">
        <ele>1231.580647</ele>
        <time>2025-11-14T02:10:04.772Z</time>
      </trkpt>
      <trkpt lat="42.498133" lon="13.543315">
        <ele>1229.911443</ele>
        <time>2025-11-14T02:10:15.265Z</time>
      </trkpt>
      <trkpt lat="42.499308" lon="13.543534">
        <ele>1221.760703</ele>
        <time>2025-11-14T02:10:56.778Z</time>
      </trkpt>
      <trkpt lat="42.499634" lon="13.543466">
        <ele>1219.465888</ele>
        <time>2025-11-14T02:11:08.341Z</time>
      </trkpt>
      <trkpt lat="42.499845" lon="13.543350">
        <ele>1217.881843</ele>
        <time>2025-11-14T02:11:16.323Z</time>
      </trkpt>
      <trkpt lat="42.501345" lon="13.543668">
        <ele>1207.016472</ele>
        <time>2025-11-14T02:12:09.504Z</time>
      </trkpt>
      <trkpt lat="42.502482" lon="13.543310">
        <ele>1198.488876</ele>
        <time>2025-11-14T02:12:49.963Z</time>
      </trkpt>
      <trkpt lat="42.502873" lon="13.543482">
        <ele>1195.456661</ele>
        <time>2025-11-14T02:13:04.129Z</time>
      </trkpt>
      <trkpt lat="42.503179" lon="13.543420">
        <ele>1193.174322</ele>
        <time>2025-11-14T02:13:14.847Z</time>
      </trkpt>
      <trkpt lat="42.503451" lon="13.543425">
        <ele>1191.167653</ele>
        <time>2025-11-14T02:13:24.329Z</time>
      </trkpt>
      <trkpt lat="42.504124" lon="13.543573">
        <ele>1187.593241</ele>
        <time>2025-11-14T02:13:48.592Z</time>
      </trkpt>
      <trkpt lat="42.504699" lon="13.543518">
        <ele>1184.669469</ele>
        <time>2025-11-14T02:14:09.865Z</time>
      </trkpt>
      <trkpt lat="42.504930" lon="13.543581">
        <ele>1183.474336</ele>
        <time>2025-11-14T02:14:18.733Z</time>
      </trkpt>
      <trkpt lat="42.505088" lon="13.543663">
        <ele>1182.616269</ele>
        <time>2025-11-14T02:14:25.108Z</time>
      </trkpt>
      <trkpt lat="42.506039" lon="13.543769">
        <ele>1178.226524</ele>
        <time>2025-11-14T02:15:00.828Z</time>
      </trkpt>
      <trkpt lat="42.507010" lon="13.543754">
        <ele>1173.870208</ele>
        <time>2025-11-14T02:15:36.540Z</time>
      </trkpt>
      <trkpt lat="42.507650" lon="13.543927">
        <ele>1171.056562</ele>
        <time>2025-11-14T02:16:00.173Z</time>
      </trkpt>
      <trkpt lat="42.508375" lon="13.543875">
        <ele>1167.939025</ele>
        <time>2025-11-14T02:16:27.047Z</time>
      </trkpt>
      <trkpt lat="42.508491" lon="13.543875">
        <ele>1167.440915</ele>
        <time>2025-11-14T02:16:31.378Z</time>
      </trkpt>
      <trkpt lat="42.509964" lon="13.544472">
        <ele>1162.518597</ele>
        <time>2025-11-14T02:17:30.362Z</time>
      </trkpt>
      <trkpt lat="42.510314" lon="13.544521">
        <ele>1161.511003</ele>
        <time>2025-11-14T02:17:43.918Z</time>
      </trkpt>
      <trkpt lat="42.510950" lon="13.544782">
        <ele>1159.209522</ele>
        <time>2025-11-14T02:18:09.497Z</time>
      </trkpt>
      <trkpt lat="42.511078" lon="13.544931">
        <ele>1158.554773</ele>
        <time>2025-11-14T02:18:15.953Z</time>
      </trkpt>
      <trkpt lat="42.511309" lon="13.544990">
        <ele>1157.642286</ele>
        <time>2025-11-14T02:18:24.909Z</time>
      </trkpt>
      <trkpt lat="42.511659" lon="13.545155">
        <ele>1156.203898</ele>
        <time>2025-11-14T02:18:38.853Z</time>
      </trkpt>
      <trkpt lat="42.512167" lon="13.545618">
        <ele>1153.828133</ele>
        <time>2025-11-14T02:19:01.446Z</time>
      </trkpt>
      <trkpt lat="42.512876" lon="13.545953">
        <ele>1148.545880</ele>
        <time>2025-11-14T02:19:28.063Z</time>
      </trkpt>
      <trkpt lat="42.512947" lon="13.546014">
        <ele>1147.947016</ele>
        <time>2025-11-14T02:19:30.963Z</time>
      </trkpt>
      <trkpt lat="42.513370" lon="13.546238">
        <ele>1144.711260</ele>
        <time>2025-11-14T02:19:46.688Z</time>
      </trkpt>
      <trkpt lat="42.513891" lon="13.546687">
        <ele>1140.018421</ele>
        <time>2025-11-14T02:20:07.901Z</time>
      </trkpt>
      <trkpt lat="42.514113" lon="13.546928">
        <ele>1137.025773</ele>
        <time>2025-11-14T02:20:17.513Z</time>
      </trkpt>
      <trkpt lat="42.514674" lon="13.547404">
        <ele>1130.061281</ele>
        <time>2025-11-14T02:20:39.717Z</time>
      </trkpt>
      <trkpt lat="42.515628" lon="13.548438">
        <ele>1116.261952</ele>
        <time>2025-11-14T02:21:19.061Z</time>
      </trkpt>
      <trkpt lat="42.516236" lon="13.549289">
        <ele>1105.249135</ele>
        <time>2025-11-14T02:21:47.073Z</time>
      </trkpt>
      <trkpt lat="42.516854" lon="13.550099">
        <ele>1096.389111</ele>
        <time>2025-11-14T02:22:15.239Z</time>
      </trkpt>
      <trkpt lat="42.517472" lon="13.550785">
        <ele>1090.369361</ele>
        <time>2025-11-14T02:22:44.390Z</time>
      </trkpt>
      <trkpt lat="42.517789" lon="13.551088">
        <ele>1087.445996</ele>
        <time>2025-11-14T02:22:58.352Z</time>
      </trkpt>
      <trkpt lat="42.518085" lon="13.551218">
        <ele>1084.785424</ele>
        <time>2025-11-14T02:23:09.017Z</time>
      </trkpt>
      <trkpt lat="42.518520" lon="13.551343">
        <ele>1079.841645</ele>
        <time>2025-11-14T02:23:23.608Z</time>
      </trkpt>
      <trkpt lat="42.518870" lon="13.551515">
        <ele>1075.702810</ele>
        <time>2025-11-14T02:23:35.609Z</time>
      </trkpt>
      <trkpt lat="42.519320" lon="13.551588">
        <ele>1070.663909</ele>
        <time>2025-11-14T02:23:50.150Z</time>
      </trkpt>
      <trkpt lat="42.520107" lon="13.551873">
        <ele>1062.895741</ele>
        <time>2025-11-14T02:24:16.488Z</time>
      </trkpt>
      <trkpt lat="42.520836" lon="13.551984">
        <ele>1057.266293</ele>
        <time>2025-11-14T02:24:41.746Z</time>
      </trkpt>
      <trkpt lat="42.521123" lon="13.552077">
        <ele>1055.001920</ele>
        <time>2025-11-14T02:24:51.617Z</time>
      </trkpt>
      <trkpt lat="42.521303" lon="13.552226">
        <ele>1053.383824</ele>
        <time>2025-11-14T02:25:01.430Z</time>
      </trkpt>
      <trkpt lat="42.521659" lon="13.552322">
        <ele>1052.904921</ele>
        <time>2025-11-14T02:25:20.639Z</time>
      </trkpt>
      <trkpt lat="42.522102" lon="13.552225">
        <ele>1055.280680</ele>
        <time>2025-11-14T02:25:42.225Z</time>
      </trkpt>
      <trkpt lat="42.522258" lon="13.552190">
        <ele>1056.117820</ele>
        <time>2025-11-14T02:25:51.664Z</time>
      </trkpt>
      <trkpt lat="42.522326" lon="13.552319">
        <ele>1056.736681</ele>
        <time>2025-11-14T02:25:59.273Z</time>
      </trkpt>
      <trkpt lat="42.522404" lon="13.552360">
        <ele>1057.179549</ele>
        <time>2025-11-14T02:26:04.836Z</time>
      </trkpt>
      <trkpt lat="42.522368" lon="13.552485">
        <ele>1057.703221</ele>
        <time>2025-11-14T02:26:11.279Z</time>
      </trkpt>
      <trkpt lat="42.522436" lon="13.552611">
        <ele>1058.312597</ele>
        <time>2025-11-14T02:26:18.664Z</time>
      </trkpt>
      <trkpt lat="42.522390" lon="13.552835">
        <ele>1059.219948</ele>
        <time>2025-11-14T02:26:28.884Z</time>
      </trkpt>
      <trkpt lat="42.522382" lon="13.552871">
        <ele>1059.366667</ele>
        <time>2025-11-14T02:26:30.472Z</time>
      </trkpt>
      <trkpt lat="42.522295" lon="13.553021">
        <ele>1060.111480</ele>
        <time>2025-11-14T02:26:39.161Z</time>
      </trkpt>
      <trkpt lat="42.522316" lon="13.553059">
        <ele>1060.296812</ele>
        <time>2025-11-14T02:26:41.433Z</time>
      </trkpt>
      <trkpt lat="42.522255" lon="13.553220">
        <ele>1061.003192</ele>
        <time>2025-11-14T02:26:49.837Z</time>
      </trkpt>
      <trkpt lat="42.522103" lon="13.553390">
        <ele>1061.486013</ele>
        <time>2025-11-14T02:27:03.566Z</time>
      </trkpt>
      <trkpt lat="42.522121" lon="13.553518">
        <ele>1061.486013</ele>
        <time>2025-11-14T02:27:10.299Z</time>
      </trkpt>
      <trkpt lat="42.522198" lon="13.553750">
        <ele>1061.486013</ele>
        <time>2025-11-14T02:27:21.007Z</time>
      </trkpt>
      <trkpt lat="42.522206" lon="13.553969">
        <ele>1061.486013</ele>
        <time>2025-11-14T02:27:28.356Z</time>
      </trkpt>
      <trkpt lat="42.522266" lon="13.553957">
        <ele>1061.486013</ele>
        <time>2025-11-14T02:27:31.159Z</time>
      </trkpt>
      <trkpt lat="42.522332" lon="13.553602">
        <ele>1061.486013</ele>
        <time>2025-11-14T02:27:42.870Z</time>
      </trkpt>
      <trkpt lat="42.522461" lon="13.553388">
        <ele>1061.486013</ele>
        <time>2025-11-14T02:27:51.063Z</time>
      </trkpt>
      <trkpt lat="42.522513" lon="13.553194">
        <ele>1061.486013</ele>
        <time>2025-11-14T02:27:57.042Z</time>
      </trkpt>
      <trkpt lat="42.522612" lon="13.553034">
        <ele>1061.486013</ele>
        <time>2025-11-14T02:28:02.895Z</time>
      </trkpt>
      <trkpt lat="42.522651" lon="13.552899">
        <ele>1061.486013</ele>
        <time>2025-11-14T02:28:06.958Z</time>
      </trkpt>
      <trkpt lat="42.522651" lon="13.552650">
        <ele>1061.486013</ele>
        <time>2025-11-14T02:28:13.904Z</time>
      </trkpt>
      <trkpt lat="42.522706" lon="13.552681">
        <ele>1061.486013</ele>
        <time>2025-11-14T02:28:16.156Z</time>
      </trkpt>
      <trkpt lat="42.522762" lon="13.552713">
        <ele>1061.486013</ele>
        <time>2025-11-14T02:28:18.519Z</time>
      </trkpt>
      <trkpt lat="42.522821" lon="13.552713">
        <ele>1061.486013</ele>
        <time>2025-11-14T02:28:20.784Z</time>
      </trkpt>
      <trkpt lat="42.522855" lon="13.552732">
        <ele>1061.486013</ele>
        <time>2025-11-14T02:28:22.213Z</time>
      </trkpt>
      <trkpt lat="42.522841" lon="13.552991">
        <ele>1061.486013</ele>
        <time>2025-11-14T02:28:29.776Z</time>
      </trkpt>
      <trkpt lat="42.522871" lon="13.553057">
        <ele>1061.486013</ele>
        <time>2025-11-14T02:28:32.006Z</time>
      </trkpt>
      <trkpt lat="42.522855" lon="13.553171">
        <ele>1061.486013</ele>
        <time>2025-11-14T02:28:35.488Z</time>
      </trkpt>
      <trkpt lat="42.522852" lon="13.553233">
        <ele>1061.486013</ele>
        <time>2025-11-14T02:28:37.082Z</time>
      </trkpt>
      <trkpt lat="42.522876" lon="13.553323">
        <ele>1061.486013</ele>
        <time>2025-11-14T02:28:39.478Z</time>
      </trkpt>
      <trkpt lat="42.522892" lon="13.553443">
        <ele>1061.486013</ele>
        <time>2025-11-14T02:28:42.616Z</time>
      </trkpt>
    </trkseg>
  </trk>
</gpx>