<?xml version="1.0" encoding="utf-8" standalone="yes"?>
<gpx version="1.1" creator="GPS Visualizer https://www.gpsvisualizer.com/" xmlns="http://www.topografix.com/GPX/1/1" xmlns:xsi="http://www.w3.org/2001/XMLSchema-instance" xsi:schemaLocation="http://www.topografix.com/GPX/1/1 http://www.topografix.com/GPX/1/1/gpx.xsd">
<wpt lat="42.36218" lon="13.81972">
  <ele>1469.4</ele>
  <time>2022-03-22T12:21:35.514Z</time>
  <name>Voltignolo</name>
  <sym>Flag, Green</sym>
</wpt>
<wpt lat="42.3829" lon="13.85933">
  <ele>702.6</ele>
  <time>2022-03-22T12:21:35.514Z</time>
  <name>Villa Celiera</name>
  <sym>Flag, Blue</sym>
</wpt>
<wpt lat="42.38851" lon="13.8518">
  <ele>873.2</ele>
  <time>2022-03-22T12:21:35.515Z</time>
  <name>Contrada S.Maria</name>
  <sym>Flag, Green</sym>
</wpt>
<wpt lat="42.39864" lon="13.84782">
  <ele>1076.7</ele>
  <time>2022-03-22T12:21:35.515Z</time>
  <name>Sella Bertona-Morrone</name>
  <sym>Flag, Green</sym>
</wpt>
<wpt lat="42.40273" lon="13.85075">
  <ele>1038.3</ele>
  <time>2022-03-22T12:21:35.515Z</time>
  <name>Colle di Bacchettone</name>
  <sym>Flag, Green</sym>
</wpt>
<wpt lat="42.37164" lon="13.83196">
  <ele>1341.6</ele>
  <time>2022-03-22T12:21:35.516Z</time>
  <name>Pantane</name>
  <sym>Flag, Green</sym>
</wpt>
<wpt lat="42.39357" lon="13.82847">
  <ele>1144.9</ele>
  <time>2022-03-22T12:21:52.245Z</time>
  <name>Fonte Le Scalate</name>
  <sym>Drinking Water</sym>
</wpt>
<wpt lat="42.39973" lon="13.8538">
  <ele>1204.0</ele>
  <time>2022-03-22T12:22:11.505Z</time>
  <name>Monte Bertona</name>
  <sym>City (Small)</sym>
</wpt>
<wpt lat="42.3817634" lon="13.8258807">
  <ele>1335.8</ele>
  <time>2022-12-06T11:15:17.081Z</time>
  <name>Cima delle Scalate</name>
  <sym>Flag, Green</sym>
</wpt>
<wpt lat="42.3721777" lon="13.8208862">
  <ele>1519.1</ele>
  <time>2022-12-06T11:27:12.321Z</time>
  <name>B. Battituro</name>
  <sym>Flag, Green</sym>
</wpt>
<trk>
  <name>skytrail corta 2023.shp</name>
  <desc>skytrail corta 2023.shp</desc>
  <trkseg>
    <trkpt lat="42.38285" lon="13.85921">
      <ele>708.025</ele>
      <time>2022-11-24T11:29:31.224Z</time>
    </trkpt>
    <trkpt lat="42.38284" lon="13.85884">
      <ele>717.815</ele>
      <time>2022-11-24T11:29:31.224Z</time>
    </trkpt>
    <trkpt lat="42.38263" lon="13.85888">
      <ele>719.882</ele>
      <time>2022-11-24T11:29:31.224Z</time>
    </trkpt>
    <trkpt lat="42.38236" lon="13.85913">
      <ele>718.511</ele>
      <time>2022-11-24T11:29:31.224Z</time>
    </trkpt>
    <trkpt lat="42.38224" lon="13.85916">
      <ele>719.87</ele>
      <time>2022-11-24T11:29:31.224Z</time>
    </trkpt>
    <trkpt lat="42.38221" lon="13.85912">
      <ele>721.198</ele>
      <time>2022-11-24T11:29:31.224Z</time>
    </trkpt>
    <trkpt lat="42.38227" lon="13.85896">
      <ele>724.964</ele>
      <time>2022-11-24T11:29:31.224Z</time>
    </trkpt>
    <trkpt lat="42.38248" lon="13.85847">
      <ele>732.347</ele>
      <time>2022-11-24T11:29:31.225Z</time>
    </trkpt>
    <trkpt lat="42.38257" lon="13.85794">
      <ele>736.524</ele>
      <time>2022-11-24T11:29:31.225Z</time>
    </trkpt>
    <trkpt lat="42.38269" lon="13.85761">
      <ele>740.85</ele>
      <time>2022-11-24T11:29:31.225Z</time>
    </trkpt>
    <trkpt lat="42.38292" lon="13.8572">
      <ele>748.452</ele>
      <time>2022-11-24T11:29:31.225Z</time>
    </trkpt>
    <trkpt lat="42.38315" lon="13.85689">
      <ele>754.042</ele>
      <time>2022-11-24T11:29:31.225Z</time>
    </trkpt>
    <trkpt lat="42.38341" lon="13.85662">
      <ele>759.745</ele>
      <time>2022-11-24T11:29:31.225Z</time>
    </trkpt>
    <trkpt lat="42.3839" lon="13.85623">
      <ele>767.254</ele>
      <time>2022-11-24T11:29:31.225Z</time>
    </trkpt>
    <trkpt lat="42.38425" lon="13.85596">
      <ele>772.808</ele>
      <time>2022-11-24T11:29:31.225Z</time>
    </trkpt>
    <trkpt lat="42.38451" lon="13.85569">
      <ele>779.052</ele>
      <time>2022-11-24T11:29:31.226Z</time>
    </trkpt>
    <trkpt lat="42.38487" lon="13.85537">
      <ele>789.272</ele>
      <time>2022-11-24T11:29:31.226Z</time>
    </trkpt>
    <trkpt lat="42.38517" lon="13.85521">
      <ele>794.861</ele>
      <time>2022-11-24T11:29:31.226Z</time>
    </trkpt>
    <trkpt lat="42.38533" lon="13.8551">
      <ele>797.228</ele>
      <time>2022-11-24T11:29:31.226Z</time>
    </trkpt>
    <trkpt lat="42.38563" lon="13.85492">
      <ele>800.748</ele>
      <time>2022-11-24T11:29:31.226Z</time>
    </trkpt>
    <trkpt lat="42.38581" lon="13.85477">
      <ele>806.489</ele>
      <time>2022-11-24T11:29:31.226Z</time>
    </trkpt>
    <trkpt lat="42.38594" lon="13.85472">
      <ele>809.532</ele>
      <time>2022-11-24T11:29:31.226Z</time>
    </trkpt>
    <trkpt lat="42.38604" lon="13.85472">
      <ele>810.998</ele>
      <time>2022-11-24T11:29:31.226Z</time>
    </trkpt>
    <trkpt lat="42.38624" lon="13.85468">
      <ele>812.972</ele>
      <time>2022-11-24T11:29:31.227Z</time>
    </trkpt>
    <trkpt lat="42.38626" lon="13.85466">
      <ele>813.48</ele>
      <time>2022-11-24T11:29:31.227Z</time>
    </trkpt>
    <trkpt lat="42.38628" lon="13.85464">
      <ele>814.02</ele>
      <time>2022-11-24T11:29:31.227Z</time>
    </trkpt>
    <trkpt lat="42.38632" lon="13.85461">
      <ele>814.931</ele>
      <time>2022-11-24T11:29:31.227Z</time>
    </trkpt>
    <trkpt lat="42.38634" lon="13.85459">
      <ele>815.557</ele>
      <time>2022-11-24T11:29:31.227Z</time>
    </trkpt>
    <trkpt lat="42.38638" lon="13.85455">
      <ele>816.9</ele>
      <time>2022-11-24T11:29:31.227Z</time>
    </trkpt>
    <trkpt lat="42.3864" lon="13.85453">
      <ele>817.601</ele>
      <time>2022-11-24T11:29:31.227Z</time>
    </trkpt>
    <trkpt lat="42.38642" lon="13.85452">
      <ele>817.997</ele>
      <time>2022-11-24T11:29:31.227Z</time>
    </trkpt>
    <trkpt lat="42.38643" lon="13.85449">
      <ele>818.885</ele>
      <time>2022-11-24T11:29:31.227Z</time>
    </trkpt>
    <trkpt lat="42.38644" lon="13.85447">
      <ele>819.482</ele>
      <time>2022-11-24T11:29:31.228Z</time>
    </trkpt>
    <trkpt lat="42.38645" lon="13.85445">
      <ele>820.069</ele>
      <time>2022-11-24T11:29:31.228Z</time>
    </trkpt>
    <trkpt lat="42.38647" lon="13.85441">
      <ele>820.948</ele>
      <time>2022-11-24T11:29:31.228Z</time>
    </trkpt>
    <trkpt lat="42.38651" lon="13.85431">
      <ele>823.067</ele>
      <time>2022-11-24T11:29:31.228Z</time>
    </trkpt>
    <trkpt lat="42.38653" lon="13.8542">
      <ele>825.355</ele>
      <time>2022-11-24T11:29:31.228Z</time>
    </trkpt>
    <trkpt lat="42.38658" lon="13.85408">
      <ele>826.279</ele>
      <time>2022-11-24T11:29:31.228Z</time>
    </trkpt>
    <trkpt lat="42.38681" lon="13.85379">
      <ele>830.762</ele>
      <time>2022-11-24T11:29:31.228Z</time>
    </trkpt>
    <trkpt lat="42.38691" lon="13.85356">
      <ele>831.938</ele>
      <time>2022-11-24T11:29:31.228Z</time>
    </trkpt>
    <trkpt lat="42.38701" lon="13.85338">
      <ele>835.825</ele>
      <time>2022-11-24T11:29:31.229Z</time>
    </trkpt>
    <trkpt lat="42.38713" lon="13.85322">
      <ele>837.522</ele>
      <time>2022-11-24T11:29:31.229Z</time>
    </trkpt>
    <trkpt lat="42.38727" lon="13.8531">
      <ele>839.551</ele>
      <time>2022-11-24T11:29:31.229Z</time>
    </trkpt>
    <trkpt lat="42.38737" lon="13.85304">
      <ele>844.024</ele>
      <time>2022-11-24T11:29:31.229Z</time>
    </trkpt>
    <trkpt lat="42.38769" lon="13.85289">
      <ele>856.476</ele>
      <time>2022-11-24T11:29:31.229Z</time>
    </trkpt>
    <trkpt lat="42.38772" lon="13.85286">
      <ele>857.598</ele>
      <time>2022-11-24T11:29:31.229Z</time>
    </trkpt>
    <trkpt lat="42.38777" lon="13.85288">
      <ele>859.022</ele>
      <time>2022-11-24T11:29:31.229Z</time>
    </trkpt>
    <trkpt lat="42.38779" lon="13.85285">
      <ele>859.811</ele>
      <time>2022-11-24T11:29:31.229Z</time>
    </trkpt>
    <trkpt lat="42.38781" lon="13.85282">
      <ele>860.543</ele>
      <time>2022-11-24T11:29:31.023Z</time>
    </trkpt>
    <trkpt lat="42.38782" lon="13.8528">
      <ele>860.928</ele>
      <time>2022-11-24T11:29:31.023Z</time>
    </trkpt>
    <trkpt lat="42.38784" lon="13.85277">
      <ele>861.49</ele>
      <time>2022-11-24T11:29:31.023Z</time>
    </trkpt>
    <trkpt lat="42.38786" lon="13.85273">
      <ele>861.607</ele>
      <time>2022-11-24T11:29:31.023Z</time>
    </trkpt>
    <trkpt lat="42.38793" lon="13.85265">
      <ele>862.708</ele>
      <time>2022-11-24T11:29:31.023Z</time>
    </trkpt>
    <trkpt lat="42.38795" lon="13.85262">
      <ele>862.988</ele>
      <time>2022-11-24T11:29:31.023Z</time>
    </trkpt>
    <trkpt lat="42.38801" lon="13.85255">
      <ele>864.078</ele>
      <time>2022-11-24T11:29:31.023Z</time>
    </trkpt>
    <trkpt lat="42.38803" lon="13.85253">
      <ele>864.49</ele>
      <time>2022-11-24T11:29:31.023Z</time>
    </trkpt>
    <trkpt lat="42.38805" lon="13.85249">
      <ele>864.731</ele>
      <time>2022-11-24T11:29:31.231Z</time>
    </trkpt>
    <trkpt lat="42.38807" lon="13.85247">
      <ele>865.185</ele>
      <time>2022-11-24T11:29:31.231Z</time>
    </trkpt>
    <trkpt lat="42.38809" lon="13.85244">
      <ele>865.538</ele>
      <time>2022-11-24T11:29:31.231Z</time>
    </trkpt>
    <trkpt lat="42.38844" lon="13.85189">
      <ele>871.26</ele>
      <time>2022-11-24T11:29:31.231Z</time>
    </trkpt>
    <trkpt lat="42.38859" lon="13.85184">
      <ele>875.94</ele>
      <time>2022-11-24T11:29:31.231Z</time>
    </trkpt>
    <trkpt lat="42.38873" lon="13.85175">
      <ele>881.008</ele>
      <time>2022-11-24T11:29:31.231Z</time>
    </trkpt>
    <trkpt lat="42.38891" lon="13.85173">
      <ele>887.853</ele>
      <time>2022-11-24T11:29:31.231Z</time>
    </trkpt>
    <trkpt lat="42.38914" lon="13.85181">
      <ele>895.214</ele>
      <time>2022-11-24T11:29:31.231Z</time>
    </trkpt>
    <trkpt lat="42.38927" lon="13.85189">
      <ele>899.81</ele>
      <time>2022-11-24T11:29:31.232Z</time>
    </trkpt>
    <trkpt lat="42.38936" lon="13.85199">
      <ele>903.542</ele>
      <time>2022-11-24T11:29:31.232Z</time>
    </trkpt>
    <trkpt lat="42.38946" lon="13.85206">
      <ele>907.215</ele>
      <time>2022-11-24T11:29:31.232Z</time>
    </trkpt>
    <trkpt lat="42.38956" lon="13.85218">
      <ele>910.898</ele>
      <time>2022-11-24T11:29:31.232Z</time>
    </trkpt>
    <trkpt lat="42.38957" lon="13.8522">
      <ele>911.384</ele>
      <time>2022-11-24T11:29:31.232Z</time>
    </trkpt>
    <trkpt lat="42.38959" lon="13.85222">
      <ele>912.168</ele>
      <time>2022-11-24T11:29:31.232Z</time>
    </trkpt>
    <trkpt lat="42.38961" lon="13.85224">
      <ele>912.768</ele>
      <time>2022-11-24T11:29:31.232Z</time>
    </trkpt>
    <trkpt lat="42.38971" lon="13.85229">
      <ele>915.648</ele>
      <time>2022-11-24T11:29:31.232Z</time>
    </trkpt>
    <trkpt lat="42.38978" lon="13.85223">
      <ele>917.057</ele>
      <time>2022-11-24T11:29:31.233Z</time>
    </trkpt>
    <trkpt lat="42.38991" lon="13.85219">
      <ele>918.916</ele>
      <time>2022-11-24T11:29:31.233Z</time>
    </trkpt>
    <trkpt lat="42.39061" lon="13.85215">
      <ele>928.034</ele>
      <time>2022-11-24T11:29:31.233Z</time>
    </trkpt>
    <trkpt lat="42.39063" lon="13.85217">
      <ele>928.755</ele>
      <time>2022-11-24T11:29:31.233Z</time>
    </trkpt>
    <trkpt lat="42.39056" lon="13.85233">
      <ele>930.812</ele>
      <time>2022-11-24T11:29:31.233Z</time>
    </trkpt>
    <trkpt lat="42.39055" lon="13.85245">
      <ele>933.647</ele>
      <time>2022-11-24T11:29:31.234Z</time>
    </trkpt>
    <trkpt lat="42.39056" lon="13.85254">
      <ele>935.674</ele>
      <time>2022-11-24T11:29:31.234Z</time>
    </trkpt>
    <trkpt lat="42.39056" lon="13.85258">
      <ele>936.253</ele>
      <time>2022-11-24T11:29:31.234Z</time>
    </trkpt>
    <trkpt lat="42.39055" lon="13.85262">
      <ele>936.611</ele>
      <time>2022-11-24T11:29:31.234Z</time>
    </trkpt>
    <trkpt lat="42.39055" lon="13.85269">
      <ele>937.609</ele>
      <time>2022-11-24T11:29:31.234Z</time>
    </trkpt>
    <trkpt lat="42.39057" lon="13.85275">
      <ele>938.959</ele>
      <time>2022-11-24T11:29:31.234Z</time>
    </trkpt>
    <trkpt lat="42.3906" lon="13.85278">
      <ele>940.131</ele>
      <time>2022-11-24T11:29:31.235Z</time>
    </trkpt>
    <trkpt lat="42.39063" lon="13.85292">
      <ele>941.662</ele>
      <time>2022-11-24T11:29:31.235Z</time>
    </trkpt>
    <trkpt lat="42.39067" lon="13.85303">
      <ele>943.54</ele>
      <time>2022-11-24T11:29:31.235Z</time>
    </trkpt>
    <trkpt lat="42.39069" lon="13.85306">
      <ele>944.372</ele>
      <time>2022-11-24T11:29:31.235Z</time>
    </trkpt>
    <trkpt lat="42.39071" lon="13.85307">
      <ele>945.056</ele>
      <time>2022-11-24T11:29:31.235Z</time>
    </trkpt>
    <trkpt lat="42.39073" lon="13.85308">
      <ele>945.74</ele>
      <time>2022-11-24T11:29:31.235Z</time>
    </trkpt>
    <trkpt lat="42.39076" lon="13.85309">
      <ele>946.748</ele>
      <time>2022-11-24T11:29:31.235Z</time>
    </trkpt>
    <trkpt lat="42.39078" lon="13.8531">
      <ele>947.432</ele>
      <time>2022-11-24T11:29:31.236Z</time>
    </trkpt>
    <trkpt lat="42.39087" lon="13.8531">
      <ele>949.994</ele>
      <time>2022-11-24T11:29:31.236Z</time>
    </trkpt>
    <trkpt lat="42.3909" lon="13.8531">
      <ele>950.677</ele>
      <time>2022-11-24T11:29:31.236Z</time>
    </trkpt>
    <trkpt lat="42.39092" lon="13.85311">
      <ele>951.19</ele>
      <time>2022-11-24T11:29:31.236Z</time>
    </trkpt>
    <trkpt lat="42.39095" lon="13.85312">
      <ele>951.947</ele>
      <time>2022-11-24T11:29:31.236Z</time>
    </trkpt>
    <trkpt lat="42.39098" lon="13.85312">
      <ele>952.645</ele>
      <time>2022-11-24T11:29:31.236Z</time>
    </trkpt>
    <trkpt lat="42.391" lon="13.85313">
      <ele>953.19</ele>
      <time>2022-11-24T11:29:31.236Z</time>
    </trkpt>
    <trkpt lat="42.39102" lon="13.85313">
      <ele>953.66</ele>
      <time>2022-11-24T11:29:31.236Z</time>
    </trkpt>
    <trkpt lat="42.39105" lon="13.85315">
      <ele>954.55</ele>
      <time>2022-11-24T11:29:31.237Z</time>
    </trkpt>
    <trkpt lat="42.39114" lon="13.85319">
      <ele>957.126</ele>
      <time>2022-11-24T11:29:31.237Z</time>
    </trkpt>
    <trkpt lat="42.39116" lon="13.85322">
      <ele>957.936</ele>
      <time>2022-11-24T11:29:31.239Z</time>
    </trkpt>
    <trkpt lat="42.39119" lon="13.85325">
      <ele>959.003</ele>
      <time>2022-11-24T11:29:31.239Z</time>
    </trkpt>
    <trkpt lat="42.39123" lon="13.85332">
      <ele>960.831</ele>
      <time>2022-11-24T11:29:31.024Z</time>
    </trkpt>
    <trkpt lat="42.39128" lon="13.85344">
      <ele>964.726</ele>
      <time>2022-11-24T11:29:31.024Z</time>
    </trkpt>
    <trkpt lat="42.39132" lon="13.85352">
      <ele>967.973</ele>
      <time>2022-11-24T11:29:31.024Z</time>
    </trkpt>
    <trkpt lat="42.39134" lon="13.85353">
      <ele>968.934</ele>
      <time>2022-11-24T11:29:31.024Z</time>
    </trkpt>
    <trkpt lat="42.39136" lon="13.85355">
      <ele>970.188</ele>
      <time>2022-11-24T11:29:31.024Z</time>
    </trkpt>
    <trkpt lat="42.39138" lon="13.85357">
      <ele>971.483</ele>
      <time>2022-11-24T11:29:31.024Z</time>
    </trkpt>
    <trkpt lat="42.39137" lon="13.8536">
      <ele>971.943</ele>
      <time>2022-11-24T11:29:31.241Z</time>
    </trkpt>
    <trkpt lat="42.39138" lon="13.85369">
      <ele>974.636</ele>
      <time>2022-11-24T11:29:31.241Z</time>
    </trkpt>
    <trkpt lat="42.39136" lon="13.8537">
      <ele>974.096</ele>
      <time>2022-11-24T11:29:31.241Z</time>
    </trkpt>
    <trkpt lat="42.39136" lon="13.85373">
      <ele>974.852</ele>
      <time>2022-11-24T11:29:31.241Z</time>
    </trkpt>
    <trkpt lat="42.39135" lon="13.85375">
      <ele>974.96</ele>
      <time>2022-11-24T11:29:31.241Z</time>
    </trkpt>
    <trkpt lat="42.39135" lon="13.85379">
      <ele>975.968</ele>
      <time>2022-11-24T11:29:31.241Z</time>
    </trkpt>
    <trkpt lat="42.39134" lon="13.85382">
      <ele>976.328</ele>
      <time>2022-11-24T11:29:31.241Z</time>
    </trkpt>
    <trkpt lat="42.39138" lon="13.85386">
      <ele>978.92</ele>
      <time>2022-11-24T11:29:31.241Z</time>
    </trkpt>
    <trkpt lat="42.39144" lon="13.8539">
      <ele>981.415</ele>
      <time>2022-11-24T11:29:31.242Z</time>
    </trkpt>
    <trkpt lat="42.39145" lon="13.85392">
      <ele>981.901</ele>
      <time>2022-11-24T11:29:31.242Z</time>
    </trkpt>
    <trkpt lat="42.39145" lon="13.85395">
      <ele>982.248</ele>
      <time>2022-11-24T11:29:31.242Z</time>
    </trkpt>
    <trkpt lat="42.39147" lon="13.85397">
      <ele>983.005</ele>
      <time>2022-11-24T11:29:31.242Z</time>
    </trkpt>
    <trkpt lat="42.39148" lon="13.85399">
      <ele>983.507</ele>
      <time>2022-11-24T11:29:31.242Z</time>
    </trkpt>
    <trkpt lat="42.39151" lon="13.85402">
      <ele>984.674</ele>
      <time>2022-11-24T11:29:31.242Z</time>
    </trkpt>
    <trkpt lat="42.39156" lon="13.85404">
      <ele>986.279</ele>
      <time>2022-11-24T11:29:31.242Z</time>
    </trkpt>
    <trkpt lat="42.39158" lon="13.85403">
      <ele>986.69</ele>
      <time>2022-11-24T11:29:31.243Z</time>
    </trkpt>
    <trkpt lat="42.3916" lon="13.85403">
      <ele>987.23</ele>
      <time>2022-11-24T11:29:31.243Z</time>
    </trkpt>
    <trkpt lat="42.39165" lon="13.85409">
      <ele>989.433</ele>
      <time>2022-11-24T11:29:31.243Z</time>
    </trkpt>
    <trkpt lat="42.39173" lon="13.85418">
      <ele>992.306</ele>
      <time>2022-11-24T11:29:31.243Z</time>
    </trkpt>
    <trkpt lat="42.39179" lon="13.85425">
      <ele>994.386</ele>
      <time>2022-11-24T11:29:31.243Z</time>
    </trkpt>
    <trkpt lat="42.39182" lon="13.85427">
      <ele>995.287</ele>
      <time>2022-11-24T11:29:31.243Z</time>
    </trkpt>
    <trkpt lat="42.39184" lon="13.85428">
      <ele>995.853</ele>
      <time>2022-11-24T11:29:31.243Z</time>
    </trkpt>
    <trkpt lat="42.39191" lon="13.85437">
      <ele>998.858</ele>
      <time>2022-11-24T11:29:31.243Z</time>
    </trkpt>
    <trkpt lat="42.39197" lon="13.85446">
      <ele>1001.551</ele>
      <time>2022-11-24T11:29:31.244Z</time>
    </trkpt>
    <trkpt lat="42.39205" lon="13.85454">
      <ele>1003.944</ele>
      <time>2022-11-24T11:29:31.244Z</time>
    </trkpt>
    <trkpt lat="42.39207" lon="13.85465">
      <ele>1006.031</ele>
      <time>2022-11-24T11:29:31.244Z</time>
    </trkpt>
    <trkpt lat="42.39209" lon="13.85478">
      <ele>1008.738</ele>
      <time>2022-11-24T11:29:31.244Z</time>
    </trkpt>
    <trkpt lat="42.39211" lon="13.85488">
      <ele>1011.339</ele>
      <time>2022-11-24T11:29:31.244Z</time>
    </trkpt>
    <trkpt lat="42.39216" lon="13.85499">
      <ele>1015.848</ele>
      <time>2022-11-24T11:29:31.244Z</time>
    </trkpt>
    <trkpt lat="42.39224" lon="13.85503">
      <ele>1019.866</ele>
      <time>2022-11-24T11:29:31.244Z</time>
    </trkpt>
    <trkpt lat="42.39229" lon="13.85507">
      <ele>1021.593</ele>
      <time>2022-11-24T11:29:31.245Z</time>
    </trkpt>
    <trkpt lat="42.39231" lon="13.85508">
      <ele>1022.182</ele>
      <time>2022-11-24T11:29:31.245Z</time>
    </trkpt>
    <trkpt lat="42.39232" lon="13.85506">
      <ele>1022.176</ele>
      <time>2022-11-24T11:29:31.245Z</time>
    </trkpt>
    <trkpt lat="42.39233" lon="13.8551">
      <ele>1022.877</ele>
      <time>2022-11-24T11:29:31.245Z</time>
    </trkpt>
    <trkpt lat="42.39234" lon="13.85513">
      <ele>1023.443</ele>
      <time>2022-11-24T11:29:31.245Z</time>
    </trkpt>
    <trkpt lat="42.39235" lon="13.85515">
      <ele>1023.883</ele>
      <time>2022-11-24T11:29:31.245Z</time>
    </trkpt>
    <trkpt lat="42.39241" lon="13.85525">
      <ele>1026.115</ele>
      <time>2022-11-24T11:29:31.245Z</time>
    </trkpt>
    <trkpt lat="42.3925" lon="13.85528">
      <ele>1028.0</ele>
      <time>2022-11-24T11:29:31.246Z</time>
    </trkpt>
    <trkpt lat="42.39259" lon="13.85531">
      <ele>1029.808</ele>
      <time>2022-11-24T11:29:31.246Z</time>
    </trkpt>
    <trkpt lat="42.39269" lon="13.85534">
      <ele>1032.186</ele>
      <time>2022-11-24T11:29:31.246Z</time>
    </trkpt>
    <trkpt lat="42.39276" lon="13.85544">
      <ele>1035.413</ele>
      <time>2022-11-24T11:29:31.246Z</time>
    </trkpt>
    <trkpt lat="42.39285" lon="13.8555">
      <ele>1038.976</ele>
      <time>2022-11-24T11:29:31.246Z</time>
    </trkpt>
    <trkpt lat="42.39289" lon="13.85556">
      <ele>1041.254</ele>
      <time>2022-11-24T11:29:31.246Z</time>
    </trkpt>
    <trkpt lat="42.39299" lon="13.8556">
      <ele>1044.394</ele>
      <time>2022-11-24T11:29:31.247Z</time>
    </trkpt>
    <trkpt lat="42.39307" lon="13.85563">
      <ele>1046.824</ele>
      <time>2022-11-24T11:29:31.247Z</time>
    </trkpt>
    <trkpt lat="42.39316" lon="13.85569">
      <ele>1049.212</ele>
      <time>2022-11-24T11:29:31.247Z</time>
    </trkpt>
    <trkpt lat="42.39322" lon="13.85579">
      <ele>1051.647</ele>
      <time>2022-11-24T11:29:31.247Z</time>
    </trkpt>
    <trkpt lat="42.39326" lon="13.8559">
      <ele>1051.889</ele>
      <time>2022-11-24T11:29:31.248Z</time>
    </trkpt>
    <trkpt lat="42.39329" lon="13.85592">
      <ele>1052.299</ele>
      <time>2022-11-24T11:29:31.248Z</time>
    </trkpt>
    <trkpt lat="42.39339" lon="13.85596">
      <ele>1054.205</ele>
      <time>2022-11-24T11:29:31.248Z</time>
    </trkpt>
    <trkpt lat="42.39348" lon="13.85599">
      <ele>1056.309</ele>
      <time>2022-11-24T11:29:31.248Z</time>
    </trkpt>
    <trkpt lat="42.39357" lon="13.85602">
      <ele>1058.763</ele>
      <time>2022-11-24T11:29:31.249Z</time>
    </trkpt>
    <trkpt lat="42.39367" lon="13.85605">
      <ele>1060.92</ele>
      <time>2022-11-24T11:29:31.249Z</time>
    </trkpt>
    <trkpt lat="42.39376" lon="13.85606">
      <ele>1062.384</ele>
      <time>2022-11-24T11:29:31.249Z</time>
    </trkpt>
    <trkpt lat="42.39385" lon="13.85606">
      <ele>1063.825</ele>
      <time>2022-11-24T11:29:31.249Z</time>
    </trkpt>
    <trkpt lat="42.39395" lon="13.8561">
      <ele>1064.871</ele>
      <time>2022-11-24T11:29:31.025Z</time>
    </trkpt>
    <trkpt lat="42.39402" lon="13.85619">
      <ele>1064.668</ele>
      <time>2022-11-24T11:29:31.025Z</time>
    </trkpt>
    <trkpt lat="42.3941" lon="13.85626">
      <ele>1065.3</ele>
      <time>2022-11-24T11:29:31.025Z</time>
    </trkpt>
    <trkpt lat="42.39414" lon="13.85626">
      <ele>1065.763</ele>
      <time>2022-11-24T11:29:31.025Z</time>
    </trkpt>
    <trkpt lat="42.39415" lon="13.85628">
      <ele>1065.997</ele>
      <time>2022-11-24T11:29:31.025Z</time>
    </trkpt>
    <trkpt lat="42.39417" lon="13.8563">
      <ele>1066.429</ele>
      <time>2022-11-24T11:29:31.025Z</time>
    </trkpt>
    <trkpt lat="42.39419" lon="13.8563">
      <ele>1066.84</ele>
      <time>2022-11-24T11:29:31.251Z</time>
    </trkpt>
    <trkpt lat="42.39421" lon="13.85632">
      <ele>1067.441</ele>
      <time>2022-11-24T11:29:31.251Z</time>
    </trkpt>
    <trkpt lat="42.39423" lon="13.85633">
      <ele>1067.979</ele>
      <time>2022-11-24T11:29:31.251Z</time>
    </trkpt>
    <trkpt lat="42.39428" lon="13.85638">
      <ele>1069.74</ele>
      <time>2022-11-24T11:29:31.251Z</time>
    </trkpt>
    <trkpt lat="42.39431" lon="13.85639">
      <ele>1070.616</ele>
      <time>2022-11-24T11:29:31.251Z</time>
    </trkpt>
    <trkpt lat="42.39434" lon="13.85641">
      <ele>1071.463</ele>
      <time>2022-11-24T11:29:31.251Z</time>
    </trkpt>
    <trkpt lat="42.39436" lon="13.85643">
      <ele>1072.078</ele>
      <time>2022-11-24T11:29:31.251Z</time>
    </trkpt>
    <trkpt lat="42.39439" lon="13.85644">
      <ele>1072.924</ele>
      <time>2022-11-24T11:29:31.251Z</time>
    </trkpt>
    <trkpt lat="42.39441" lon="13.85644">
      <ele>1073.454</ele>
      <time>2022-11-24T11:29:31.252Z</time>
    </trkpt>
    <trkpt lat="42.39443" lon="13.85645">
      <ele>1074.053</ele>
      <time>2022-11-24T11:29:31.252Z</time>
    </trkpt>
    <trkpt lat="42.39447" lon="13.85646">
      <ele>1075.019</ele>
      <time>2022-11-24T11:29:31.252Z</time>
    </trkpt>
    <trkpt lat="42.39449" lon="13.85648">
      <ele>1075.584</ele>
      <time>2022-11-24T11:29:31.252Z</time>
    </trkpt>
    <trkpt lat="42.39458" lon="13.85654">
      <ele>1078.059</ele>
      <time>2022-11-24T11:29:31.252Z</time>
    </trkpt>
    <trkpt lat="42.39463" lon="13.85658">
      <ele>1079.635</ele>
      <time>2022-11-24T11:29:31.252Z</time>
    </trkpt>
    <trkpt lat="42.39464" lon="13.85659">
      <ele>1079.987</ele>
      <time>2022-11-24T11:29:31.252Z</time>
    </trkpt>
    <trkpt lat="42.39468" lon="13.85663">
      <ele>1081.448</ele>
      <time>2022-11-24T11:29:31.253Z</time>
    </trkpt>
    <trkpt lat="42.3947" lon="13.85665">
      <ele>1082.21</ele>
      <time>2022-11-24T11:29:31.253Z</time>
    </trkpt>
    <trkpt lat="42.39479" lon="13.8567">
      <ele>1085.701</ele>
      <time>2022-11-24T11:29:31.253Z</time>
    </trkpt>
    <trkpt lat="42.39483" lon="13.85672">
      <ele>1087.33</ele>
      <time>2022-11-24T11:29:31.253Z</time>
    </trkpt>
    <trkpt lat="42.39482" lon="13.85675">
      <ele>1087.722</ele>
      <time>2022-11-24T11:29:31.253Z</time>
    </trkpt>
    <trkpt lat="42.39484" lon="13.85678">
      <ele>1089.013</ele>
      <time>2022-11-24T11:29:31.254Z</time>
    </trkpt>
    <trkpt lat="42.39485" lon="13.8568">
      <ele>1089.781</ele>
      <time>2022-11-24T11:29:31.254Z</time>
    </trkpt>
    <trkpt lat="42.39487" lon="13.85682">
      <ele>1090.862</ele>
      <time>2022-11-24T11:29:31.254Z</time>
    </trkpt>
    <trkpt lat="42.39488" lon="13.85684">
      <ele>1091.642</ele>
      <time>2022-11-24T11:29:31.254Z</time>
    </trkpt>
    <trkpt lat="42.3949" lon="13.85686">
      <ele>1092.741</ele>
      <time>2022-11-24T11:29:31.254Z</time>
    </trkpt>
    <trkpt lat="42.39491" lon="13.85688">
      <ele>1093.535</ele>
      <time>2022-11-24T11:29:31.255Z</time>
    </trkpt>
    <trkpt lat="42.39491" lon="13.85691">
      <ele>1094.256</ele>
      <time>2022-11-24T11:29:31.255Z</time>
    </trkpt>
    <trkpt lat="42.39493" lon="13.85692">
      <ele>1095.138</ele>
      <time>2022-11-24T11:29:31.255Z</time>
    </trkpt>
    <trkpt lat="42.39494" lon="13.85694">
      <ele>1095.947</ele>
      <time>2022-11-24T11:29:31.255Z</time>
    </trkpt>
    <trkpt lat="42.39496" lon="13.85696">
      <ele>1097.232</ele>
      <time>2022-11-24T11:29:31.255Z</time>
    </trkpt>
    <trkpt lat="42.39497" lon="13.85698">
      <ele>1098.253</ele>
      <time>2022-11-24T11:29:31.255Z</time>
    </trkpt>
    <trkpt lat="42.39498" lon="13.85701">
      <ele>1099.644</ele>
      <time>2022-11-24T11:29:31.256Z</time>
    </trkpt>
    <trkpt lat="42.39499" lon="13.85704">
      <ele>1101.066</ele>
      <time>2022-11-24T11:29:31.256Z</time>
    </trkpt>
    <trkpt lat="42.39501" lon="13.85703">
      <ele>1101.346</ele>
      <time>2022-11-24T11:29:31.257Z</time>
    </trkpt>
    <trkpt lat="42.39503" lon="13.85704">
      <ele>1102.23</ele>
      <time>2022-11-24T11:29:31.257Z</time>
    </trkpt>
    <trkpt lat="42.39505" lon="13.85706">
      <ele>1103.45</ele>
      <time>2022-11-24T11:29:31.257Z</time>
    </trkpt>
    <trkpt lat="42.39506" lon="13.85709">
      <ele>1104.742</ele>
      <time>2022-11-24T11:29:31.257Z</time>
    </trkpt>
    <trkpt lat="42.39506" lon="13.85712">
      <ele>1105.775</ele>
      <time>2022-11-24T11:29:31.257Z</time>
    </trkpt>
    <trkpt lat="42.39507" lon="13.85713">
      <ele>1106.359</ele>
      <time>2022-11-24T11:29:31.257Z</time>
    </trkpt>
    <trkpt lat="42.39509" lon="13.85715">
      <ele>1107.512</ele>
      <time>2022-11-24T11:29:31.258Z</time>
    </trkpt>
    <trkpt lat="42.3951" lon="13.85717">
      <ele>1108.415</ele>
      <time>2022-11-24T11:29:31.258Z</time>
    </trkpt>
    <trkpt lat="42.3951" lon="13.85719">
      <ele>1109.084</ele>
      <time>2022-11-24T11:29:31.258Z</time>
    </trkpt>
    <trkpt lat="42.39511" lon="13.85722">
      <ele>1110.302</ele>
      <time>2022-11-24T11:29:31.258Z</time>
    </trkpt>
    <trkpt lat="42.39512" lon="13.85725">
      <ele>1111.535</ele>
      <time>2022-11-24T11:29:31.258Z</time>
    </trkpt>
    <trkpt lat="42.39512" lon="13.85727">
      <ele>1112.214</ele>
      <time>2022-11-24T11:29:31.258Z</time>
    </trkpt>
    <trkpt lat="42.39514" lon="13.8573">
      <ele>1113.685</ele>
      <time>2022-11-24T11:29:31.258Z</time>
    </trkpt>
    <trkpt lat="42.39516" lon="13.85732">
      <ele>1114.827</ele>
      <time>2022-11-24T11:29:31.259Z</time>
    </trkpt>
    <trkpt lat="42.39515" lon="13.85735">
      <ele>1115.628</ele>
      <time>2022-11-24T11:29:31.259Z</time>
    </trkpt>
    <trkpt lat="42.39513" lon="13.85737">
      <ele>1115.845</ele>
      <time>2022-11-24T11:29:31.259Z</time>
    </trkpt>
    <trkpt lat="42.39512" lon="13.85739">
      <ele>1116.289</ele>
      <time>2022-11-24T11:29:31.259Z</time>
    </trkpt>
    <trkpt lat="42.39512" lon="13.85742">
      <ele>1117.308</ele>
      <time>2022-11-24T11:29:31.259Z</time>
    </trkpt>
    <trkpt lat="42.39512" lon="13.85744">
      <ele>1117.987</ele>
      <time>2022-11-24T11:29:31.259Z</time>
    </trkpt>
    <trkpt lat="42.39512" lon="13.85748">
      <ele>1119.345</ele>
      <time>2022-11-24T11:29:31.259Z</time>
    </trkpt>
    <trkpt lat="42.39512" lon="13.85751">
      <ele>1120.456</ele>
      <time>2022-11-24T11:29:31.259Z</time>
    </trkpt>
    <trkpt lat="42.39511" lon="13.85754">
      <ele>1121.5</ele>
      <time>2022-11-24T11:29:31.026Z</time>
    </trkpt>
    <trkpt lat="42.39511" lon="13.85759">
      <ele>1123.66</ele>
      <time>2022-11-24T11:29:31.026Z</time>
    </trkpt>
    <trkpt lat="42.3951" lon="13.8576">
      <ele>1123.84</ele>
      <time>2022-11-24T11:29:31.026Z</time>
    </trkpt>
    <trkpt lat="42.3951" lon="13.85763">
      <ele>1125.136</ele>
      <time>2022-11-24T11:29:31.026Z</time>
    </trkpt>
    <trkpt lat="42.3951" lon="13.85766">
      <ele>1126.432</ele>
      <time>2022-11-24T11:29:31.026Z</time>
    </trkpt>
    <trkpt lat="42.3951" lon="13.85769">
      <ele>1127.728</ele>
      <time>2022-11-24T11:29:31.026Z</time>
    </trkpt>
    <trkpt lat="42.39508" lon="13.85772">
      <ele>1128.52</ele>
      <time>2022-11-24T11:29:31.026Z</time>
    </trkpt>
    <trkpt lat="42.39508" lon="13.85775">
      <ele>1129.816</ele>
      <time>2022-11-24T11:29:31.026Z</time>
    </trkpt>
    <trkpt lat="42.39507" lon="13.85778">
      <ele>1130.806</ele>
      <time>2022-11-24T11:29:31.261Z</time>
    </trkpt>
    <trkpt lat="42.39506" lon="13.8578">
      <ele>1130.94</ele>
      <time>2022-11-24T11:29:31.261Z</time>
    </trkpt>
    <trkpt lat="42.39505" lon="13.85783">
      <ele>1131.286</ele>
      <time>2022-11-24T11:29:31.261Z</time>
    </trkpt>
    <trkpt lat="42.39503" lon="13.85785">
      <ele>1131.232</ele>
      <time>2022-11-24T11:29:31.261Z</time>
    </trkpt>
    <trkpt lat="42.39502" lon="13.85787">
      <ele>1131.424</ele>
      <time>2022-11-24T11:29:31.261Z</time>
    </trkpt>
    <trkpt lat="42.39503" lon="13.8579">
      <ele>1132.253</ele>
      <time>2022-11-24T11:29:31.261Z</time>
    </trkpt>
    <trkpt lat="42.395" lon="13.85793">
      <ele>1132.288</ele>
      <time>2022-11-24T11:29:31.261Z</time>
    </trkpt>
    <trkpt lat="42.39498" lon="13.85794">
      <ele>1131.838</ele>
      <time>2022-11-24T11:29:31.261Z</time>
    </trkpt>
    <trkpt lat="42.39496" lon="13.85796">
      <ele>1131.635</ele>
      <time>2022-11-24T11:29:31.262Z</time>
    </trkpt>
    <trkpt lat="42.39495" lon="13.85798">
      <ele>1131.781</ele>
      <time>2022-11-24T11:29:31.262Z</time>
    </trkpt>
    <trkpt lat="42.39494" lon="13.85801">
      <ele>1132.182</ele>
      <time>2022-11-24T11:29:31.262Z</time>
    </trkpt>
    <trkpt lat="42.39494" lon="13.85804">
      <ele>1132.9</ele>
      <time>2022-11-24T11:29:31.262Z</time>
    </trkpt>
    <trkpt lat="42.39497" lon="13.85811">
      <ele>1134.719</ele>
      <time>2022-11-24T11:29:31.262Z</time>
    </trkpt>
    <trkpt lat="42.39499" lon="13.85809">
      <ele>1135.0</ele>
      <time>2022-11-24T11:29:31.262Z</time>
    </trkpt>
    <trkpt lat="42.395" lon="13.85806">
      <ele>1135.032</ele>
      <time>2022-11-24T11:29:31.262Z</time>
    </trkpt>
    <trkpt lat="42.39502" lon="13.85805">
      <ele>1135.172</ele>
      <time>2022-11-24T11:29:31.263Z</time>
    </trkpt>
    <trkpt lat="42.39505" lon="13.85805">
      <ele>1135.611</ele>
      <time>2022-11-24T11:29:31.263Z</time>
    </trkpt>
    <trkpt lat="42.39508" lon="13.85806">
      <ele>1136.156</ele>
      <time>2022-11-24T11:29:31.263Z</time>
    </trkpt>
    <trkpt lat="42.39507" lon="13.85803">
      <ele>1135.526</ele>
      <time>2022-11-24T11:29:31.263Z</time>
    </trkpt>
    <trkpt lat="42.39509" lon="13.85801">
      <ele>1135.471</ele>
      <time>2022-11-24T11:29:31.263Z</time>
    </trkpt>
    <trkpt lat="42.39511" lon="13.858">
      <ele>1135.622</ele>
      <time>2022-11-24T11:29:31.263Z</time>
    </trkpt>
    <trkpt lat="42.39513" lon="13.85798">
      <ele>1135.622</ele>
      <time>2022-11-24T11:29:31.263Z</time>
    </trkpt>
    <trkpt lat="42.39515" lon="13.85796">
      <ele>1135.653</ele>
      <time>2022-11-24T11:29:31.263Z</time>
    </trkpt>
    <trkpt lat="42.39518" lon="13.85795">
      <ele>1136.051</ele>
      <time>2022-11-24T11:29:31.264Z</time>
    </trkpt>
    <trkpt lat="42.3952" lon="13.85794">
      <ele>1136.283</ele>
      <time>2022-11-24T11:29:31.264Z</time>
    </trkpt>
    <trkpt lat="42.39522" lon="13.85793">
      <ele>1136.53</ele>
      <time>2022-11-24T11:29:31.264Z</time>
    </trkpt>
    <trkpt lat="42.39525" lon="13.85791">
      <ele>1136.871</ele>
      <time>2022-11-24T11:29:31.264Z</time>
    </trkpt>
    <trkpt lat="42.39526" lon="13.8579">
      <ele>1136.956</ele>
      <time>2022-11-24T11:29:31.264Z</time>
    </trkpt>
    <trkpt lat="42.39528" lon="13.8579">
      <ele>1137.342</ele>
      <time>2022-11-24T11:29:31.264Z</time>
    </trkpt>
    <trkpt lat="42.3953" lon="13.85789">
      <ele>1137.45</ele>
      <time>2022-11-24T11:29:31.264Z</time>
    </trkpt>
    <trkpt lat="42.39532" lon="13.85789">
      <ele>1137.665</ele>
      <time>2022-11-24T11:29:31.264Z</time>
    </trkpt>
    <trkpt lat="42.39534" lon="13.85789">
      <ele>1137.88</ele>
      <time>2022-11-24T11:29:31.265Z</time>
    </trkpt>
    <trkpt lat="42.39538" lon="13.85789">
      <ele>1138.309</ele>
      <time>2022-11-24T11:29:31.265Z</time>
    </trkpt>
    <trkpt lat="42.39547" lon="13.85787">
      <ele>1139.307</ele>
      <time>2022-11-24T11:29:31.265Z</time>
    </trkpt>
    <trkpt lat="42.39556" lon="13.85782">
      <ele>1140.737</ele>
      <time>2022-11-24T11:29:31.265Z</time>
    </trkpt>
    <trkpt lat="42.39567" lon="13.85779">
      <ele>1142.094</ele>
      <time>2022-11-24T11:29:31.265Z</time>
    </trkpt>
    <trkpt lat="42.39575" lon="13.85773">
      <ele>1141.69</ele>
      <time>2022-11-24T11:29:31.265Z</time>
    </trkpt>
    <trkpt lat="42.39585" lon="13.85769">
      <ele>1141.397</ele>
      <time>2022-11-24T11:29:31.265Z</time>
    </trkpt>
    <trkpt lat="42.39591" lon="13.85766">
      <ele>1139.559</ele>
      <time>2022-11-24T11:29:31.265Z</time>
    </trkpt>
    <trkpt lat="42.39593" lon="13.85765">
      <ele>1139.061</ele>
      <time>2022-11-24T11:29:31.266Z</time>
    </trkpt>
    <trkpt lat="42.39593" lon="13.85762">
      <ele>1138.718</ele>
      <time>2022-11-24T11:29:31.266Z</time>
    </trkpt>
    <trkpt lat="42.39593" lon="13.85759">
      <ele>1138.376</ele>
      <time>2022-11-24T11:29:31.266Z</time>
    </trkpt>
    <trkpt lat="42.39593" lon="13.85756">
      <ele>1138.033</ele>
      <time>2022-11-24T11:29:31.266Z</time>
    </trkpt>
    <trkpt lat="42.39593" lon="13.85752">
      <ele>1137.576</ele>
      <time>2022-11-24T11:29:31.266Z</time>
    </trkpt>
    <trkpt lat="42.39594" lon="13.8575">
      <ele>1137.384</ele>
      <time>2022-11-24T11:29:31.266Z</time>
    </trkpt>
    <trkpt lat="42.39595" lon="13.85747">
      <ele>1136.612</ele>
      <time>2022-11-24T11:29:31.266Z</time>
    </trkpt>
    <trkpt lat="42.39597" lon="13.85746">
      <ele>1136.477</ele>
      <time>2022-11-24T11:29:31.266Z</time>
    </trkpt>
    <trkpt lat="42.39599" lon="13.85745">
      <ele>1136.373</ele>
      <time>2022-11-24T11:29:31.267Z</time>
    </trkpt>
    <trkpt lat="42.39601" lon="13.85743">
      <ele>1136.078</ele>
      <time>2022-11-24T11:29:31.267Z</time>
    </trkpt>
    <trkpt lat="42.39602" lon="13.85741">
      <ele>1135.738</ele>
      <time>2022-11-24T11:29:31.267Z</time>
    </trkpt>
    <trkpt lat="42.39604" lon="13.85739">
      <ele>1135.552</ele>
      <time>2022-11-24T11:29:31.267Z</time>
    </trkpt>
    <trkpt lat="42.39605" lon="13.85737">
      <ele>1135.29</ele>
      <time>2022-11-24T11:29:31.267Z</time>
    </trkpt>
    <trkpt lat="42.39607" lon="13.85735">
      <ele>1135.212</ele>
      <time>2022-11-24T11:29:31.267Z</time>
    </trkpt>
    <trkpt lat="42.39609" lon="13.85734">
      <ele>1135.357</ele>
      <time>2022-11-24T11:29:31.267Z</time>
    </trkpt>
    <trkpt lat="42.3961" lon="13.8573">
      <ele>1134.907</ele>
      <time>2022-11-24T11:29:31.267Z</time>
    </trkpt>
    <trkpt lat="42.39611" lon="13.85728">
      <ele>1134.809</ele>
      <time>2022-11-24T11:29:31.268Z</time>
    </trkpt>
    <trkpt lat="42.39613" lon="13.85727">
      <ele>1134.4</ele>
      <time>2022-11-24T11:29:31.268Z</time>
    </trkpt>
    <trkpt lat="42.39615" lon="13.85725">
      <ele>1133.938</ele>
      <time>2022-11-24T11:29:31.268Z</time>
    </trkpt>
    <trkpt lat="42.39616" lon="13.85723">
      <ele>1133.696</ele>
      <time>2022-11-24T11:29:31.268Z</time>
    </trkpt>
    <trkpt lat="42.39624" lon="13.85719">
      <ele>1132.218</ele>
      <time>2022-11-24T11:29:31.268Z</time>
    </trkpt>
    <trkpt lat="42.39631" lon="13.85713">
      <ele>1130.961</ele>
      <time>2022-11-24T11:29:31.268Z</time>
    </trkpt>
    <trkpt lat="42.39631" lon="13.85715">
      <ele>1131.31</ele>
      <time>2022-11-24T11:29:31.268Z</time>
    </trkpt>
    <trkpt lat="42.39634" lon="13.85714">
      <ele>1131.239</ele>
      <time>2022-11-24T11:29:31.268Z</time>
    </trkpt>
    <trkpt lat="42.39636" lon="13.85713">
      <ele>1131.199</ele>
      <time>2022-11-24T11:29:31.269Z</time>
    </trkpt>
    <trkpt lat="42.39638" lon="13.85711">
      <ele>1131.127</ele>
      <time>2022-11-24T11:29:31.269Z</time>
    </trkpt>
    <trkpt lat="42.3964" lon="13.85708">
      <ele>1130.583</ele>
      <time>2022-11-24T11:29:31.269Z</time>
    </trkpt>
    <trkpt lat="42.39642" lon="13.85706">
      <ele>1129.844</ele>
      <time>2022-11-24T11:29:31.269Z</time>
    </trkpt>
    <trkpt lat="42.39643" lon="13.85705">
      <ele>1129.529</ele>
      <time>2022-11-24T11:29:31.269Z</time>
    </trkpt>
    <trkpt lat="42.39645" lon="13.85705">
      <ele>1128.93</ele>
      <time>2022-11-24T11:29:31.269Z</time>
    </trkpt>
    <trkpt lat="42.39646" lon="13.85702">
      <ele>1128.801</ele>
      <time>2022-11-24T11:29:31.027Z</time>
    </trkpt>
    <trkpt lat="42.39647" lon="13.857">
      <ele>1128.706</ele>
      <time>2022-11-24T11:29:31.027Z</time>
    </trkpt>
    <trkpt lat="42.39648" lon="13.85697">
      <ele>1128.778</ele>
      <time>2022-11-24T11:29:31.027Z</time>
    </trkpt>
    <trkpt lat="42.3965" lon="13.85699">
      <ele>1128.21</ele>
      <time>2022-11-24T11:29:31.027Z</time>
    </trkpt>
    <trkpt lat="42.39652" lon="13.85699">
      <ele>1127.828</ele>
      <time>2022-11-24T11:29:31.027Z</time>
    </trkpt>
    <trkpt lat="42.39653" lon="13.857">
      <ele>1127.454</ele>
      <time>2022-11-24T11:29:31.271Z</time>
    </trkpt>
    <trkpt lat="42.39652" lon="13.85698">
      <ele>1127.994</ele>
      <time>2022-11-24T11:29:31.271Z</time>
    </trkpt>
    <trkpt lat="42.39651" lon="13.85696">
      <ele>1128.462</ele>
      <time>2022-11-24T11:29:31.271Z</time>
    </trkpt>
    <trkpt lat="42.39652" lon="13.85693">
      <ele>1128.276</ele>
      <time>2022-11-24T11:29:31.271Z</time>
    </trkpt>
    <trkpt lat="42.39653" lon="13.85691">
      <ele>1127.809</ele>
      <time>2022-11-24T11:29:31.271Z</time>
    </trkpt>
    <trkpt lat="42.39655" lon="13.85689">
      <ele>1127.417</ele>
      <time>2022-11-24T11:29:31.271Z</time>
    </trkpt>
    <trkpt lat="42.39657" lon="13.85686">
      <ele>1127.065</ele>
      <time>2022-11-24T11:29:31.271Z</time>
    </trkpt>
    <trkpt lat="42.3966" lon="13.85685">
      <ele>1127.176</ele>
      <time>2022-11-24T11:29:31.271Z</time>
    </trkpt>
    <trkpt lat="42.39663" lon="13.85684">
      <ele>1127.404</ele>
      <time>2022-11-24T11:29:31.272Z</time>
    </trkpt>
    <trkpt lat="42.39664" lon="13.85682">
      <ele>1127.539</ele>
      <time>2022-11-24T11:29:31.272Z</time>
    </trkpt>
    <trkpt lat="42.39666" lon="13.8568">
      <ele>1127.925</ele>
      <time>2022-11-24T11:29:31.272Z</time>
    </trkpt>
    <trkpt lat="42.39668" lon="13.85678">
      <ele>1127.929</ele>
      <time>2022-11-24T11:29:31.272Z</time>
    </trkpt>
    <trkpt lat="42.3967" lon="13.85676">
      <ele>1127.804</ele>
      <time>2022-11-24T11:29:31.272Z</time>
    </trkpt>
    <trkpt lat="42.39672" lon="13.85674">
      <ele>1127.813</ele>
      <time>2022-11-24T11:29:31.272Z</time>
    </trkpt>
    <trkpt lat="42.39674" lon="13.85672">
      <ele>1127.957</ele>
      <time>2022-11-24T11:29:31.273Z</time>
    </trkpt>
    <trkpt lat="42.39675" lon="13.8567">
      <ele>1128.292</ele>
      <time>2022-11-24T11:29:31.273Z</time>
    </trkpt>
    <trkpt lat="42.39677" lon="13.85668">
      <ele>1128.672</ele>
      <time>2022-11-24T11:29:31.273Z</time>
    </trkpt>
    <trkpt lat="42.39677" lon="13.85667">
      <ele>1128.918</ele>
      <time>2022-11-24T11:29:31.274Z</time>
    </trkpt>
    <trkpt lat="42.39678" lon="13.85666">
      <ele>1128.897</ele>
      <time>2022-11-24T11:29:31.274Z</time>
    </trkpt>
    <trkpt lat="42.3968" lon="13.85665">
      <ele>1128.803</ele>
      <time>2022-11-24T11:29:31.274Z</time>
    </trkpt>
    <trkpt lat="42.39682" lon="13.85664">
      <ele>1128.782</ele>
      <time>2022-11-24T11:29:31.274Z</time>
    </trkpt>
    <trkpt lat="42.39684" lon="13.8566">
      <ele>1128.697</ele>
      <time>2022-11-24T11:29:31.274Z</time>
    </trkpt>
    <trkpt lat="42.39686" lon="13.85658">
      <ele>1128.92</ele>
      <time>2022-11-24T11:29:31.275Z</time>
    </trkpt>
    <trkpt lat="42.39688" lon="13.85657">
      <ele>1129.262</ele>
      <time>2022-11-24T11:29:31.275Z</time>
    </trkpt>
    <trkpt lat="42.3969" lon="13.85655">
      <ele>1129.739</ele>
      <time>2022-11-24T11:29:31.275Z</time>
    </trkpt>
    <trkpt lat="42.39691" lon="13.85653">
      <ele>1130.114</ele>
      <time>2022-11-24T11:29:31.275Z</time>
    </trkpt>
    <trkpt lat="42.39692" lon="13.85651">
      <ele>1130.561</ele>
      <time>2022-11-24T11:29:31.275Z</time>
    </trkpt>
    <trkpt lat="42.39694" lon="13.85649">
      <ele>1131.402</ele>
      <time>2022-11-24T11:29:31.275Z</time>
    </trkpt>
    <trkpt lat="42.39695" lon="13.85647">
      <ele>1131.764</ele>
      <time>2022-11-24T11:29:31.275Z</time>
    </trkpt>
    <trkpt lat="42.39694" lon="13.85644">
      <ele>1132.081</ele>
      <time>2022-11-24T11:29:31.275Z</time>
    </trkpt>
    <trkpt lat="42.39693" lon="13.85642">
      <ele>1131.906</ele>
      <time>2022-11-24T11:29:31.276Z</time>
    </trkpt>
    <trkpt lat="42.39694" lon="13.85639">
      <ele>1132.761</ele>
      <time>2022-11-24T11:29:31.276Z</time>
    </trkpt>
    <trkpt lat="42.39693" lon="13.85635">
      <ele>1132.53</ele>
      <time>2022-11-24T11:29:31.276Z</time>
    </trkpt>
    <trkpt lat="42.39693" lon="13.85632">
      <ele>1132.729</ele>
      <time>2022-11-24T11:29:31.276Z</time>
    </trkpt>
    <trkpt lat="42.39692" lon="13.8563">
      <ele>1132.324</ele>
      <time>2022-11-24T11:29:31.276Z</time>
    </trkpt>
    <trkpt lat="42.39692" lon="13.85627">
      <ele>1132.511</ele>
      <time>2022-11-24T11:29:31.276Z</time>
    </trkpt>
    <trkpt lat="42.39693" lon="13.85624">
      <ele>1133.26</ele>
      <time>2022-11-24T11:29:31.276Z</time>
    </trkpt>
    <trkpt lat="42.39695" lon="13.85624">
      <ele>1134.231</ele>
      <time>2022-11-24T11:29:31.276Z</time>
    </trkpt>
    <trkpt lat="42.39698" lon="13.85623">
      <ele>1135.224</ele>
      <time>2022-11-24T11:29:31.277Z</time>
    </trkpt>
    <trkpt lat="42.397" lon="13.8562">
      <ele>1136.328</ele>
      <time>2022-11-24T11:29:31.277Z</time>
    </trkpt>
    <trkpt lat="42.39702" lon="13.85616">
      <ele>1137.834</ele>
      <time>2022-11-24T11:29:31.277Z</time>
    </trkpt>
    <trkpt lat="42.39707" lon="13.85605">
      <ele>1141.328</ele>
      <time>2022-11-24T11:29:31.277Z</time>
    </trkpt>
    <trkpt lat="42.39709" lon="13.85604">
      <ele>1142.336</ele>
      <time>2022-11-24T11:29:31.277Z</time>
    </trkpt>
    <trkpt lat="42.3971" lon="13.85601">
      <ele>1142.84</ele>
      <time>2022-11-24T11:29:31.277Z</time>
    </trkpt>
    <trkpt lat="42.39711" lon="13.85599">
      <ele>1143.344</ele>
      <time>2022-11-24T11:29:31.277Z</time>
    </trkpt>
    <trkpt lat="42.39713" lon="13.85597">
      <ele>1144.352</ele>
      <time>2022-11-24T11:29:31.277Z</time>
    </trkpt>
    <trkpt lat="42.39714" lon="13.85595">
      <ele>1144.856</ele>
      <time>2022-11-24T11:29:31.278Z</time>
    </trkpt>
    <trkpt lat="42.39716" lon="13.85595">
      <ele>1145.864</ele>
      <time>2022-11-24T11:29:31.278Z</time>
    </trkpt>
    <trkpt lat="42.39719" lon="13.85592">
      <ele>1147.376</ele>
      <time>2022-11-24T11:29:31.278Z</time>
    </trkpt>
    <trkpt lat="42.39721" lon="13.85591">
      <ele>1148.384</ele>
      <time>2022-11-24T11:29:31.278Z</time>
    </trkpt>
    <trkpt lat="42.39723" lon="13.85591">
      <ele>1148.902</ele>
      <time>2022-11-24T11:29:31.278Z</time>
    </trkpt>
    <trkpt lat="42.39725" lon="13.85591">
      <ele>1148.652</ele>
      <time>2022-11-24T11:29:31.278Z</time>
    </trkpt>
    <trkpt lat="42.39727" lon="13.8559">
      <ele>1148.456</ele>
      <time>2022-11-24T11:29:31.278Z</time>
    </trkpt>
    <trkpt lat="42.39728" lon="13.85587">
      <ele>1148.545</ele>
      <time>2022-11-24T11:29:31.278Z</time>
    </trkpt>
    <trkpt lat="42.3973" lon="13.85586">
      <ele>1148.478</ele>
      <time>2022-11-24T11:29:31.279Z</time>
    </trkpt>
    <trkpt lat="42.39732" lon="13.85585">
      <ele>1148.458</ele>
      <time>2022-11-24T11:29:31.279Z</time>
    </trkpt>
    <trkpt lat="42.39734" lon="13.85583">
      <ele>1148.45</ele>
      <time>2022-11-24T11:29:31.279Z</time>
    </trkpt>
    <trkpt lat="42.39736" lon="13.85583">
      <ele>1148.389</ele>
      <time>2022-11-24T11:29:31.279Z</time>
    </trkpt>
    <trkpt lat="42.39739" lon="13.85583">
      <ele>1148.298</ele>
      <time>2022-11-24T11:29:31.279Z</time>
    </trkpt>
    <trkpt lat="42.39741" lon="13.85583">
      <ele>1148.237</ele>
      <time>2022-11-24T11:29:31.279Z</time>
    </trkpt>
    <trkpt lat="42.39741" lon="13.8558">
      <ele>1147.459</ele>
      <time>2022-11-24T11:29:31.279Z</time>
    </trkpt>
    <trkpt lat="42.39741" lon="13.85578">
      <ele>1146.939</ele>
      <time>2022-11-24T11:29:31.279Z</time>
    </trkpt>
    <trkpt lat="42.39742" lon="13.85576">
      <ele>1146.508</ele>
      <time>2022-11-24T11:29:31.028Z</time>
    </trkpt>
    <trkpt lat="42.39744" lon="13.85574">
      <ele>1146.265</ele>
      <time>2022-11-24T11:29:31.028Z</time>
    </trkpt>
    <trkpt lat="42.39746" lon="13.85573">
      <ele>1146.332</ele>
      <time>2022-11-24T11:29:31.028Z</time>
    </trkpt>
    <trkpt lat="42.39746" lon="13.8557">
      <ele>1145.805</ele>
      <time>2022-11-24T11:29:31.028Z</time>
    </trkpt>
    <trkpt lat="42.39747" lon="13.85567">
      <ele>1145.518</ele>
      <time>2022-11-24T11:29:31.028Z</time>
    </trkpt>
    <trkpt lat="42.39749" lon="13.85565">
      <ele>1145.747</ele>
      <time>2022-11-24T11:29:31.028Z</time>
    </trkpt>
    <trkpt lat="42.39749" lon="13.85562">
      <ele>1145.373</ele>
      <time>2022-11-24T11:29:31.028Z</time>
    </trkpt>
    <trkpt lat="42.39751" lon="13.85559">
      <ele>1145.404</ele>
      <time>2022-11-24T11:29:31.028Z</time>
    </trkpt>
    <trkpt lat="42.39753" lon="13.85557">
      <ele>1145.321</ele>
      <time>2022-11-24T11:29:31.281Z</time>
    </trkpt>
    <trkpt lat="42.39754" lon="13.85555">
      <ele>1145.145</ele>
      <time>2022-11-24T11:29:31.281Z</time>
    </trkpt>
    <trkpt lat="42.39757" lon="13.85553">
      <ele>1144.977</ele>
      <time>2022-11-24T11:29:31.281Z</time>
    </trkpt>
    <trkpt lat="42.39759" lon="13.85552">
      <ele>1145.035</ele>
      <time>2022-11-24T11:29:31.281Z</time>
    </trkpt>
    <trkpt lat="42.39763" lon="13.85551">
      <ele>1145.458</ele>
      <time>2022-11-24T11:29:31.281Z</time>
    </trkpt>
    <trkpt lat="42.39765" lon="13.85549">
      <ele>1145.613</ele>
      <time>2022-11-24T11:29:31.281Z</time>
    </trkpt>
    <trkpt lat="42.39765" lon="13.85547">
      <ele>1145.47</ele>
      <time>2022-11-24T11:29:31.281Z</time>
    </trkpt>
    <trkpt lat="42.39765" lon="13.85541">
      <ele>1145.042</ele>
      <time>2022-11-24T11:29:31.281Z</time>
    </trkpt>
    <trkpt lat="42.39766" lon="13.85537">
      <ele>1145.142</ele>
      <time>2022-11-24T11:29:31.282Z</time>
    </trkpt>
    <trkpt lat="42.39768" lon="13.85534">
      <ele>1145.849</ele>
      <time>2022-11-24T11:29:31.282Z</time>
    </trkpt>
    <trkpt lat="42.39776" lon="13.85529">
      <ele>1149.901</ele>
      <time>2022-11-24T11:29:31.282Z</time>
    </trkpt>
    <trkpt lat="42.39778" lon="13.85527">
      <ele>1150.779</ele>
      <time>2022-11-24T11:29:31.282Z</time>
    </trkpt>
    <trkpt lat="42.39781" lon="13.85526">
      <ele>1149.893</ele>
      <time>2022-11-24T11:29:31.282Z</time>
    </trkpt>
    <trkpt lat="42.39783" lon="13.85525">
      <ele>1149.31</ele>
      <time>2022-11-24T11:29:31.282Z</time>
    </trkpt>
    <trkpt lat="42.39785" lon="13.85523">
      <ele>1148.685</ele>
      <time>2022-11-24T11:29:31.282Z</time>
    </trkpt>
    <trkpt lat="42.39794" lon="13.85516">
      <ele>1147.339</ele>
      <time>2022-11-24T11:29:31.283Z</time>
    </trkpt>
    <trkpt lat="42.39801" lon="13.85513">
      <ele>1147.293</ele>
      <time>2022-11-24T11:29:31.283Z</time>
    </trkpt>
    <trkpt lat="42.39802" lon="13.85509">
      <ele>1147.914</ele>
      <time>2022-11-24T11:29:31.283Z</time>
    </trkpt>
    <trkpt lat="42.39803" lon="13.85506">
      <ele>1148.482</ele>
      <time>2022-11-24T11:29:31.283Z</time>
    </trkpt>
    <trkpt lat="42.39806" lon="13.85503">
      <ele>1149.386</ele>
      <time>2022-11-24T11:29:31.283Z</time>
    </trkpt>
    <trkpt lat="42.39807" lon="13.85501">
      <ele>1149.925</ele>
      <time>2022-11-24T11:29:31.283Z</time>
    </trkpt>
    <trkpt lat="42.3981" lon="13.85498">
      <ele>1150.353</ele>
      <time>2022-11-24T11:29:31.283Z</time>
    </trkpt>
    <trkpt lat="42.39811" lon="13.85494">
      <ele>1150.317</ele>
      <time>2022-11-24T11:29:31.283Z</time>
    </trkpt>
    <trkpt lat="42.39812" lon="13.85492">
      <ele>1150.479</ele>
      <time>2022-11-24T11:29:31.284Z</time>
    </trkpt>
    <trkpt lat="42.39814" lon="13.8549">
      <ele>1151.004</ele>
      <time>2022-11-24T11:29:31.284Z</time>
    </trkpt>
    <trkpt lat="42.39818" lon="13.85486">
      <ele>1152.489</ele>
      <time>2022-11-24T11:29:31.285Z</time>
    </trkpt>
    <trkpt lat="42.3982" lon="13.85485">
      <ele>1153.331</ele>
      <time>2022-11-24T11:29:31.285Z</time>
    </trkpt>
    <trkpt lat="42.3982" lon="13.85483">
      <ele>1153.567</ele>
      <time>2022-11-24T11:29:31.285Z</time>
    </trkpt>
    <trkpt lat="42.39822" lon="13.85481">
      <ele>1154.709</ele>
      <time>2022-11-24T11:29:31.285Z</time>
    </trkpt>
    <trkpt lat="42.39827" lon="13.8548">
      <ele>1157.218</ele>
      <time>2022-11-24T11:29:31.285Z</time>
    </trkpt>
    <trkpt lat="42.39829" lon="13.8548">
      <ele>1158.16</ele>
      <time>2022-11-24T11:29:31.285Z</time>
    </trkpt>
    <trkpt lat="42.39831" lon="13.85479">
      <ele>1159.419</ele>
      <time>2022-11-24T11:29:31.286Z</time>
    </trkpt>
    <trkpt lat="42.39832" lon="13.85478">
      <ele>1160.244</ele>
      <time>2022-11-24T11:29:31.286Z</time>
    </trkpt>
    <trkpt lat="42.39834" lon="13.85478">
      <ele>1161.117</ele>
      <time>2022-11-24T11:29:31.286Z</time>
    </trkpt>
    <trkpt lat="42.39836" lon="13.85479">
      <ele>1161.351</ele>
      <time>2022-11-24T11:29:31.286Z</time>
    </trkpt>
    <trkpt lat="42.39838" lon="13.8548">
      <ele>1161.591</ele>
      <time>2022-11-24T11:29:31.286Z</time>
    </trkpt>
    <trkpt lat="42.3984" lon="13.85479">
      <ele>1162.539</ele>
      <time>2022-11-24T11:29:31.286Z</time>
    </trkpt>
    <trkpt lat="42.39841" lon="13.85476">
      <ele>1163.886</ele>
      <time>2022-11-24T11:29:31.286Z</time>
    </trkpt>
    <trkpt lat="42.39842" lon="13.85474">
      <ele>1164.876</ele>
      <time>2022-11-24T11:29:31.286Z</time>
    </trkpt>
    <trkpt lat="42.39844" lon="13.85472">
      <ele>1166.095</ele>
      <time>2022-11-24T11:29:31.287Z</time>
    </trkpt>
    <trkpt lat="42.39845" lon="13.85469">
      <ele>1166.731</ele>
      <time>2022-11-24T11:29:31.287Z</time>
    </trkpt>
    <trkpt lat="42.39845" lon="13.85466">
      <ele>1167.077</ele>
      <time>2022-11-24T11:29:31.287Z</time>
    </trkpt>
    <trkpt lat="42.39847" lon="13.85466">
      <ele>1167.814</ele>
      <time>2022-11-24T11:29:31.287Z</time>
    </trkpt>
    <trkpt lat="42.39848" lon="13.85463">
      <ele>1168.645</ele>
      <time>2022-11-24T11:29:31.287Z</time>
    </trkpt>
    <trkpt lat="42.39849" lon="13.85462">
      <ele>1169.22</ele>
      <time>2022-11-24T11:29:31.287Z</time>
    </trkpt>
    <trkpt lat="42.39852" lon="13.8546">
      <ele>1170.893</ele>
      <time>2022-11-24T11:29:31.287Z</time>
    </trkpt>
    <trkpt lat="42.39853" lon="13.85458">
      <ele>1171.777</ele>
      <time>2022-11-24T11:29:31.287Z</time>
    </trkpt>
    <trkpt lat="42.39855" lon="13.85457">
      <ele>1172.966</ele>
      <time>2022-11-24T11:29:31.288Z</time>
    </trkpt>
    <trkpt lat="42.39857" lon="13.85458">
      <ele>1173.666</ele>
      <time>2022-11-24T11:29:31.288Z</time>
    </trkpt>
    <trkpt lat="42.3986" lon="13.85459">
      <ele>1174.774</ele>
      <time>2022-11-24T11:29:31.288Z</time>
    </trkpt>
    <trkpt lat="42.39863" lon="13.85458">
      <ele>1175.754</ele>
      <time>2022-11-24T11:29:31.288Z</time>
    </trkpt>
    <trkpt lat="42.39865" lon="13.85458">
      <ele>1175.908</ele>
      <time>2022-11-24T11:29:31.288Z</time>
    </trkpt>
    <trkpt lat="42.39868" lon="13.85456">
      <ele>1177.002</ele>
      <time>2022-11-24T11:29:31.288Z</time>
    </trkpt>
    <trkpt lat="42.3987" lon="13.85455">
      <ele>1177.681</ele>
      <time>2022-11-24T11:29:31.288Z</time>
    </trkpt>
    <trkpt lat="42.39873" lon="13.85454">
      <ele>1178.561</ele>
      <time>2022-11-24T11:29:31.288Z</time>
    </trkpt>
    <trkpt lat="42.39875" lon="13.85454">
      <ele>1178.84</ele>
      <time>2022-11-24T11:29:31.289Z</time>
    </trkpt>
    <trkpt lat="42.39877" lon="13.85453">
      <ele>1179.69</ele>
      <time>2022-11-24T11:29:31.289Z</time>
    </trkpt>
    <trkpt lat="42.39879" lon="13.85453">
      <ele>1180.0</ele>
      <time>2022-11-24T11:29:31.289Z</time>
    </trkpt>
    <trkpt lat="42.39881" lon="13.85452">
      <ele>1180.943</ele>
      <time>2022-11-24T11:29:31.289Z</time>
    </trkpt>
    <trkpt lat="42.39883" lon="13.85451">
      <ele>1181.948</ele>
      <time>2022-11-24T11:29:31.289Z</time>
    </trkpt>
    <trkpt lat="42.39884" lon="13.85449">
      <ele>1183.494</ele>
      <time>2022-11-24T11:29:31.289Z</time>
    </trkpt>
    <trkpt lat="42.39884" lon="13.85446">
      <ele>1185.534</ele>
      <time>2022-11-24T11:29:31.289Z</time>
    </trkpt>
    <trkpt lat="42.39885" lon="13.85444">
      <ele>1186.787</ele>
      <time>2022-11-24T11:29:31.289Z</time>
    </trkpt>
    <trkpt lat="42.39887" lon="13.85442">
      <ele>1186.98</ele>
      <time>2022-11-24T11:29:31.029Z</time>
    </trkpt>
    <trkpt lat="42.39889" lon="13.8544">
      <ele>1187.175</ele>
      <time>2022-11-24T11:29:31.029Z</time>
    </trkpt>
    <trkpt lat="42.39891" lon="13.85439">
      <ele>1186.618</ele>
      <time>2022-11-24T11:29:31.029Z</time>
    </trkpt>
    <trkpt lat="42.39893" lon="13.85437">
      <ele>1186.132</ele>
      <time>2022-11-24T11:29:31.029Z</time>
    </trkpt>
    <trkpt lat="42.39896" lon="13.85434">
      <ele>1185.87</ele>
      <time>2022-11-24T11:29:31.029Z</time>
    </trkpt>
    <trkpt lat="42.39898" lon="13.85433">
      <ele>1185.903</ele>
      <time>2022-11-24T11:29:31.029Z</time>
    </trkpt>
    <trkpt lat="42.39901" lon="13.8543">
      <ele>1186.481</ele>
      <time>2022-11-24T11:29:31.291Z</time>
    </trkpt>
    <trkpt lat="42.39904" lon="13.85428">
      <ele>1187.329</ele>
      <time>2022-11-24T11:29:31.291Z</time>
    </trkpt>
    <trkpt lat="42.39905" lon="13.85426">
      <ele>1188.123</ele>
      <time>2022-11-24T11:29:31.291Z</time>
    </trkpt>
    <trkpt lat="42.39908" lon="13.85424">
      <ele>1189.593</ele>
      <time>2022-11-24T11:29:31.291Z</time>
    </trkpt>
    <trkpt lat="42.3991" lon="13.85424">
      <ele>1190.145</ele>
      <time>2022-11-24T11:29:31.291Z</time>
    </trkpt>
    <trkpt lat="42.39912" lon="13.85424">
      <ele>1190.696</ele>
      <time>2022-11-24T11:29:31.291Z</time>
    </trkpt>
    <trkpt lat="42.39914" lon="13.85423">
      <ele>1191.849</ele>
      <time>2022-11-24T11:29:31.291Z</time>
    </trkpt>
    <trkpt lat="42.39916" lon="13.85422">
      <ele>1193.127</ele>
      <time>2022-11-24T11:29:31.291Z</time>
    </trkpt>
    <trkpt lat="42.39919" lon="13.85421">
      <ele>1193.656</ele>
      <time>2022-11-24T11:29:31.292Z</time>
    </trkpt>
    <trkpt lat="42.39921" lon="13.85419">
      <ele>1195.024</ele>
      <time>2022-11-24T11:29:31.292Z</time>
    </trkpt>
    <trkpt lat="42.39923" lon="13.85417">
      <ele>1196.693</ele>
      <time>2022-11-24T11:29:31.292Z</time>
    </trkpt>
    <trkpt lat="42.39926" lon="13.85417">
      <ele>1196.655</ele>
      <time>2022-11-24T11:29:31.292Z</time>
    </trkpt>
    <trkpt lat="42.39929" lon="13.85417">
      <ele>1196.617</ele>
      <time>2022-11-24T11:29:31.292Z</time>
    </trkpt>
    <trkpt lat="42.39927" lon="13.85417">
      <ele>1196.643</ele>
      <time>2022-11-24T11:29:31.292Z</time>
    </trkpt>
    <trkpt lat="42.39929" lon="13.85416">
      <ele>1197.032</ele>
      <time>2022-11-24T11:29:31.292Z</time>
    </trkpt>
    <trkpt lat="42.39931" lon="13.85414">
      <ele>1197.21</ele>
      <time>2022-11-24T11:29:31.292Z</time>
    </trkpt>
    <trkpt lat="42.39933" lon="13.85412">
      <ele>1197.513</ele>
      <time>2022-11-24T11:29:31.293Z</time>
    </trkpt>
    <trkpt lat="42.39935" lon="13.85411">
      <ele>1197.8</ele>
      <time>2022-11-24T11:29:31.293Z</time>
    </trkpt>
    <trkpt lat="42.39937" lon="13.85409">
      <ele>1198.32</ele>
      <time>2022-11-24T11:29:31.293Z</time>
    </trkpt>
    <trkpt lat="42.39939" lon="13.85407">
      <ele>1198.966</ele>
      <time>2022-11-24T11:29:31.293Z</time>
    </trkpt>
    <trkpt lat="42.39941" lon="13.85405">
      <ele>1199.735</ele>
      <time>2022-11-24T11:29:31.293Z</time>
    </trkpt>
    <trkpt lat="42.39943" lon="13.85402">
      <ele>1200.895</ele>
      <time>2022-11-24T11:29:31.293Z</time>
    </trkpt>
    <trkpt lat="42.39945" lon="13.85401">
      <ele>1201.191</ele>
      <time>2022-11-24T11:29:31.293Z</time>
    </trkpt>
    <trkpt lat="42.39947" lon="13.854">
      <ele>1200.402</ele>
      <time>2022-11-24T11:29:31.294Z</time>
    </trkpt>
    <trkpt lat="42.39948" lon="13.85398">
      <ele>1200.642</ele>
      <time>2022-11-24T11:29:31.294Z</time>
    </trkpt>
    <trkpt lat="42.3995" lon="13.85397">
      <ele>1200.121</ele>
      <time>2022-11-24T11:29:31.294Z</time>
    </trkpt>
    <trkpt lat="42.39952" lon="13.85395">
      <ele>1200.232</ele>
      <time>2022-11-24T11:29:31.294Z</time>
    </trkpt>
    <trkpt lat="42.39953" lon="13.85393">
      <ele>1200.92</ele>
      <time>2022-11-24T11:29:31.294Z</time>
    </trkpt>
    <trkpt lat="42.39955" lon="13.85391">
      <ele>1201.448</ele>
      <time>2022-11-24T11:29:31.294Z</time>
    </trkpt>
    <trkpt lat="42.39957" lon="13.8539">
      <ele>1201.552</ele>
      <time>2022-11-24T11:29:31.294Z</time>
    </trkpt>
    <trkpt lat="42.39959" lon="13.85389">
      <ele>1201.776</ele>
      <time>2022-11-24T11:29:31.294Z</time>
    </trkpt>
    <trkpt lat="42.3996" lon="13.85387">
      <ele>1202.236</ele>
      <time>2022-11-24T11:29:31.295Z</time>
    </trkpt>
    <trkpt lat="42.39962" lon="13.85385">
      <ele>1202.646</ele>
      <time>2022-11-24T11:29:31.295Z</time>
    </trkpt>
    <trkpt lat="42.39964" lon="13.85382">
      <ele>1203.698</ele>
      <time>2022-11-24T11:29:31.295Z</time>
    </trkpt>
    <trkpt lat="42.39964" lon="13.8538">
      <ele>1204.547</ele>
      <time>2022-11-24T11:29:31.295Z</time>
    </trkpt>
    <trkpt lat="42.39966" lon="13.85378">
      <ele>1205.556</ele>
      <time>2022-11-24T11:29:31.295Z</time>
    </trkpt>
    <trkpt lat="42.39968" lon="13.85376">
      <ele>1206.783</ele>
      <time>2022-11-24T11:29:31.295Z</time>
    </trkpt>
    <trkpt lat="42.39969" lon="13.85375">
      <ele>1207.478</ele>
      <time>2022-11-24T11:29:31.295Z</time>
    </trkpt>
    <trkpt lat="42.39971" lon="13.85373">
      <ele>1209.031</ele>
      <time>2022-11-24T11:29:31.295Z</time>
    </trkpt>
    <trkpt lat="42.39973" lon="13.85371">
      <ele>1209.973</ele>
      <time>2022-11-24T11:29:31.296Z</time>
    </trkpt>
    <trkpt lat="42.39975" lon="13.85369">
      <ele>1209.82</ele>
      <time>2022-11-24T11:29:31.296Z</time>
    </trkpt>
    <trkpt lat="42.39977" lon="13.85368">
      <ele>1209.103</ele>
      <time>2022-11-24T11:29:31.296Z</time>
    </trkpt>
    <trkpt lat="42.39978" lon="13.85366">
      <ele>1209.98</ele>
      <time>2022-11-24T11:29:31.296Z</time>
    </trkpt>
    <trkpt lat="42.39978" lon="13.85366">
      <ele>1209.98</ele>
      <time>2022-11-24T11:29:31.296Z</time>
    </trkpt>
    <trkpt lat="42.3998" lon="13.85366">
      <ele>1208.646</ele>
      <time>2022-11-24T11:29:31.296Z</time>
    </trkpt>
    <trkpt lat="42.39981" lon="13.85363">
      <ele>1210.606</ele>
      <time>2022-11-24T11:29:31.296Z</time>
    </trkpt>
    <trkpt lat="42.39981" lon="13.8536">
      <ele>1212.235</ele>
      <time>2022-11-24T11:29:31.296Z</time>
    </trkpt>
    <trkpt lat="42.39978" lon="13.8536">
      <ele>1213.781</ele>
      <time>2022-11-24T11:29:31.297Z</time>
    </trkpt>
    <trkpt lat="42.39977" lon="13.85359">
      <ele>1214.186</ele>
      <time>2022-11-24T11:29:31.297Z</time>
    </trkpt>
    <trkpt lat="42.39979" lon="13.85358">
      <ele>1213.133</ele>
      <time>2022-11-24T11:29:31.297Z</time>
    </trkpt>
    <trkpt lat="42.39979" lon="13.85355">
      <ele>1212.933</ele>
      <time>2022-11-24T11:29:31.297Z</time>
    </trkpt>
    <trkpt lat="42.39978" lon="13.85353">
      <ele>1213.161</ele>
      <time>2022-11-24T11:29:31.297Z</time>
    </trkpt>
    <trkpt lat="42.39976" lon="13.85352">
      <ele>1213.75</ele>
      <time>2022-11-24T11:29:31.297Z</time>
    </trkpt>
    <trkpt lat="42.39975" lon="13.8535">
      <ele>1213.78</ele>
      <time>2022-11-24T11:29:31.297Z</time>
    </trkpt>
    <trkpt lat="42.39974" lon="13.85347">
      <ele>1213.545</ele>
      <time>2022-11-24T11:29:31.297Z</time>
    </trkpt>
    <trkpt lat="42.39975" lon="13.85344">
      <ele>1212.851</ele>
      <time>2022-11-24T11:29:31.298Z</time>
    </trkpt>
    <trkpt lat="42.39976" lon="13.8534">
      <ele>1212.157</ele>
      <time>2022-11-24T11:29:31.299Z</time>
    </trkpt>
    <trkpt lat="42.39976" lon="13.85337">
      <ele>1211.759</ele>
      <time>2022-11-24T11:29:31.299Z</time>
    </trkpt>
    <trkpt lat="42.39977" lon="13.85335">
      <ele>1211.529</ele>
      <time>2022-11-24T11:29:31.299Z</time>
    </trkpt>
    <trkpt lat="42.39978" lon="13.85332">
      <ele>1211.214</ele>
      <time>2022-11-24T11:29:31.299Z</time>
    </trkpt>
    <trkpt lat="42.39978" lon="13.85329">
      <ele>1210.76</ele>
      <time>2022-11-24T11:29:31.299Z</time>
    </trkpt>
    <trkpt lat="42.39981" lon="13.85322">
      <ele>1209.871</ele>
      <time>2022-11-24T11:29:31.299Z</time>
    </trkpt>
    <trkpt lat="42.39994" lon="13.85316">
      <ele>1209.583</ele>
      <time>2022-11-24T11:29:31.299Z</time>
    </trkpt>
    <trkpt lat="42.40001" lon="13.85307">
      <ele>1207.925</ele>
      <time>2022-11-24T11:29:31.299Z</time>
    </trkpt>
    <trkpt lat="42.40009" lon="13.85303">
      <ele>1204.995</ele>
      <time>2022-11-24T11:29:31.003Z</time>
    </trkpt>
    <trkpt lat="42.40018" lon="13.85305">
      <ele>1202.129</ele>
      <time>2022-11-24T11:29:31.003Z</time>
    </trkpt>
    <trkpt lat="42.40028" lon="13.85302">
      <ele>1198.49</ele>
      <time>2022-11-24T11:29:31.003Z</time>
    </trkpt>
    <trkpt lat="42.4003" lon="13.85302">
      <ele>1197.356</ele>
      <time>2022-11-24T11:29:31.003Z</time>
    </trkpt>
    <trkpt lat="42.40029" lon="13.85301">
      <ele>1197.818</ele>
      <time>2022-11-24T11:29:31.003Z</time>
    </trkpt>
    <trkpt lat="42.40028" lon="13.85299">
      <ele>1198.168</ele>
      <time>2022-11-24T11:29:31.003Z</time>
    </trkpt>
    <trkpt lat="42.40028" lon="13.85295">
      <ele>1197.738</ele>
      <time>2022-11-24T11:29:31.003Z</time>
    </trkpt>
    <trkpt lat="42.40026" lon="13.85282">
      <ele>1197.195</ele>
      <time>2022-11-24T11:29:31.003Z</time>
    </trkpt>
    <trkpt lat="42.40029" lon="13.85269">
      <ele>1194.12</ele>
      <time>2022-11-24T11:29:31.301Z</time>
    </trkpt>
    <trkpt lat="42.40034" lon="13.85259">
      <ele>1190.16</ele>
      <time>2022-11-24T11:29:31.301Z</time>
    </trkpt>
    <trkpt lat="42.4004" lon="13.85249">
      <ele>1186.043</ele>
      <time>2022-11-24T11:29:31.301Z</time>
    </trkpt>
    <trkpt lat="42.40048" lon="13.85254">
      <ele>1182.384</ele>
      <time>2022-11-24T11:29:31.302Z</time>
    </trkpt>
    <trkpt lat="42.40057" lon="13.85259">
      <ele>1178.675</ele>
      <time>2022-11-24T11:29:31.302Z</time>
    </trkpt>
    <trkpt lat="42.40065" lon="13.85269">
      <ele>1175.941</ele>
      <time>2022-11-24T11:29:31.302Z</time>
    </trkpt>
    <trkpt lat="42.4007" lon="13.8528">
      <ele>1173.635</ele>
      <time>2022-11-24T11:29:31.302Z</time>
    </trkpt>
    <trkpt lat="42.40076" lon="13.85291">
      <ele>1169.649</ele>
      <time>2022-11-24T11:29:31.302Z</time>
    </trkpt>
    <trkpt lat="42.4008" lon="13.85303">
      <ele>1166.431</ele>
      <time>2022-11-24T11:29:31.303Z</time>
    </trkpt>
    <trkpt lat="42.4009" lon="13.85299">
      <ele>1159.052</ele>
      <time>2022-11-24T11:29:31.303Z</time>
    </trkpt>
    <trkpt lat="42.40095" lon="13.85289">
      <ele>1156.614</ele>
      <time>2022-11-24T11:29:31.303Z</time>
    </trkpt>
    <trkpt lat="42.40101" lon="13.85278">
      <ele>1154.505</ele>
      <time>2022-11-24T11:29:31.303Z</time>
    </trkpt>
    <trkpt lat="42.40112" lon="13.85281">
      <ele>1146.387</ele>
      <time>2022-11-24T11:29:31.304Z</time>
    </trkpt>
    <trkpt lat="42.40115" lon="13.85268">
      <ele>1146.363</ele>
      <time>2022-11-24T11:29:31.304Z</time>
    </trkpt>
    <trkpt lat="42.4012" lon="13.85257">
      <ele>1146.046</ele>
      <time>2022-11-24T11:29:31.304Z</time>
    </trkpt>
    <trkpt lat="42.40123" lon="13.85246">
      <ele>1146.429</ele>
      <time>2022-11-24T11:29:31.304Z</time>
    </trkpt>
    <trkpt lat="42.40125" lon="13.85233">
      <ele>1143.746</ele>
      <time>2022-11-24T11:29:31.305Z</time>
    </trkpt>
    <trkpt lat="42.40133" lon="13.85226">
      <ele>1138.854</ele>
      <time>2022-11-24T11:29:31.305Z</time>
    </trkpt>
    <trkpt lat="42.40129" lon="13.85215">
      <ele>1137.53</ele>
      <time>2022-11-24T11:29:31.305Z</time>
    </trkpt>
    <trkpt lat="42.40125" lon="13.85204">
      <ele>1136.752</ele>
      <time>2022-11-24T11:29:31.305Z</time>
    </trkpt>
    <trkpt lat="42.4013" lon="13.85193">
      <ele>1129.566</ele>
      <time>2022-11-24T11:29:31.305Z</time>
    </trkpt>
    <trkpt lat="42.40133" lon="13.85181">
      <ele>1126.546</ele>
      <time>2022-11-24T11:29:31.305Z</time>
    </trkpt>
    <trkpt lat="42.4013" lon="13.85168">
      <ele>1127.586</ele>
      <time>2022-11-24T11:29:31.305Z</time>
    </trkpt>
    <trkpt lat="42.40127" lon="13.85155">
      <ele>1127.252</ele>
      <time>2022-11-24T11:29:31.306Z</time>
    </trkpt>
    <trkpt lat="42.40123" lon="13.85143">
      <ele>1127.723</ele>
      <time>2022-11-24T11:29:31.306Z</time>
    </trkpt>
    <trkpt lat="42.40123" lon="13.85127">
      <ele>1126.662</ele>
      <time>2022-11-24T11:29:31.306Z</time>
    </trkpt>
    <trkpt lat="42.40123" lon="13.85114">
      <ele>1126.127</ele>
      <time>2022-11-24T11:29:31.306Z</time>
    </trkpt>
    <trkpt lat="42.40121" lon="13.85102">
      <ele>1126.733</ele>
      <time>2022-11-24T11:29:31.306Z</time>
    </trkpt>
    <trkpt lat="42.40117" lon="13.8509">
      <ele>1127.719</ele>
      <time>2022-11-24T11:29:31.306Z</time>
    </trkpt>
    <trkpt lat="42.40113" lon="13.85079">
      <ele>1127.779</ele>
      <time>2022-11-24T11:29:31.306Z</time>
    </trkpt>
    <trkpt lat="42.40108" lon="13.85066">
      <ele>1127.163</ele>
      <time>2022-11-24T11:29:31.306Z</time>
    </trkpt>
    <trkpt lat="42.40102" lon="13.85054">
      <ele>1125.825</ele>
      <time>2022-11-24T11:29:31.307Z</time>
    </trkpt>
    <trkpt lat="42.40098" lon="13.85041">
      <ele>1122.637</ele>
      <time>2022-11-24T11:29:31.307Z</time>
    </trkpt>
    <trkpt lat="42.4009" lon="13.85034">
      <ele>1122.639</ele>
      <time>2022-11-24T11:29:31.307Z</time>
    </trkpt>
    <trkpt lat="42.40087" lon="13.85027">
      <ele>1121.87</ele>
      <time>2022-11-24T11:29:31.307Z</time>
    </trkpt>
    <trkpt lat="42.4009" lon="13.85013">
      <ele>1119.378</ele>
      <time>2022-11-24T11:29:31.307Z</time>
    </trkpt>
    <trkpt lat="42.40095" lon="13.85">
      <ele>1115.54</ele>
      <time>2022-11-24T11:29:31.307Z</time>
    </trkpt>
    <trkpt lat="42.40103" lon="13.84993">
      <ele>1113.729</ele>
      <time>2022-11-24T11:29:31.308Z</time>
    </trkpt>
    <trkpt lat="42.40112" lon="13.84988">
      <ele>1108.682</ele>
      <time>2022-11-24T11:29:31.308Z</time>
    </trkpt>
    <trkpt lat="42.4012" lon="13.84995">
      <ele>1103.369</ele>
      <time>2022-11-24T11:29:31.308Z</time>
    </trkpt>
    <trkpt lat="42.4013" lon="13.84993">
      <ele>1097.18</ele>
      <time>2022-11-24T11:29:31.308Z</time>
    </trkpt>
    <trkpt lat="42.40138" lon="13.84998">
      <ele>1093.828</ele>
      <time>2022-11-24T11:29:31.308Z</time>
    </trkpt>
    <trkpt lat="42.40144" lon="13.85008">
      <ele>1092.155</ele>
      <time>2022-11-24T11:29:31.308Z</time>
    </trkpt>
    <trkpt lat="42.40151" lon="13.85018">
      <ele>1089.333</ele>
      <time>2022-11-24T11:29:31.308Z</time>
    </trkpt>
    <trkpt lat="42.40158" lon="13.85026">
      <ele>1086.092</ele>
      <time>2022-11-24T11:29:31.308Z</time>
    </trkpt>
    <trkpt lat="42.40162" lon="13.85039">
      <ele>1085.815</ele>
      <time>2022-11-24T11:29:31.309Z</time>
    </trkpt>
    <trkpt lat="42.40166" lon="13.85052">
      <ele>1084.254</ele>
      <time>2022-11-24T11:29:31.309Z</time>
    </trkpt>
    <trkpt lat="42.40169" lon="13.85065">
      <ele>1084.075</ele>
      <time>2022-11-24T11:29:31.309Z</time>
    </trkpt>
    <trkpt lat="42.4017" lon="13.85079">
      <ele>1085.839</ele>
      <time>2022-11-24T11:29:31.309Z</time>
    </trkpt>
    <trkpt lat="42.40173" lon="13.85091">
      <ele>1084.566</ele>
      <time>2022-11-24T11:29:31.309Z</time>
    </trkpt>
    <trkpt lat="42.40175" lon="13.85104">
      <ele>1083.446</ele>
      <time>2022-11-24T11:29:31.309Z</time>
    </trkpt>
    <trkpt lat="42.40177" lon="13.85118">
      <ele>1082.8</ele>
      <time>2022-11-24T11:29:31.309Z</time>
    </trkpt>
    <trkpt lat="42.4018" lon="13.85131">
      <ele>1081.792</ele>
      <time>2022-11-24T11:29:31.309Z</time>
    </trkpt>
    <trkpt lat="42.40189" lon="13.85136">
      <ele>1076.32</ele>
      <time>2022-11-24T11:29:31.031Z</time>
    </trkpt>
    <trkpt lat="42.40194" lon="13.85149">
      <ele>1073.652</ele>
      <time>2022-11-24T11:29:31.031Z</time>
    </trkpt>
    <trkpt lat="42.402" lon="13.8516">
      <ele>1071.36</ele>
      <time>2022-11-24T11:29:31.031Z</time>
    </trkpt>
    <trkpt lat="42.40209" lon="13.85174">
      <ele>1068.366</ele>
      <time>2022-11-24T11:29:31.031Z</time>
    </trkpt>
    <trkpt lat="42.40214" lon="13.85184">
      <ele>1066.985</ele>
      <time>2022-11-24T11:29:31.031Z</time>
    </trkpt>
    <trkpt lat="42.40218" lon="13.85198">
      <ele>1066.123</ele>
      <time>2022-11-24T11:29:31.031Z</time>
    </trkpt>
    <trkpt lat="42.40219" lon="13.85211">
      <ele>1066.173</ele>
      <time>2022-11-24T11:29:31.031Z</time>
    </trkpt>
    <trkpt lat="42.4022" lon="13.85223">
      <ele>1066.148</ele>
      <time>2022-11-24T11:29:31.031Z</time>
    </trkpt>
    <trkpt lat="42.40226" lon="13.85233">
      <ele>1064.028</ele>
      <time>2022-11-24T11:29:31.031Z</time>
    </trkpt>
    <trkpt lat="42.40229" lon="13.85218">
      <ele>1062.371</ele>
      <time>2022-11-24T11:29:31.311Z</time>
    </trkpt>
    <trkpt lat="42.40235" lon="13.85206">
      <ele>1059.547</ele>
      <time>2022-11-24T11:29:31.311Z</time>
    </trkpt>
    <trkpt lat="42.40239" lon="13.85195">
      <ele>1057.388</ele>
      <time>2022-11-24T11:29:31.311Z</time>
    </trkpt>
    <trkpt lat="42.40242" lon="13.8518">
      <ele>1055.868</ele>
      <time>2022-11-24T11:29:31.311Z</time>
    </trkpt>
    <trkpt lat="42.40248" lon="13.85166">
      <ele>1053.602</ele>
      <time>2022-11-24T11:29:31.311Z</time>
    </trkpt>
    <trkpt lat="42.40255" lon="13.85155">
      <ele>1049.716</ele>
      <time>2022-11-24T11:29:31.311Z</time>
    </trkpt>
    <trkpt lat="42.4026" lon="13.85145">
      <ele>1046.681</ele>
      <time>2022-11-24T11:29:31.311Z</time>
    </trkpt>
    <trkpt lat="42.40265" lon="13.85133">
      <ele>1043.785</ele>
      <time>2022-11-24T11:29:31.311Z</time>
    </trkpt>
    <trkpt lat="42.4027" lon="13.85122">
      <ele>1041.3</ele>
      <time>2022-11-24T11:29:31.312Z</time>
    </trkpt>
    <trkpt lat="42.40274" lon="13.85111">
      <ele>1039.491</ele>
      <time>2022-11-24T11:29:31.312Z</time>
    </trkpt>
    <trkpt lat="42.4028" lon="13.851">
      <ele>1036.864</ele>
      <time>2022-11-24T11:29:31.312Z</time>
    </trkpt>
    <trkpt lat="42.40282" lon="13.85087">
      <ele>1035.876</ele>
      <time>2022-11-24T11:29:31.312Z</time>
    </trkpt>
    <trkpt lat="42.40277" lon="13.85074">
      <ele>1036.916</ele>
      <time>2022-11-24T11:29:31.312Z</time>
    </trkpt>
    <trkpt lat="42.4027" lon="13.85064">
      <ele>1038.519</ele>
      <time>2022-11-24T11:29:31.312Z</time>
    </trkpt>
    <trkpt lat="42.40268" lon="13.85062">
      <ele>1038.941</ele>
      <time>2022-11-24T11:29:31.312Z</time>
    </trkpt>
    <trkpt lat="42.40265" lon="13.85058">
      <ele>1039.429</ele>
      <time>2022-11-24T11:29:31.313Z</time>
    </trkpt>
    <trkpt lat="42.40262" lon="13.85056">
      <ele>1040.019</ele>
      <time>2022-11-24T11:29:31.313Z</time>
    </trkpt>
    <trkpt lat="42.40261" lon="13.85053">
      <ele>1039.824</ele>
      <time>2022-11-24T11:29:31.313Z</time>
    </trkpt>
    <trkpt lat="42.40259" lon="13.85052">
      <ele>1040.179</ele>
      <time>2022-11-24T11:29:31.313Z</time>
    </trkpt>
    <trkpt lat="42.40258" lon="13.8505">
      <ele>1040.126</ele>
      <time>2022-11-24T11:29:31.313Z</time>
    </trkpt>
    <trkpt lat="42.40256" lon="13.85049">
      <ele>1040.493</ele>
      <time>2022-11-24T11:29:31.313Z</time>
    </trkpt>
    <trkpt lat="42.40254" lon="13.85047">
      <ele>1040.716</ele>
      <time>2022-11-24T11:29:31.313Z</time>
    </trkpt>
    <trkpt lat="42.40252" lon="13.85044">
      <ele>1040.802</ele>
      <time>2022-11-24T11:29:31.314Z</time>
    </trkpt>
    <trkpt lat="42.40244" lon="13.85036">
      <ele>1041.76</ele>
      <time>2022-11-24T11:29:31.314Z</time>
    </trkpt>
    <trkpt lat="42.40237" lon="13.85029">
      <ele>1042.473</ele>
      <time>2022-11-24T11:29:31.314Z</time>
    </trkpt>
    <trkpt lat="42.4023" lon="13.85021">
      <ele>1042.644</ele>
      <time>2022-11-24T11:29:31.314Z</time>
    </trkpt>
    <trkpt lat="42.40222" lon="13.85011">
      <ele>1042.501</ele>
      <time>2022-11-24T11:29:31.314Z</time>
    </trkpt>
    <trkpt lat="42.40215" lon="13.85002">
      <ele>1044.573</ele>
      <time>2022-11-24T11:29:31.314Z</time>
    </trkpt>
    <trkpt lat="42.40209" lon="13.84992">
      <ele>1045.628</ele>
      <time>2022-11-24T11:29:31.314Z</time>
    </trkpt>
    <trkpt lat="42.40202" lon="13.84982">
      <ele>1046.521</ele>
      <time>2022-11-24T11:29:31.315Z</time>
    </trkpt>
    <trkpt lat="42.40197" lon="13.84971">
      <ele>1045.684</ele>
      <time>2022-11-24T11:29:31.315Z</time>
    </trkpt>
    <trkpt lat="42.4019" lon="13.84961">
      <ele>1048.531</ele>
      <time>2022-11-24T11:29:31.315Z</time>
    </trkpt>
    <trkpt lat="42.40182" lon="13.84951">
      <ele>1052.799</ele>
      <time>2022-11-24T11:29:31.315Z</time>
    </trkpt>
    <trkpt lat="42.40176" lon="13.84941">
      <ele>1054.583</ele>
      <time>2022-11-24T11:29:31.315Z</time>
    </trkpt>
    <trkpt lat="42.40169" lon="13.84933">
      <ele>1055.779</ele>
      <time>2022-11-24T11:29:31.315Z</time>
    </trkpt>
    <trkpt lat="42.40162" lon="13.84922">
      <ele>1053.775</ele>
      <time>2022-11-24T11:29:31.315Z</time>
    </trkpt>
    <trkpt lat="42.40156" lon="13.84912">
      <ele>1052.765</ele>
      <time>2022-11-24T11:29:31.316Z</time>
    </trkpt>
    <trkpt lat="42.40148" lon="13.84903">
      <ele>1053.292</ele>
      <time>2022-11-24T11:29:31.316Z</time>
    </trkpt>
    <trkpt lat="42.4014" lon="13.84896">
      <ele>1053.475</ele>
      <time>2022-11-24T11:29:31.316Z</time>
    </trkpt>
    <trkpt lat="42.40129" lon="13.84892">
      <ele>1054.288</ele>
      <time>2022-11-24T11:29:31.316Z</time>
    </trkpt>
    <trkpt lat="42.40122" lon="13.84882">
      <ele>1052.761</ele>
      <time>2022-11-24T11:29:31.316Z</time>
    </trkpt>
    <trkpt lat="42.40114" lon="13.84873">
      <ele>1051.859</ele>
      <time>2022-11-24T11:29:31.316Z</time>
    </trkpt>
    <trkpt lat="42.40106" lon="13.84868">
      <ele>1052.915</ele>
      <time>2022-11-24T11:29:31.316Z</time>
    </trkpt>
    <trkpt lat="42.40097" lon="13.84862">
      <ele>1054.369</ele>
      <time>2022-11-24T11:29:31.316Z</time>
    </trkpt>
    <trkpt lat="42.40089" lon="13.84856">
      <ele>1055.86</ele>
      <time>2022-11-24T11:29:31.317Z</time>
    </trkpt>
    <trkpt lat="42.4008" lon="13.84852">
      <ele>1058.309</ele>
      <time>2022-11-24T11:29:31.317Z</time>
    </trkpt>
    <trkpt lat="42.4007" lon="13.84847">
      <ele>1061.173</ele>
      <time>2022-11-24T11:29:31.317Z</time>
    </trkpt>
    <trkpt lat="42.40062" lon="13.84841">
      <ele>1061.772</ele>
      <time>2022-11-24T11:29:31.317Z</time>
    </trkpt>
    <trkpt lat="42.40055" lon="13.84835">
      <ele>1061.135</ele>
      <time>2022-11-24T11:29:31.317Z</time>
    </trkpt>
    <trkpt lat="42.40045" lon="13.8483">
      <ele>1063.355</ele>
      <time>2022-11-24T11:29:31.317Z</time>
    </trkpt>
    <trkpt lat="42.40036" lon="13.84824">
      <ele>1064.204</ele>
      <time>2022-11-24T11:29:31.317Z</time>
    </trkpt>
    <trkpt lat="42.40027" lon="13.84818">
      <ele>1063.878</ele>
      <time>2022-11-24T11:29:31.317Z</time>
    </trkpt>
    <trkpt lat="42.40018" lon="13.84812">
      <ele>1062.699</ele>
      <time>2022-11-24T11:29:31.318Z</time>
    </trkpt>
    <trkpt lat="42.40009" lon="13.8481">
      <ele>1063.808</ele>
      <time>2022-11-24T11:29:31.318Z</time>
    </trkpt>
    <trkpt lat="42.39999" lon="13.84808">
      <ele>1065.161</ele>
      <time>2022-11-24T11:29:31.318Z</time>
    </trkpt>
    <trkpt lat="42.3999" lon="13.84807">
      <ele>1065.685</ele>
      <time>2022-11-24T11:29:31.318Z</time>
    </trkpt>
    <trkpt lat="42.3998" lon="13.84807">
      <ele>1066.747</ele>
      <time>2022-11-24T11:29:31.318Z</time>
    </trkpt>
    <trkpt lat="42.39971" lon="13.84808">
      <ele>1068.068</ele>
      <time>2022-11-24T11:29:31.318Z</time>
    </trkpt>
    <trkpt lat="42.39961" lon="13.8481">
      <ele>1069.762</ele>
      <time>2022-11-24T11:29:31.318Z</time>
    </trkpt>
    <trkpt lat="42.39952" lon="13.84809">
      <ele>1070.091</ele>
      <time>2022-11-24T11:29:31.318Z</time>
    </trkpt>
    <trkpt lat="42.39942" lon="13.84808">
      <ele>1070.569</ele>
      <time>2022-11-24T11:29:31.319Z</time>
    </trkpt>
    <trkpt lat="42.39932" lon="13.84808">
      <ele>1071.945</ele>
      <time>2022-11-24T11:29:31.319Z</time>
    </trkpt>
    <trkpt lat="42.39923" lon="13.84806">
      <ele>1072.287</ele>
      <time>2022-11-24T11:29:31.319Z</time>
    </trkpt>
    <trkpt lat="42.39912" lon="13.84808">
      <ele>1074.807</ele>
      <time>2022-11-24T11:29:31.319Z</time>
    </trkpt>
    <trkpt lat="42.39902" lon="13.84808">
      <ele>1076.417</ele>
      <time>2022-11-24T11:29:31.319Z</time>
    </trkpt>
    <trkpt lat="42.39894" lon="13.84803">
      <ele>1076.913</ele>
      <time>2022-11-24T11:29:31.319Z</time>
    </trkpt>
    <trkpt lat="42.39885" lon="13.84797">
      <ele>1077.136</ele>
      <time>2022-11-24T11:29:31.319Z</time>
    </trkpt>
    <trkpt lat="42.39878" lon="13.84789">
      <ele>1076.567</ele>
      <time>2022-11-24T11:29:31.319Z</time>
    </trkpt>
    <trkpt lat="42.39876" lon="13.84786">
      <ele>1076.507</ele>
      <time>2022-11-24T11:29:31.032Z</time>
    </trkpt>
    <trkpt lat="42.39873" lon="13.84784">
      <ele>1076.507</ele>
      <time>2022-11-24T11:29:31.032Z</time>
    </trkpt>
    <trkpt lat="42.3987" lon="13.84781">
      <ele>1076.596</ele>
      <time>2022-11-24T11:29:31.032Z</time>
    </trkpt>
    <trkpt lat="42.39869" lon="13.84779">
      <ele>1076.678</ele>
      <time>2022-11-24T11:29:31.032Z</time>
    </trkpt>
    <trkpt lat="42.39868" lon="13.84775">
      <ele>1076.902</ele>
      <time>2022-11-24T11:29:31.032Z</time>
    </trkpt>
    <trkpt lat="42.39864" lon="13.84764">
      <ele>1077.495</ele>
      <time>2022-11-24T11:29:31.032Z</time>
    </trkpt>
    <trkpt lat="42.39862" lon="13.84751">
      <ele>1077.994</ele>
      <time>2022-11-24T11:29:31.032Z</time>
    </trkpt>
    <trkpt lat="42.39861" lon="13.84737">
      <ele>1078.9</ele>
      <time>2022-11-24T11:29:31.032Z</time>
    </trkpt>
    <trkpt lat="42.39861" lon="13.84725">
      <ele>1079.764</ele>
      <time>2022-11-24T11:29:31.321Z</time>
    </trkpt>
    <trkpt lat="42.39861" lon="13.84721">
      <ele>1080.052</ele>
      <time>2022-11-24T11:29:31.321Z</time>
    </trkpt>
    <trkpt lat="42.3986" lon="13.84717">
      <ele>1080.024</ele>
      <time>2022-11-24T11:29:31.321Z</time>
    </trkpt>
    <trkpt lat="42.3986" lon="13.84713">
      <ele>1080.317</ele>
      <time>2022-11-24T11:29:31.321Z</time>
    </trkpt>
    <trkpt lat="42.3986" lon="13.8471">
      <ele>1080.538</ele>
      <time>2022-11-24T11:29:31.321Z</time>
    </trkpt>
    <trkpt lat="42.39861" lon="13.84707">
      <ele>1081.062</ele>
      <time>2022-11-24T11:29:31.321Z</time>
    </trkpt>
    <trkpt lat="42.39862" lon="13.84703">
      <ele>1081.286</ele>
      <time>2022-11-24T11:29:31.321Z</time>
    </trkpt>
    <trkpt lat="42.39862" lon="13.84701">
      <ele>1081.423</ele>
      <time>2022-11-24T11:29:31.321Z</time>
    </trkpt>
    <trkpt lat="42.39862" lon="13.84697">
      <ele>1081.697</ele>
      <time>2022-11-24T11:29:31.321Z</time>
    </trkpt>
    <trkpt lat="42.39862" lon="13.84693">
      <ele>1081.874</ele>
      <time>2022-11-24T11:29:31.322Z</time>
    </trkpt>
    <trkpt lat="42.39862" lon="13.8469">
      <ele>1081.877</ele>
      <time>2022-11-24T11:29:31.322Z</time>
    </trkpt>
    <trkpt lat="42.39861" lon="13.84686">
      <ele>1081.972</ele>
      <time>2022-11-24T11:29:31.322Z</time>
    </trkpt>
    <trkpt lat="42.39857" lon="13.84675">
      <ele>1081.127</ele>
      <time>2022-11-24T11:29:31.322Z</time>
    </trkpt>
    <trkpt lat="42.39855" lon="13.8467">
      <ele>1080.821</ele>
      <time>2022-11-24T11:29:31.322Z</time>
    </trkpt>
    <trkpt lat="42.39852" lon="13.84664">
      <ele>1080.646</ele>
      <time>2022-11-24T11:29:31.322Z</time>
    </trkpt>
    <trkpt lat="42.39848" lon="13.84652">
      <ele>1081.444</ele>
      <time>2022-11-24T11:29:31.322Z</time>
    </trkpt>
    <trkpt lat="42.39844" lon="13.8464">
      <ele>1082.614</ele>
      <time>2022-11-24T11:29:31.323Z</time>
    </trkpt>
    <trkpt lat="42.39843" lon="13.84635">
      <ele>1082.976</ele>
      <time>2022-11-24T11:29:31.323Z</time>
    </trkpt>
    <trkpt lat="42.39843" lon="13.84627">
      <ele>1083.552</ele>
      <time>2022-11-24T11:29:31.323Z</time>
    </trkpt>
    <trkpt lat="42.39847" lon="13.84622">
      <ele>1084.2</ele>
      <time>2022-11-24T11:29:31.323Z</time>
    </trkpt>
    <trkpt lat="42.39844" lon="13.8461">
      <ele>1084.993</ele>
      <time>2022-11-24T11:29:31.323Z</time>
    </trkpt>
    <trkpt lat="42.39843" lon="13.84597">
      <ele>1087.567</ele>
      <time>2022-11-24T11:29:31.324Z</time>
    </trkpt>
    <trkpt lat="42.39849" lon="13.84587">
      <ele>1089.846</ele>
      <time>2022-11-24T11:29:31.324Z</time>
    </trkpt>
    <trkpt lat="42.39851" lon="13.84575">
      <ele>1091.945</ele>
      <time>2022-11-24T11:29:31.324Z</time>
    </trkpt>
    <trkpt lat="42.39847" lon="13.8457">
      <ele>1092.656</ele>
      <time>2022-11-24T11:29:31.324Z</time>
    </trkpt>
    <trkpt lat="42.39844" lon="13.84568">
      <ele>1092.932</ele>
      <time>2022-11-24T11:29:31.324Z</time>
    </trkpt>
    <trkpt lat="42.39839" lon="13.84558">
      <ele>1094.578</ele>
      <time>2022-11-24T11:29:31.324Z</time>
    </trkpt>
    <trkpt lat="42.39834" lon="13.84547">
      <ele>1096.533</ele>
      <time>2022-11-24T11:29:31.324Z</time>
    </trkpt>
    <trkpt lat="42.3983" lon="13.84536">
      <ele>1098.484</ele>
      <time>2022-11-24T11:29:31.324Z</time>
    </trkpt>
    <trkpt lat="42.39832" lon="13.84523">
      <ele>1100.86</ele>
      <time>2022-11-24T11:29:31.325Z</time>
    </trkpt>
    <trkpt lat="42.3983" lon="13.8451">
      <ele>1103.2</ele>
      <time>2022-11-24T11:29:31.325Z</time>
    </trkpt>
    <trkpt lat="42.39825" lon="13.84499">
      <ele>1105.169</ele>
      <time>2022-11-24T11:29:31.325Z</time>
    </trkpt>
    <trkpt lat="42.3982" lon="13.84489">
      <ele>1106.79</ele>
      <time>2022-11-24T11:29:31.325Z</time>
    </trkpt>
    <trkpt lat="42.39815" lon="13.84479">
      <ele>1108.281</ele>
      <time>2022-11-24T11:29:31.325Z</time>
    </trkpt>
    <trkpt lat="42.39815" lon="13.84464">
      <ele>1111.116</ele>
      <time>2022-11-24T11:29:31.325Z</time>
    </trkpt>
    <trkpt lat="42.39813" lon="13.8446">
      <ele>1111.908</ele>
      <time>2022-11-24T11:29:31.325Z</time>
    </trkpt>
    <trkpt lat="42.39811" lon="13.84458">
      <ele>1112.268</ele>
      <time>2022-11-24T11:29:31.325Z</time>
    </trkpt>
    <trkpt lat="42.39812" lon="13.84445">
      <ele>1115.112</ele>
      <time>2022-11-24T11:29:31.326Z</time>
    </trkpt>
    <trkpt lat="42.39808" lon="13.84433">
      <ele>1117.148</ele>
      <time>2022-11-24T11:29:31.326Z</time>
    </trkpt>
    <trkpt lat="42.39805" lon="13.84422">
      <ele>1119.064</ele>
      <time>2022-11-24T11:29:31.326Z</time>
    </trkpt>
    <trkpt lat="42.39803" lon="13.84409">
      <ele>1122.525</ele>
      <time>2022-11-24T11:29:31.326Z</time>
    </trkpt>
    <trkpt lat="42.39802" lon="13.84396">
      <ele>1126.634</ele>
      <time>2022-11-24T11:29:31.326Z</time>
    </trkpt>
    <trkpt lat="42.39801" lon="13.84384">
      <ele>1130.01</ele>
      <time>2022-11-24T11:29:31.326Z</time>
    </trkpt>
    <trkpt lat="42.39797" lon="13.84372">
      <ele>1132.573</ele>
      <time>2022-11-24T11:29:31.326Z</time>
    </trkpt>
    <trkpt lat="42.39798" lon="13.8437">
      <ele>1133.118</ele>
      <time>2022-11-24T11:29:31.326Z</time>
    </trkpt>
    <trkpt lat="42.39796" lon="13.84366">
      <ele>1133.857</ele>
      <time>2022-11-24T11:29:31.326Z</time>
    </trkpt>
    <trkpt lat="42.39796" lon="13.84363">
      <ele>1134.539</ele>
      <time>2022-11-24T11:29:31.328Z</time>
    </trkpt>
    <trkpt lat="42.39796" lon="13.8436">
      <ele>1135.288</ele>
      <time>2022-11-24T11:29:31.328Z</time>
    </trkpt>
    <trkpt lat="42.39796" lon="13.84352">
      <ele>1137.592</ele>
      <time>2022-11-24T11:29:31.328Z</time>
    </trkpt>
    <trkpt lat="42.39793" lon="13.84341">
      <ele>1140.436</ele>
      <time>2022-11-24T11:29:31.328Z</time>
    </trkpt>
    <trkpt lat="42.3979" lon="13.84333">
      <ele>1142.392</ele>
      <time>2022-11-24T11:29:31.329Z</time>
    </trkpt>
    <trkpt lat="42.3979" lon="13.8433">
      <ele>1143.04</ele>
      <time>2022-11-24T11:29:31.329Z</time>
    </trkpt>
    <trkpt lat="42.39791" lon="13.84317">
      <ele>1145.956</ele>
      <time>2022-11-24T11:29:31.329Z</time>
    </trkpt>
    <trkpt lat="42.39791" lon="13.84305">
      <ele>1148.498</ele>
      <time>2022-11-24T11:29:31.329Z</time>
    </trkpt>
    <trkpt lat="42.39783" lon="13.84297">
      <ele>1148.738</ele>
      <time>2022-11-24T11:29:31.329Z</time>
    </trkpt>
    <trkpt lat="42.39785" lon="13.84293">
      <ele>1149.47</ele>
      <time>2022-11-24T11:29:31.329Z</time>
    </trkpt>
    <trkpt lat="42.39789" lon="13.8429">
      <ele>1150.226</ele>
      <time>2022-11-24T11:29:31.329Z</time>
    </trkpt>
    <trkpt lat="42.39788" lon="13.84287">
      <ele>1150.53</ele>
      <time>2022-11-24T11:29:31.329Z</time>
    </trkpt>
    <trkpt lat="42.39787" lon="13.84285">
      <ele>1150.71</ele>
      <time>2022-11-24T11:29:31.329Z</time>
    </trkpt>
    <trkpt lat="42.39787" lon="13.84282">
      <ele>1151.106</ele>
      <time>2022-11-24T11:29:31.033Z</time>
    </trkpt>
    <trkpt lat="42.39787" lon="13.8428">
      <ele>1151.371</ele>
      <time>2022-11-24T11:29:31.033Z</time>
    </trkpt>
    <trkpt lat="42.39786" lon="13.84278">
      <ele>1151.562</ele>
      <time>2022-11-24T11:29:31.033Z</time>
    </trkpt>
    <trkpt lat="42.39784" lon="13.84275">
      <ele>1151.958</ele>
      <time>2022-11-24T11:29:31.033Z</time>
    </trkpt>
    <trkpt lat="42.39783" lon="13.84273">
      <ele>1152.279</ele>
      <time>2022-11-24T11:29:31.033Z</time>
    </trkpt>
    <trkpt lat="42.39785" lon="13.8427">
      <ele>1152.909</ele>
      <time>2022-11-24T11:29:31.033Z</time>
    </trkpt>
    <trkpt lat="42.39784" lon="13.84267">
      <ele>1153.428</ele>
      <time>2022-11-24T11:29:31.033Z</time>
    </trkpt>
    <trkpt lat="42.39783" lon="13.84264">
      <ele>1153.979</ele>
      <time>2022-11-24T11:29:31.033Z</time>
    </trkpt>
    <trkpt lat="42.39783" lon="13.84262">
      <ele>1154.357</ele>
      <time>2022-11-24T11:29:31.331Z</time>
    </trkpt>
    <trkpt lat="42.39784" lon="13.84259">
      <ele>1154.898</ele>
      <time>2022-11-24T11:29:31.331Z</time>
    </trkpt>
    <trkpt lat="42.39783" lon="13.84257">
      <ele>1155.302</ele>
      <time>2022-11-24T11:29:31.331Z</time>
    </trkpt>
    <trkpt lat="42.39783" lon="13.84254">
      <ele>1155.868</ele>
      <time>2022-11-24T11:29:31.331Z</time>
    </trkpt>
    <trkpt lat="42.39782" lon="13.84241">
      <ele>1157.894</ele>
      <time>2022-11-24T11:29:31.331Z</time>
    </trkpt>
    <trkpt lat="42.39779" lon="13.84228">
      <ele>1160.01</ele>
      <time>2022-11-24T11:29:31.331Z</time>
    </trkpt>
    <trkpt lat="42.39776" lon="13.84214">
      <ele>1162.215</ele>
      <time>2022-11-24T11:29:31.331Z</time>
    </trkpt>
    <trkpt lat="42.39774" lon="13.8421">
      <ele>1162.923</ele>
      <time>2022-11-24T11:29:31.331Z</time>
    </trkpt>
    <trkpt lat="42.39767" lon="13.84209">
      <ele>1163.439</ele>
      <time>2022-11-24T11:29:31.332Z</time>
    </trkpt>
    <trkpt lat="42.39759" lon="13.84201">
      <ele>1165.962</ele>
      <time>2022-11-24T11:29:31.332Z</time>
    </trkpt>
    <trkpt lat="42.39751" lon="13.84193">
      <ele>1169.01</ele>
      <time>2022-11-24T11:29:31.332Z</time>
    </trkpt>
    <trkpt lat="42.39746" lon="13.84186">
      <ele>1168.215</ele>
      <time>2022-11-24T11:29:31.332Z</time>
    </trkpt>
    <trkpt lat="42.39744" lon="13.84184">
      <ele>1167.645</ele>
      <time>2022-11-24T11:29:31.332Z</time>
    </trkpt>
    <trkpt lat="42.39742" lon="13.84182">
      <ele>1167.116</ele>
      <time>2022-11-24T11:29:31.332Z</time>
    </trkpt>
    <trkpt lat="42.3974" lon="13.84169">
      <ele>1168.387</ele>
      <time>2022-11-24T11:29:31.332Z</time>
    </trkpt>
    <trkpt lat="42.39738" lon="13.84165">
      <ele>1168.396</ele>
      <time>2022-11-24T11:29:31.333Z</time>
    </trkpt>
    <trkpt lat="42.39736" lon="13.84152">
      <ele>1170.112</ele>
      <time>2022-11-24T11:29:31.333Z</time>
    </trkpt>
    <trkpt lat="42.39736" lon="13.84144">
      <ele>1171.557</ele>
      <time>2022-11-24T11:29:31.333Z</time>
    </trkpt>
    <trkpt lat="42.39734" lon="13.84131">
      <ele>1172.24</ele>
      <time>2022-11-24T11:29:31.333Z</time>
    </trkpt>
    <trkpt lat="42.39736" lon="13.84119">
      <ele>1172.835</ele>
      <time>2022-11-24T11:29:31.333Z</time>
    </trkpt>
    <trkpt lat="42.39739" lon="13.84115">
      <ele>1173.539</ele>
      <time>2022-11-24T11:29:31.333Z</time>
    </trkpt>
    <trkpt lat="42.39741" lon="13.84112">
      <ele>1174.034</ele>
      <time>2022-11-24T11:29:31.333Z</time>
    </trkpt>
    <trkpt lat="42.39742" lon="13.8411">
      <ele>1174.192</ele>
      <time>2022-11-24T11:29:31.333Z</time>
    </trkpt>
    <trkpt lat="42.39741" lon="13.84107">
      <ele>1173.76</ele>
      <time>2022-11-24T11:29:31.334Z</time>
    </trkpt>
    <trkpt lat="42.3974" lon="13.84104">
      <ele>1173.328</ele>
      <time>2022-11-24T11:29:31.334Z</time>
    </trkpt>
    <trkpt lat="42.39739" lon="13.84101">
      <ele>1172.896</ele>
      <time>2022-11-24T11:29:31.334Z</time>
    </trkpt>
    <trkpt lat="42.39739" lon="13.84098">
      <ele>1172.68</ele>
      <time>2022-11-24T11:29:31.334Z</time>
    </trkpt>
    <trkpt lat="42.39737" lon="13.84097">
      <ele>1172.176</ele>
      <time>2022-11-24T11:29:31.334Z</time>
    </trkpt>
    <trkpt lat="42.39731" lon="13.84086">
      <ele>1170.088</ele>
      <time>2022-11-24T11:29:31.334Z</time>
    </trkpt>
    <trkpt lat="42.3973" lon="13.84083">
      <ele>1169.667</ele>
      <time>2022-11-24T11:29:31.334Z</time>
    </trkpt>
    <trkpt lat="42.39727" lon="13.84071">
      <ele>1168.727</ele>
      <time>2022-11-24T11:29:31.334Z</time>
    </trkpt>
    <trkpt lat="42.39724" lon="13.84057">
      <ele>1168.141</ele>
      <time>2022-11-24T11:29:31.335Z</time>
    </trkpt>
    <trkpt lat="42.39723" lon="13.84045">
      <ele>1168.773</ele>
      <time>2022-11-24T11:29:31.335Z</time>
    </trkpt>
    <trkpt lat="42.39723" lon="13.84033">
      <ele>1169.589</ele>
      <time>2022-11-24T11:29:31.335Z</time>
    </trkpt>
    <trkpt lat="42.39726" lon="13.8402">
      <ele>1170.34</ele>
      <time>2022-11-24T11:29:31.335Z</time>
    </trkpt>
    <trkpt lat="42.39726" lon="13.84006">
      <ele>1171.44</ele>
      <time>2022-11-24T11:29:31.335Z</time>
    </trkpt>
    <trkpt lat="42.3972" lon="13.83996">
      <ele>1173.615</ele>
      <time>2022-11-24T11:29:31.335Z</time>
    </trkpt>
    <trkpt lat="42.39719" lon="13.83983">
      <ele>1175.21</ele>
      <time>2022-11-24T11:29:31.335Z</time>
    </trkpt>
    <trkpt lat="42.39717" lon="13.83971">
      <ele>1176.802</ele>
      <time>2022-11-24T11:29:31.335Z</time>
    </trkpt>
    <trkpt lat="42.39719" lon="13.83953">
      <ele>1176.946</ele>
      <time>2022-11-24T11:29:31.335Z</time>
    </trkpt>
    <trkpt lat="42.39717" lon="13.83952">
      <ele>1177.573</ele>
      <time>2022-11-24T11:29:31.336Z</time>
    </trkpt>
    <trkpt lat="42.3971" lon="13.83962">
      <ele>1178.732</ele>
      <time>2022-11-24T11:29:31.336Z</time>
    </trkpt>
    <trkpt lat="42.39701" lon="13.83964">
      <ele>1180.413</ele>
      <time>2022-11-24T11:29:31.336Z</time>
    </trkpt>
    <trkpt lat="42.39694" lon="13.83956">
      <ele>1183.516</ele>
      <time>2022-11-24T11:29:31.336Z</time>
    </trkpt>
    <trkpt lat="42.39685" lon="13.83954">
      <ele>1184.265</ele>
      <time>2022-11-24T11:29:31.336Z</time>
    </trkpt>
    <trkpt lat="42.39682" lon="13.83949">
      <ele>1185.692</ele>
      <time>2022-11-24T11:29:31.336Z</time>
    </trkpt>
    <trkpt lat="42.3968" lon="13.83948">
      <ele>1186.072</ele>
      <time>2022-11-24T11:29:31.336Z</time>
    </trkpt>
    <trkpt lat="42.39679" lon="13.83949">
      <ele>1185.854</ele>
      <time>2022-11-24T11:29:31.336Z</time>
    </trkpt>
    <trkpt lat="42.39677" lon="13.83951">
      <ele>1185.395</ele>
      <time>2022-11-24T11:29:31.337Z</time>
    </trkpt>
    <trkpt lat="42.39672" lon="13.8395">
      <ele>1185.931</ele>
      <time>2022-11-24T11:29:31.337Z</time>
    </trkpt>
    <trkpt lat="42.3967" lon="13.8395">
      <ele>1186.032</ele>
      <time>2022-11-24T11:29:31.337Z</time>
    </trkpt>
    <trkpt lat="42.39669" lon="13.83952">
      <ele>1185.453</ele>
      <time>2022-11-24T11:29:31.337Z</time>
    </trkpt>
    <trkpt lat="42.39662" lon="13.83943">
      <ele>1188.205</ele>
      <time>2022-11-24T11:29:31.337Z</time>
    </trkpt>
    <trkpt lat="42.39656" lon="13.83942">
      <ele>1188.266</ele>
      <time>2022-11-24T11:29:31.337Z</time>
    </trkpt>
    <trkpt lat="42.39654" lon="13.83942">
      <ele>1188.2</ele>
      <time>2022-11-24T11:29:31.337Z</time>
    </trkpt>
    <trkpt lat="42.3965" lon="13.83935">
      <ele>1189.984</ele>
      <time>2022-11-24T11:29:31.337Z</time>
    </trkpt>
    <trkpt lat="42.39647" lon="13.83929">
      <ele>1191.578</ele>
      <time>2022-11-24T11:29:31.338Z</time>
    </trkpt>
    <trkpt lat="42.39645" lon="13.83928">
      <ele>1191.826</ele>
      <time>2022-11-24T11:29:31.338Z</time>
    </trkpt>
    <trkpt lat="42.39643" lon="13.83929">
      <ele>1191.514</ele>
      <time>2022-11-24T11:29:31.338Z</time>
    </trkpt>
    <trkpt lat="42.39642" lon="13.83926">
      <ele>1192.35</ele>
      <time>2022-11-24T11:29:31.338Z</time>
    </trkpt>
    <trkpt lat="42.3964" lon="13.83924">
      <ele>1192.899</ele>
      <time>2022-11-24T11:29:31.338Z</time>
    </trkpt>
    <trkpt lat="42.39639" lon="13.83921">
      <ele>1193.753</ele>
      <time>2022-11-24T11:29:31.338Z</time>
    </trkpt>
    <trkpt lat="42.39635" lon="13.83915">
      <ele>1195.234</ele>
      <time>2022-11-24T11:29:31.338Z</time>
    </trkpt>
    <trkpt lat="42.39634" lon="13.83911">
      <ele>1196.424</ele>
      <time>2022-11-24T11:29:31.338Z</time>
    </trkpt>
    <trkpt lat="42.39633" lon="13.83908">
      <ele>1197.337</ele>
      <time>2022-11-24T11:29:31.339Z</time>
    </trkpt>
    <trkpt lat="42.39632" lon="13.83905">
      <ele>1198.281</ele>
      <time>2022-11-24T11:29:31.339Z</time>
    </trkpt>
    <trkpt lat="42.39632" lon="13.83902">
      <ele>1199.252</ele>
      <time>2022-11-24T11:29:31.339Z</time>
    </trkpt>
    <trkpt lat="42.39633" lon="13.83898">
      <ele>1200.522</ele>
      <time>2022-11-24T11:29:31.339Z</time>
    </trkpt>
    <trkpt lat="42.39632" lon="13.83895">
      <ele>1201.518</ele>
      <time>2022-11-24T11:29:31.339Z</time>
    </trkpt>
    <trkpt lat="42.39622" lon="13.83894">
      <ele>1202.297</ele>
      <time>2022-11-24T11:29:31.339Z</time>
    </trkpt>
    <trkpt lat="42.39613" lon="13.83892">
      <ele>1203.55</ele>
      <time>2022-11-24T11:29:31.339Z</time>
    </trkpt>
    <trkpt lat="42.39604" lon="13.83891">
      <ele>1208.184</ele>
      <time>2022-11-24T11:29:31.339Z</time>
    </trkpt>
    <trkpt lat="42.39595" lon="13.8389">
      <ele>1213.8</ele>
      <time>2022-11-24T11:29:31.339Z</time>
    </trkpt>
    <trkpt lat="42.39592" lon="13.83892">
      <ele>1214.664</ele>
      <time>2022-11-24T11:29:31.034Z</time>
    </trkpt>
    <trkpt lat="42.39586" lon="13.83902">
      <ele>1213.8</ele>
      <time>2022-11-24T11:29:31.034Z</time>
    </trkpt>
    <trkpt lat="42.39578" lon="13.83903">
      <ele>1213.298</ele>
      <time>2022-11-24T11:29:31.034Z</time>
    </trkpt>
    <trkpt lat="42.39573" lon="13.83904">
      <ele>1211.588</ele>
      <time>2022-11-24T11:29:31.034Z</time>
    </trkpt>
    <trkpt lat="42.3957" lon="13.83905">
      <ele>1210.613</ele>
      <time>2022-11-24T11:29:31.034Z</time>
    </trkpt>
    <trkpt lat="42.3957" lon="13.83899">
      <ele>1211.442</ele>
      <time>2022-11-24T11:29:31.034Z</time>
    </trkpt>
    <trkpt lat="42.39571" lon="13.83896">
      <ele>1212.312</ele>
      <time>2022-11-24T11:29:31.342Z</time>
    </trkpt>
    <trkpt lat="42.3957" lon="13.83894">
      <ele>1212.133</ele>
      <time>2022-11-24T11:29:31.342Z</time>
    </trkpt>
    <trkpt lat="42.39571" lon="13.8389">
      <ele>1213.274</ele>
      <time>2022-11-24T11:29:31.342Z</time>
    </trkpt>
    <trkpt lat="42.39573" lon="13.83888">
      <ele>1214.544</ele>
      <time>2022-11-24T11:29:31.342Z</time>
    </trkpt>
    <trkpt lat="42.39574" lon="13.83886">
      <ele>1214.871</ele>
      <time>2022-11-24T11:29:31.342Z</time>
    </trkpt>
    <trkpt lat="42.39575" lon="13.83883">
      <ele>1215.073</ele>
      <time>2022-11-24T11:29:31.342Z</time>
    </trkpt>
    <trkpt lat="42.39577" lon="13.83882">
      <ele>1216.21</ele>
      <time>2022-11-24T11:29:31.342Z</time>
    </trkpt>
    <trkpt lat="42.3958" lon="13.8388">
      <ele>1217.885</ele>
      <time>2022-11-24T11:29:31.342Z</time>
    </trkpt>
    <trkpt lat="42.3958" lon="13.83876">
      <ele>1217.401</ele>
      <time>2022-11-24T11:29:31.343Z</time>
    </trkpt>
    <trkpt lat="42.3958" lon="13.83873">
      <ele>1217.038</ele>
      <time>2022-11-24T11:29:31.343Z</time>
    </trkpt>
    <trkpt lat="42.39583" lon="13.83863">
      <ele>1217.966</ele>
      <time>2022-11-24T11:29:31.343Z</time>
    </trkpt>
    <trkpt lat="42.39584" lon="13.8386">
      <ele>1217.99</ele>
      <time>2022-11-24T11:29:31.343Z</time>
    </trkpt>
    <trkpt lat="42.39587" lon="13.83854">
      <ele>1218.267</ele>
      <time>2022-11-24T11:29:31.343Z</time>
    </trkpt>
    <trkpt lat="42.39588" lon="13.83852">
      <ele>1218.515</ele>
      <time>2022-11-24T11:29:31.343Z</time>
    </trkpt>
    <trkpt lat="42.39589" lon="13.83849">
      <ele>1218.842</ele>
      <time>2022-11-24T11:29:31.343Z</time>
    </trkpt>
    <trkpt lat="42.3959" lon="13.83847">
      <ele>1219.265</ele>
      <time>2022-11-24T11:29:31.343Z</time>
    </trkpt>
    <trkpt lat="42.39592" lon="13.83843">
      <ele>1220.343</ele>
      <time>2022-11-24T11:29:31.344Z</time>
    </trkpt>
    <trkpt lat="42.39593" lon="13.8384">
      <ele>1221.079</ele>
      <time>2022-11-24T11:29:31.344Z</time>
    </trkpt>
    <trkpt lat="42.39595" lon="13.83838">
      <ele>1222.426</ele>
      <time>2022-11-24T11:29:31.344Z</time>
    </trkpt>
    <trkpt lat="42.39596" lon="13.83836">
      <ele>1223.295</ele>
      <time>2022-11-24T11:29:31.344Z</time>
    </trkpt>
    <trkpt lat="42.39597" lon="13.83834">
      <ele>1224.243</ele>
      <time>2022-11-24T11:29:31.344Z</time>
    </trkpt>
    <trkpt lat="42.39597" lon="13.83832">
      <ele>1224.347</ele>
      <time>2022-11-24T11:29:31.344Z</time>
    </trkpt>
    <trkpt lat="42.39599" lon="13.83829">
      <ele>1225.736</ele>
      <time>2022-11-24T11:29:31.344Z</time>
    </trkpt>
    <trkpt lat="42.396" lon="13.83828">
      <ele>1226.438</ele>
      <time>2022-11-24T11:29:31.344Z</time>
    </trkpt>
    <trkpt lat="42.39602" lon="13.83825">
      <ele>1227.871</ele>
      <time>2022-11-24T11:29:31.345Z</time>
    </trkpt>
    <trkpt lat="42.39603" lon="13.83822">
      <ele>1228.622</ele>
      <time>2022-11-24T11:29:31.345Z</time>
    </trkpt>
    <trkpt lat="42.39604" lon="13.8382">
      <ele>1229.37</ele>
      <time>2022-11-24T11:29:31.345Z</time>
    </trkpt>
    <trkpt lat="42.39605" lon="13.83817">
      <ele>1230.149</ele>
      <time>2022-11-24T11:29:31.345Z</time>
    </trkpt>
    <trkpt lat="42.39607" lon="13.83815">
      <ele>1231.653</ele>
      <time>2022-11-24T11:29:31.345Z</time>
    </trkpt>
    <trkpt lat="42.39609" lon="13.83814">
      <ele>1233.146</ele>
      <time>2022-11-24T11:29:31.345Z</time>
    </trkpt>
    <trkpt lat="42.39609" lon="13.83811">
      <ele>1233.238</ele>
      <time>2022-11-24T11:29:31.345Z</time>
    </trkpt>
    <trkpt lat="42.3961" lon="13.83808">
      <ele>1234.079</ele>
      <time>2022-11-24T11:29:31.345Z</time>
    </trkpt>
    <trkpt lat="42.39611" lon="13.83806">
      <ele>1234.9</ele>
      <time>2022-11-24T11:29:31.346Z</time>
    </trkpt>
    <trkpt lat="42.39612" lon="13.83804">
      <ele>1234.926</ele>
      <time>2022-11-24T11:29:31.346Z</time>
    </trkpt>
    <trkpt lat="42.39613" lon="13.83802">
      <ele>1234.874</ele>
      <time>2022-11-24T11:29:31.346Z</time>
    </trkpt>
    <trkpt lat="42.39614" lon="13.838">
      <ele>1234.862</ele>
      <time>2022-11-24T11:29:31.346Z</time>
    </trkpt>
    <trkpt lat="42.39614" lon="13.83797">
      <ele>1234.844</ele>
      <time>2022-11-24T11:29:31.346Z</time>
    </trkpt>
    <trkpt lat="42.39616" lon="13.83793">
      <ele>1235.008</ele>
      <time>2022-11-24T11:29:31.346Z</time>
    </trkpt>
    <trkpt lat="42.39616" lon="13.83791">
      <ele>1235.038</ele>
      <time>2022-11-24T11:29:31.346Z</time>
    </trkpt>
    <trkpt lat="42.39618" lon="13.83788">
      <ele>1235.374</ele>
      <time>2022-11-24T11:29:31.346Z</time>
    </trkpt>
    <trkpt lat="42.39619" lon="13.83785">
      <ele>1235.657</ele>
      <time>2022-11-24T11:29:31.347Z</time>
    </trkpt>
    <trkpt lat="42.39619" lon="13.83782">
      <ele>1235.795</ele>
      <time>2022-11-24T11:29:31.347Z</time>
    </trkpt>
    <trkpt lat="42.39618" lon="13.83781">
      <ele>1235.622</ele>
      <time>2022-11-24T11:29:31.347Z</time>
    </trkpt>
    <trkpt lat="42.39616" lon="13.83781">
      <ele>1235.185</ele>
      <time>2022-11-24T11:29:31.347Z</time>
    </trkpt>
    <trkpt lat="42.39616" lon="13.83778">
      <ele>1235.229</ele>
      <time>2022-11-24T11:29:31.347Z</time>
    </trkpt>
    <trkpt lat="42.39621" lon="13.83768">
      <ele>1238.151</ele>
      <time>2022-11-24T11:29:31.347Z</time>
    </trkpt>
    <trkpt lat="42.39626" lon="13.83757">
      <ele>1241.546</ele>
      <time>2022-11-24T11:29:31.347Z</time>
    </trkpt>
    <trkpt lat="42.39635" lon="13.83756">
      <ele>1244.504</ele>
      <time>2022-11-24T11:29:31.348Z</time>
    </trkpt>
    <trkpt lat="42.39632" lon="13.83753">
      <ele>1244.174</ele>
      <time>2022-11-24T11:29:31.348Z</time>
    </trkpt>
    <trkpt lat="42.3963" lon="13.83752">
      <ele>1243.734</ele>
      <time>2022-11-24T11:29:31.348Z</time>
    </trkpt>
    <trkpt lat="42.39621" lon="13.83747">
      <ele>1242.848</ele>
      <time>2022-11-24T11:29:31.348Z</time>
    </trkpt>
    <trkpt lat="42.39624" lon="13.83735">
      <ele>1250.103</ele>
      <time>2022-11-24T11:29:31.348Z</time>
    </trkpt>
    <trkpt lat="42.39629" lon="13.83725">
      <ele>1256.198</ele>
      <time>2022-11-24T11:29:31.348Z</time>
    </trkpt>
    <trkpt lat="42.39624" lon="13.83722">
      <ele>1256.984</ele>
      <time>2022-11-24T11:29:31.348Z</time>
    </trkpt>
    <trkpt lat="42.39622" lon="13.83721">
      <ele>1257.321</ele>
      <time>2022-11-24T11:29:31.349Z</time>
    </trkpt>
    <trkpt lat="42.3962" lon="13.83714">
      <ele>1261.667</ele>
      <time>2022-11-24T11:29:31.349Z</time>
    </trkpt>
    <trkpt lat="42.39611" lon="13.83709">
      <ele>1265.855</ele>
      <time>2022-11-24T11:29:31.349Z</time>
    </trkpt>
    <trkpt lat="42.39611" lon="13.83706">
      <ele>1268.336</ele>
      <time>2022-11-24T11:29:31.349Z</time>
    </trkpt>
    <trkpt lat="42.39609" lon="13.83703">
      <ele>1269.028</ele>
      <time>2022-11-24T11:29:31.349Z</time>
    </trkpt>
    <trkpt lat="42.3961" lon="13.837">
      <ele>1272.376</ele>
      <time>2022-11-24T11:29:31.349Z</time>
    </trkpt>
    <trkpt lat="42.39611" lon="13.83698">
      <ele>1274.952</ele>
      <time>2022-11-24T11:29:31.349Z</time>
    </trkpt>
    <trkpt lat="42.3961" lon="13.83698">
      <ele>1274.012</ele>
      <time>2022-11-24T11:29:31.349Z</time>
    </trkpt>
    <trkpt lat="42.39609" lon="13.83695">
      <ele>1275.499</ele>
      <time>2022-11-24T11:29:31.349Z</time>
    </trkpt>
    <trkpt lat="42.39609" lon="13.83692">
      <ele>1275.866</ele>
      <time>2022-11-24T11:29:31.035Z</time>
    </trkpt>
    <trkpt lat="42.39609" lon="13.83691">
      <ele>1275.832</ele>
      <time>2022-11-24T11:29:31.035Z</time>
    </trkpt>
    <trkpt lat="42.39607" lon="13.83692">
      <ele>1274.01</ele>
      <time>2022-11-24T11:29:31.035Z</time>
    </trkpt>
    <trkpt lat="42.39605" lon="13.83691">
      <ele>1272.194</ele>
      <time>2022-11-24T11:29:31.035Z</time>
    </trkpt>
    <trkpt lat="42.39603" lon="13.83689">
      <ele>1270.525</ele>
      <time>2022-11-24T11:29:31.035Z</time>
    </trkpt>
    <trkpt lat="42.39602" lon="13.83688">
      <ele>1269.745</ele>
      <time>2022-11-24T11:29:31.035Z</time>
    </trkpt>
    <trkpt lat="42.39603" lon="13.83688">
      <ele>1270.6</ele>
      <time>2022-11-24T11:29:31.035Z</time>
    </trkpt>
    <trkpt lat="42.39604" lon="13.83686">
      <ele>1271.57</ele>
      <time>2022-11-24T11:29:31.035Z</time>
    </trkpt>
    <trkpt lat="42.39605" lon="13.83683">
      <ele>1272.505</ele>
      <time>2022-11-24T11:29:31.351Z</time>
    </trkpt>
    <trkpt lat="42.39605" lon="13.83681">
      <ele>1272.583</ele>
      <time>2022-11-24T11:29:31.351Z</time>
    </trkpt>
    <trkpt lat="42.39606" lon="13.83679">
      <ele>1273.352</ele>
      <time>2022-11-24T11:29:31.351Z</time>
    </trkpt>
    <trkpt lat="42.39608" lon="13.83677">
      <ele>1274.705</ele>
      <time>2022-11-24T11:29:31.351Z</time>
    </trkpt>
    <trkpt lat="42.3961" lon="13.83676">
      <ele>1275.964</ele>
      <time>2022-11-24T11:29:31.351Z</time>
    </trkpt>
    <trkpt lat="42.39612" lon="13.83675">
      <ele>1276.27</ele>
      <time>2022-11-24T11:29:31.351Z</time>
    </trkpt>
    <trkpt lat="42.39613" lon="13.83672">
      <ele>1275.691</ele>
      <time>2022-11-24T11:29:31.351Z</time>
    </trkpt>
    <trkpt lat="42.39614" lon="13.83669">
      <ele>1275.119</ele>
      <time>2022-11-24T11:29:31.351Z</time>
    </trkpt>
    <trkpt lat="42.39614" lon="13.83667">
      <ele>1274.983</ele>
      <time>2022-11-24T11:29:31.352Z</time>
    </trkpt>
    <trkpt lat="42.39614" lon="13.83664">
      <ele>1273.974</ele>
      <time>2022-11-24T11:29:31.352Z</time>
    </trkpt>
    <trkpt lat="42.39612" lon="13.83666">
      <ele>1275.421</ele>
      <time>2022-11-24T11:29:31.352Z</time>
    </trkpt>
    <trkpt lat="42.3961" lon="13.83666">
      <ele>1275.218</ele>
      <time>2022-11-24T11:29:31.352Z</time>
    </trkpt>
    <trkpt lat="42.39602" lon="13.83661">
      <ele>1269.626</ele>
      <time>2022-11-24T11:29:31.352Z</time>
    </trkpt>
    <trkpt lat="42.39599" lon="13.83656">
      <ele>1266.443</ele>
      <time>2022-11-24T11:29:31.352Z</time>
    </trkpt>
    <trkpt lat="42.39602" lon="13.83649">
      <ele>1265.157</ele>
      <time>2022-11-24T11:29:31.352Z</time>
    </trkpt>
    <trkpt lat="42.39599" lon="13.83647">
      <ele>1263.161</ele>
      <time>2022-11-24T11:29:31.353Z</time>
    </trkpt>
    <trkpt lat="42.39603" lon="13.83641">
      <ele>1262.58</ele>
      <time>2022-11-24T11:29:31.353Z</time>
    </trkpt>
    <trkpt lat="42.39602" lon="13.83633">
      <ele>1259.63</ele>
      <time>2022-11-24T11:29:31.353Z</time>
    </trkpt>
    <trkpt lat="42.39602" lon="13.83631">
      <ele>1259.031</ele>
      <time>2022-11-24T11:29:31.353Z</time>
    </trkpt>
    <trkpt lat="42.39603" lon="13.83628">
      <ele>1258.586</ele>
      <time>2022-11-24T11:29:31.353Z</time>
    </trkpt>
    <trkpt lat="42.39604" lon="13.83619">
      <ele>1256.439</ele>
      <time>2022-11-24T11:29:31.353Z</time>
    </trkpt>
    <trkpt lat="42.39604" lon="13.83615">
      <ele>1255.283</ele>
      <time>2022-11-24T11:29:31.353Z</time>
    </trkpt>
    <trkpt lat="42.39604" lon="13.8361">
      <ele>1254.031</ele>
      <time>2022-11-24T11:29:31.354Z</time>
    </trkpt>
    <trkpt lat="42.39606" lon="13.83609">
      <ele>1254.978</ele>
      <time>2022-11-24T11:29:31.354Z</time>
    </trkpt>
    <trkpt lat="42.39606" lon="13.83606">
      <ele>1254.606</ele>
      <time>2022-11-24T11:29:31.354Z</time>
    </trkpt>
    <trkpt lat="42.39605" lon="13.83608">
      <ele>1254.326</ele>
      <time>2022-11-24T11:29:31.354Z</time>
    </trkpt>
    <trkpt lat="42.39604" lon="13.83605">
      <ele>1253.449</ele>
      <time>2022-11-24T11:29:31.354Z</time>
    </trkpt>
    <trkpt lat="42.39605" lon="13.83603">
      <ele>1253.725</ele>
      <time>2022-11-24T11:29:31.354Z</time>
    </trkpt>
    <trkpt lat="42.39606" lon="13.836">
      <ele>1253.861</ele>
      <time>2022-11-24T11:29:31.354Z</time>
    </trkpt>
    <trkpt lat="42.39607" lon="13.83597">
      <ele>1253.974</ele>
      <time>2022-11-24T11:29:31.356Z</time>
    </trkpt>
    <trkpt lat="42.39608" lon="13.83589">
      <ele>1253.403</ele>
      <time>2022-11-24T11:29:31.356Z</time>
    </trkpt>
    <trkpt lat="42.39609" lon="13.83586">
      <ele>1253.45</ele>
      <time>2022-11-24T11:29:31.356Z</time>
    </trkpt>
    <trkpt lat="42.3961" lon="13.83582">
      <ele>1253.57</ele>
      <time>2022-11-24T11:29:31.356Z</time>
    </trkpt>
    <trkpt lat="42.3961" lon="13.83579">
      <ele>1253.682</ele>
      <time>2022-11-24T11:29:31.356Z</time>
    </trkpt>
    <trkpt lat="42.39611" lon="13.83575">
      <ele>1254.253</ele>
      <time>2022-11-24T11:29:31.357Z</time>
    </trkpt>
    <trkpt lat="42.39605" lon="13.83565">
      <ele>1252.165</ele>
      <time>2022-11-24T11:29:31.357Z</time>
    </trkpt>
    <trkpt lat="42.39607" lon="13.83559">
      <ele>1253.23</ele>
      <time>2022-11-24T11:29:31.357Z</time>
    </trkpt>
    <trkpt lat="42.39608" lon="13.83557">
      <ele>1253.71</ele>
      <time>2022-11-24T11:29:31.357Z</time>
    </trkpt>
    <trkpt lat="42.39604" lon="13.83552">
      <ele>1252.407</ele>
      <time>2022-11-24T11:29:31.357Z</time>
    </trkpt>
    <trkpt lat="42.39602" lon="13.8355">
      <ele>1251.726</ele>
      <time>2022-11-24T11:29:31.358Z</time>
    </trkpt>
    <trkpt lat="42.39599" lon="13.83537">
      <ele>1251.249</ele>
      <time>2022-11-24T11:29:31.358Z</time>
    </trkpt>
    <trkpt lat="42.39595" lon="13.83534">
      <ele>1249.722</ele>
      <time>2022-11-24T11:29:31.358Z</time>
    </trkpt>
    <trkpt lat="42.39585" lon="13.83529">
      <ele>1245.673</ele>
      <time>2022-11-24T11:29:31.358Z</time>
    </trkpt>
    <trkpt lat="42.39583" lon="13.83523">
      <ele>1245.212</ele>
      <time>2022-11-24T11:29:31.358Z</time>
    </trkpt>
    <trkpt lat="42.3958" lon="13.83509">
      <ele>1245.032</ele>
      <time>2022-11-24T11:29:31.358Z</time>
    </trkpt>
    <trkpt lat="42.39577" lon="13.83497">
      <ele>1244.816</ele>
      <time>2022-11-24T11:29:31.358Z</time>
    </trkpt>
    <trkpt lat="42.39572" lon="13.83485">
      <ele>1244.132</ele>
      <time>2022-11-24T11:29:31.359Z</time>
    </trkpt>
    <trkpt lat="42.39569" lon="13.83471">
      <ele>1244.391</ele>
      <time>2022-11-24T11:29:31.359Z</time>
    </trkpt>
    <trkpt lat="42.39565" lon="13.83458">
      <ele>1243.59</ele>
      <time>2022-11-24T11:29:31.359Z</time>
    </trkpt>
    <trkpt lat="42.39559" lon="13.83447">
      <ele>1242.067</ele>
      <time>2022-11-24T11:29:31.359Z</time>
    </trkpt>
    <trkpt lat="42.39555" lon="13.83433">
      <ele>1241.564</ele>
      <time>2022-11-24T11:29:31.359Z</time>
    </trkpt>
    <trkpt lat="42.39551" lon="13.8342">
      <ele>1240.628</ele>
      <time>2022-11-24T11:29:31.036Z</time>
    </trkpt>
    <trkpt lat="42.39548" lon="13.83406">
      <ele>1240.896</ele>
      <time>2022-11-24T11:29:31.036Z</time>
    </trkpt>
    <trkpt lat="42.39544" lon="13.83392">
      <ele>1240.775</ele>
      <time>2022-11-24T11:29:31.036Z</time>
    </trkpt>
    <trkpt lat="42.3954" lon="13.83379">
      <ele>1241.182</ele>
      <time>2022-11-24T11:29:31.036Z</time>
    </trkpt>
    <trkpt lat="42.39533" lon="13.83369">
      <ele>1240.24</ele>
      <time>2022-11-24T11:29:31.036Z</time>
    </trkpt>
    <trkpt lat="42.39527" lon="13.83359">
      <ele>1239.563</ele>
      <time>2022-11-24T11:29:31.361Z</time>
    </trkpt>
    <trkpt lat="42.3953" lon="13.83347">
      <ele>1240.961</ele>
      <time>2022-11-24T11:29:31.361Z</time>
    </trkpt>
    <trkpt lat="42.39528" lon="13.83333">
      <ele>1240.104</ele>
      <time>2022-11-24T11:29:31.361Z</time>
    </trkpt>
    <trkpt lat="42.39523" lon="13.83322">
      <ele>1238.389</ele>
      <time>2022-11-24T11:29:31.361Z</time>
    </trkpt>
    <trkpt lat="42.39523" lon="13.83309">
      <ele>1238.711</ele>
      <time>2022-11-24T11:29:31.361Z</time>
    </trkpt>
    <trkpt lat="42.39522" lon="13.83306">
      <ele>1238.531</ele>
      <time>2022-11-24T11:29:31.362Z</time>
    </trkpt>
    <trkpt lat="42.39522" lon="13.83302">
      <ele>1238.464</ele>
      <time>2022-11-24T11:29:31.362Z</time>
    </trkpt>
    <trkpt lat="42.39522" lon="13.83299">
      <ele>1238.397</ele>
      <time>2022-11-24T11:29:31.362Z</time>
    </trkpt>
    <trkpt lat="42.39522" lon="13.83292">
      <ele>1238.239</ele>
      <time>2022-11-24T11:29:31.362Z</time>
    </trkpt>
    <trkpt lat="42.39521" lon="13.83289">
      <ele>1237.856</ele>
      <time>2022-11-24T11:29:31.362Z</time>
    </trkpt>
    <trkpt lat="42.39525" lon="13.83276">
      <ele>1238.866</ele>
      <time>2022-11-24T11:29:31.363Z</time>
    </trkpt>
    <trkpt lat="42.39528" lon="13.83272">
      <ele>1239.686</ele>
      <time>2022-11-24T11:29:31.363Z</time>
    </trkpt>
    <trkpt lat="42.39529" lon="13.83269">
      <ele>1239.926</ele>
      <time>2022-11-24T11:29:31.364Z</time>
    </trkpt>
    <trkpt lat="42.39531" lon="13.83267">
      <ele>1240.687</ele>
      <time>2022-11-24T11:29:31.364Z</time>
    </trkpt>
    <trkpt lat="42.39533" lon="13.83265">
      <ele>1241.438</ele>
      <time>2022-11-24T11:29:31.364Z</time>
    </trkpt>
    <trkpt lat="42.39534" lon="13.83263">
      <ele>1241.729</ele>
      <time>2022-11-24T11:29:31.364Z</time>
    </trkpt>
    <trkpt lat="42.39536" lon="13.83261">
      <ele>1242.461</ele>
      <time>2022-11-24T11:29:31.364Z</time>
    </trkpt>
    <trkpt lat="42.39537" lon="13.83258">
      <ele>1242.656</ele>
      <time>2022-11-24T11:29:31.364Z</time>
    </trkpt>
    <trkpt lat="42.39538" lon="13.83256">
      <ele>1242.927</ele>
      <time>2022-11-24T11:29:31.364Z</time>
    </trkpt>
    <trkpt lat="42.39539" lon="13.83253">
      <ele>1243.108</ele>
      <time>2022-11-24T11:29:31.364Z</time>
    </trkpt>
    <trkpt lat="42.39541" lon="13.8325">
      <ele>1243.712</ele>
      <time>2022-11-24T11:29:31.365Z</time>
    </trkpt>
    <trkpt lat="42.39543" lon="13.83248">
      <ele>1244.137</ele>
      <time>2022-11-24T11:29:31.365Z</time>
    </trkpt>
    <trkpt lat="42.39547" lon="13.83236">
      <ele>1243.086</ele>
      <time>2022-11-24T11:29:31.365Z</time>
    </trkpt>
    <trkpt lat="42.39546" lon="13.83222">
      <ele>1239.528</ele>
      <time>2022-11-24T11:29:31.365Z</time>
    </trkpt>
    <trkpt lat="42.39549" lon="13.83209">
      <ele>1238.736</ele>
      <time>2022-11-24T11:29:31.365Z</time>
    </trkpt>
    <trkpt lat="42.3955" lon="13.83201">
      <ele>1237.944</ele>
      <time>2022-11-24T11:29:31.365Z</time>
    </trkpt>
    <trkpt lat="42.39547" lon="13.83198">
      <ele>1236.432</ele>
      <time>2022-11-24T11:29:31.365Z</time>
    </trkpt>
    <trkpt lat="42.39548" lon="13.83195">
      <ele>1236.36</ele>
      <time>2022-11-24T11:29:31.365Z</time>
    </trkpt>
    <trkpt lat="42.39547" lon="13.83192">
      <ele>1235.507</ele>
      <time>2022-11-24T11:29:31.366Z</time>
    </trkpt>
    <trkpt lat="42.39545" lon="13.8319">
      <ele>1234.461</ele>
      <time>2022-11-24T11:29:31.366Z</time>
    </trkpt>
    <trkpt lat="42.39544" lon="13.83188">
      <ele>1233.777</ele>
      <time>2022-11-24T11:29:31.366Z</time>
    </trkpt>
    <trkpt lat="42.39544" lon="13.83186">
      <ele>1233.446</ele>
      <time>2022-11-24T11:29:31.366Z</time>
    </trkpt>
    <trkpt lat="42.39544" lon="13.83182">
      <ele>1232.786</ele>
      <time>2022-11-24T11:29:31.366Z</time>
    </trkpt>
    <trkpt lat="42.39543" lon="13.83179">
      <ele>1231.951</ele>
      <time>2022-11-24T11:29:31.366Z</time>
    </trkpt>
    <trkpt lat="42.3954" lon="13.83178">
      <ele>1230.772</ele>
      <time>2022-11-24T11:29:31.366Z</time>
    </trkpt>
    <trkpt lat="42.39537" lon="13.83176">
      <ele>1229.444</ele>
      <time>2022-11-24T11:29:31.366Z</time>
    </trkpt>
    <trkpt lat="42.39535" lon="13.83176">
      <ele>1228.771</ele>
      <time>2022-11-24T11:29:31.367Z</time>
    </trkpt>
    <trkpt lat="42.39532" lon="13.83175">
      <ele>1227.614</ele>
      <time>2022-11-24T11:29:31.367Z</time>
    </trkpt>
    <trkpt lat="42.39531" lon="13.83173">
      <ele>1226.982</ele>
      <time>2022-11-24T11:29:31.367Z</time>
    </trkpt>
    <trkpt lat="42.39528" lon="13.8316">
      <ele>1223.868</ele>
      <time>2022-11-24T11:29:31.367Z</time>
    </trkpt>
    <trkpt lat="42.39529" lon="13.83156">
      <ele>1223.442</ele>
      <time>2022-11-24T11:29:31.367Z</time>
    </trkpt>
    <trkpt lat="42.3953" lon="13.83153">
      <ele>1223.181</ele>
      <time>2022-11-24T11:29:31.367Z</time>
    </trkpt>
    <trkpt lat="42.3953" lon="13.8315">
      <ele>1222.624</ele>
      <time>2022-11-24T11:29:31.367Z</time>
    </trkpt>
    <trkpt lat="42.3953" lon="13.83145">
      <ele>1221.695</ele>
      <time>2022-11-24T11:29:31.367Z</time>
    </trkpt>
    <trkpt lat="42.39531" lon="13.83139">
      <ele>1220.833</ele>
      <time>2022-11-24T11:29:31.368Z</time>
    </trkpt>
    <trkpt lat="42.39531" lon="13.83136">
      <ele>1220.396</ele>
      <time>2022-11-24T11:29:31.368Z</time>
    </trkpt>
    <trkpt lat="42.39531" lon="13.83133">
      <ele>1219.964</ele>
      <time>2022-11-24T11:29:31.368Z</time>
    </trkpt>
    <trkpt lat="42.39531" lon="13.83131">
      <ele>1219.676</ele>
      <time>2022-11-24T11:29:31.368Z</time>
    </trkpt>
    <trkpt lat="42.39531" lon="13.83127">
      <ele>1219.1</ele>
      <time>2022-11-24T11:29:31.368Z</time>
    </trkpt>
    <trkpt lat="42.39522" lon="13.83119">
      <ele>1215.621</ele>
      <time>2022-11-24T11:29:31.369Z</time>
    </trkpt>
    <trkpt lat="42.39516" lon="13.8311">
      <ele>1212.832</ele>
      <time>2022-11-24T11:29:31.369Z</time>
    </trkpt>
    <trkpt lat="42.39514" lon="13.83102">
      <ele>1210.888</ele>
      <time>2022-11-24T11:29:31.369Z</time>
    </trkpt>
    <trkpt lat="42.39514" lon="13.83095">
      <ele>1209.628</ele>
      <time>2022-11-24T11:29:31.369Z</time>
    </trkpt>
    <trkpt lat="42.39513" lon="13.83092">
      <ele>1208.836</ele>
      <time>2022-11-24T11:29:31.369Z</time>
    </trkpt>
    <trkpt lat="42.39515" lon="13.83089">
      <ele>1208.8</ele>
      <time>2022-11-24T11:29:31.037Z</time>
    </trkpt>
    <trkpt lat="42.39517" lon="13.83087">
      <ele>1208.944</ele>
      <time>2022-11-24T11:29:31.037Z</time>
    </trkpt>
    <trkpt lat="42.39519" lon="13.83084">
      <ele>1208.908</ele>
      <time>2022-11-24T11:29:31.037Z</time>
    </trkpt>
    <trkpt lat="42.3952" lon="13.83082">
      <ele>1208.8</ele>
      <time>2022-11-24T11:29:31.037Z</time>
    </trkpt>
    <trkpt lat="42.39522" lon="13.83079">
      <ele>1208.764</ele>
      <time>2022-11-24T11:29:31.371Z</time>
    </trkpt>
    <trkpt lat="42.39524" lon="13.83077">
      <ele>1208.908</ele>
      <time>2022-11-24T11:29:31.371Z</time>
    </trkpt>
    <trkpt lat="42.39526" lon="13.83075">
      <ele>1209.052</ele>
      <time>2022-11-24T11:29:31.371Z</time>
    </trkpt>
    <trkpt lat="42.39528" lon="13.83072">
      <ele>1209.0</ele>
      <time>2022-11-24T11:29:31.371Z</time>
    </trkpt>
    <trkpt lat="42.39527" lon="13.83059">
      <ele>1206.424</ele>
      <time>2022-11-24T11:29:31.371Z</time>
    </trkpt>
    <trkpt lat="42.39529" lon="13.83057">
      <ele>1206.48</ele>
      <time>2022-11-24T11:29:31.372Z</time>
    </trkpt>
    <trkpt lat="42.3952" lon="13.83054">
      <ele>1203.664</ele>
      <time>2022-11-24T11:29:31.372Z</time>
    </trkpt>
    <trkpt lat="42.39513" lon="13.83058">
      <ele>1202.716</ele>
      <time>2022-11-24T11:29:31.372Z</time>
    </trkpt>
    <trkpt lat="42.39509" lon="13.83062">
      <ele>1202.428</ele>
      <time>2022-11-24T11:29:31.372Z</time>
    </trkpt>
    <trkpt lat="42.395" lon="13.83066">
      <ele>1200.88</ele>
      <time>2022-11-24T11:29:31.372Z</time>
    </trkpt>
    <trkpt lat="42.39491" lon="13.83072">
      <ele>1198.852</ele>
      <time>2022-11-24T11:29:31.373Z</time>
    </trkpt>
    <trkpt lat="42.39484" lon="13.83072">
      <ele>1196.435</ele>
      <time>2022-11-24T11:29:31.373Z</time>
    </trkpt>
    <trkpt lat="42.39483" lon="13.83068">
      <ele>1195.458</ele>
      <time>2022-11-24T11:29:31.373Z</time>
    </trkpt>
    <trkpt lat="42.39483" lon="13.83064">
      <ele>1194.826</ele>
      <time>2022-11-24T11:29:31.373Z</time>
    </trkpt>
    <trkpt lat="42.39483" lon="13.83061">
      <ele>1194.352</ele>
      <time>2022-11-24T11:29:31.373Z</time>
    </trkpt>
    <trkpt lat="42.39482" lon="13.83058">
      <ele>1193.551</ele>
      <time>2022-11-24T11:29:31.374Z</time>
    </trkpt>
    <trkpt lat="42.39481" lon="13.83055">
      <ele>1192.738</ele>
      <time>2022-11-24T11:29:31.374Z</time>
    </trkpt>
    <trkpt lat="42.39479" lon="13.8305">
      <ele>1191.147</ele>
      <time>2022-11-24T11:29:31.374Z</time>
    </trkpt>
    <trkpt lat="42.39478" lon="13.83045">
      <ele>1189.893</ele>
      <time>2022-11-24T11:29:31.375Z</time>
    </trkpt>
    <trkpt lat="42.39474" lon="13.83035">
      <ele>1186.829</ele>
      <time>2022-11-24T11:29:31.375Z</time>
    </trkpt>
    <trkpt lat="42.3947" lon="13.83022">
      <ele>1183.688</ele>
      <time>2022-11-24T11:29:31.375Z</time>
    </trkpt>
    <trkpt lat="42.39463" lon="13.83013">
      <ele>1180.88</ele>
      <time>2022-11-24T11:29:31.375Z</time>
    </trkpt>
    <trkpt lat="42.39465" lon="13.82998">
      <ele>1179.099</ele>
      <time>2022-11-24T11:29:31.376Z</time>
    </trkpt>
    <trkpt lat="42.39472" lon="13.82991">
      <ele>1179.335</ele>
      <time>2022-11-24T11:29:31.376Z</time>
    </trkpt>
    <trkpt lat="42.3948" lon="13.82981">
      <ele>1179.068</ele>
      <time>2022-11-24T11:29:31.376Z</time>
    </trkpt>
    <trkpt lat="42.39481" lon="13.82968">
      <ele>1176.82</ele>
      <time>2022-11-24T11:29:31.376Z</time>
    </trkpt>
    <trkpt lat="42.39473" lon="13.82961">
      <ele>1174.12</ele>
      <time>2022-11-24T11:29:31.376Z</time>
    </trkpt>
    <trkpt lat="42.39466" lon="13.82954">
      <ele>1171.6</ele>
      <time>2022-11-24T11:29:31.377Z</time>
    </trkpt>
    <trkpt lat="42.39455" lon="13.82949">
      <ele>1168.72</ele>
      <time>2022-11-24T11:29:31.377Z</time>
    </trkpt>
    <trkpt lat="42.39445" lon="13.82945">
      <ele>1166.2</ele>
      <time>2022-11-24T11:29:31.377Z</time>
    </trkpt>
    <trkpt lat="42.39436" lon="13.82939">
      <ele>1163.892</ele>
      <time>2022-11-24T11:29:31.377Z</time>
    </trkpt>
    <trkpt lat="42.39434" lon="13.82926">
      <ele>1162.128</ele>
      <time>2022-11-24T11:29:31.377Z</time>
    </trkpt>
    <trkpt lat="42.39434" lon="13.82924">
      <ele>1161.912</ele>
      <time>2022-11-24T11:29:31.377Z</time>
    </trkpt>
    <trkpt lat="42.39436" lon="13.82921">
      <ele>1161.948</ele>
      <time>2022-11-24T11:29:31.378Z</time>
    </trkpt>
    <trkpt lat="42.39437" lon="13.82919">
      <ele>1161.912</ele>
      <time>2022-11-24T11:29:31.378Z</time>
    </trkpt>
    <trkpt lat="42.39444" lon="13.8291">
      <ele>1161.964</ele>
      <time>2022-11-24T11:29:31.378Z</time>
    </trkpt>
    <trkpt lat="42.3945" lon="13.82899">
      <ele>1161.129</ele>
      <time>2022-11-24T11:29:31.378Z</time>
    </trkpt>
    <trkpt lat="42.39452" lon="13.82895">
      <ele>1160.756</ele>
      <time>2022-11-24T11:29:31.378Z</time>
    </trkpt>
    <trkpt lat="42.39453" lon="13.82894">
      <ele>1160.717</ele>
      <time>2022-11-24T11:29:31.378Z</time>
    </trkpt>
    <trkpt lat="42.39453" lon="13.82891">
      <ele>1160.251</ele>
      <time>2022-11-24T11:29:31.378Z</time>
    </trkpt>
    <trkpt lat="42.39451" lon="13.82889">
      <ele>1159.725</ele>
      <time>2022-11-24T11:29:31.378Z</time>
    </trkpt>
    <trkpt lat="42.39449" lon="13.82888">
      <ele>1159.364</ele>
      <time>2022-11-24T11:29:31.379Z</time>
    </trkpt>
    <trkpt lat="42.39447" lon="13.82888">
      <ele>1159.148</ele>
      <time>2022-11-24T11:29:31.379Z</time>
    </trkpt>
    <trkpt lat="42.39445" lon="13.82889">
      <ele>1159.076</ele>
      <time>2022-11-24T11:29:31.379Z</time>
    </trkpt>
    <trkpt lat="42.39437" lon="13.82896">
      <ele>1158.883</ele>
      <time>2022-11-24T11:29:31.379Z</time>
    </trkpt>
    <trkpt lat="42.39435" lon="13.82897">
      <ele>1158.709</ele>
      <time>2022-11-24T11:29:31.379Z</time>
    </trkpt>
    <trkpt lat="42.39433" lon="13.82897">
      <ele>1158.4</ele>
      <time>2022-11-24T11:29:31.379Z</time>
    </trkpt>
    <trkpt lat="42.3943" lon="13.82898">
      <ele>1158.061</ele>
      <time>2022-11-24T11:29:31.379Z</time>
    </trkpt>
    <trkpt lat="42.39427" lon="13.82898">
      <ele>1157.594</ele>
      <time>2022-11-24T11:29:31.379Z</time>
    </trkpt>
    <trkpt lat="42.39425" lon="13.82895">
      <ele>1156.926</ele>
      <time>2022-11-24T11:29:31.038Z</time>
    </trkpt>
    <trkpt lat="42.39423" lon="13.82894">
      <ele>1156.506</ele>
      <time>2022-11-24T11:29:31.038Z</time>
    </trkpt>
    <trkpt lat="42.39425" lon="13.8289">
      <ele>1156.332</ele>
      <time>2022-11-24T11:29:31.038Z</time>
    </trkpt>
    <trkpt lat="42.39423" lon="13.82889">
      <ele>1155.925</ele>
      <time>2022-11-24T11:29:31.038Z</time>
    </trkpt>
    <trkpt lat="42.39421" lon="13.8289">
      <ele>1155.75</ele>
      <time>2022-11-24T11:29:31.038Z</time>
    </trkpt>
    <trkpt lat="42.39417" lon="13.82888">
      <ele>1154.92</ele>
      <time>2022-11-24T11:29:31.038Z</time>
    </trkpt>
    <trkpt lat="42.39417" lon="13.82886">
      <ele>1154.632</ele>
      <time>2022-11-24T11:29:31.038Z</time>
    </trkpt>
    <trkpt lat="42.39415" lon="13.82884">
      <ele>1153.957</ele>
      <time>2022-11-24T11:29:31.038Z</time>
    </trkpt>
    <trkpt lat="42.39413" lon="13.82882">
      <ele>1153.281</ele>
      <time>2022-11-24T11:29:31.381Z</time>
    </trkpt>
    <trkpt lat="42.39412" lon="13.82868">
      <ele>1151.237</ele>
      <time>2022-11-24T11:29:31.381Z</time>
    </trkpt>
    <trkpt lat="42.3941" lon="13.82856">
      <ele>1149.392</ele>
      <time>2022-11-24T11:29:31.381Z</time>
    </trkpt>
    <trkpt lat="42.39403" lon="13.82848">
      <ele>1147.608</ele>
      <time>2022-11-24T11:29:31.381Z</time>
    </trkpt>
    <trkpt lat="42.39394" lon="13.82839">
      <ele>1145.851</ele>
      <time>2022-11-24T11:29:31.381Z</time>
    </trkpt>
    <trkpt lat="42.39386" lon="13.82832">
      <ele>1145.005</ele>
      <time>2022-11-24T11:29:31.381Z</time>
    </trkpt>
    <trkpt lat="42.39384" lon="13.82829">
      <ele>1145.027</ele>
      <time>2022-11-24T11:29:31.381Z</time>
    </trkpt>
    <trkpt lat="42.39384" lon="13.82829">
      <ele>1145.027</ele>
      <time>2022-11-24T11:29:31.381Z</time>
    </trkpt>
    <trkpt lat="42.39357" lon="13.82862">
      <ele>1144.731</ele>
      <time>2022-11-24T11:29:31.382Z</time>
    </trkpt>
    <trkpt lat="42.39336" lon="13.82832">
      <ele>1145.091</ele>
      <time>2022-11-24T11:29:31.382Z</time>
    </trkpt>
    <trkpt lat="42.39303" lon="13.82812">
      <ele>1147.467</ele>
      <time>2022-11-24T11:29:31.382Z</time>
    </trkpt>
    <trkpt lat="42.39277" lon="13.82802">
      <ele>1150.316</ele>
      <time>2022-11-24T11:29:31.382Z</time>
    </trkpt>
    <trkpt lat="42.39249" lon="13.82798">
      <ele>1152.862</ele>
      <time>2022-11-24T11:29:31.382Z</time>
    </trkpt>
    <trkpt lat="42.39157" lon="13.82792">
      <ele>1159.3</ele>
      <time>2022-11-24T11:29:31.382Z</time>
    </trkpt>
    <trkpt lat="42.39086" lon="13.8277">
      <ele>1164.309</ele>
      <time>2022-11-24T11:29:31.382Z</time>
    </trkpt>
    <trkpt lat="42.38967" lon="13.82727">
      <ele>1176.86</ele>
      <time>2022-11-24T11:29:31.383Z</time>
    </trkpt>
    <trkpt lat="42.38889" lon="13.82738">
      <ele>1186.142</ele>
      <time>2022-11-24T11:29:31.383Z</time>
    </trkpt>
    <trkpt lat="42.38833" lon="13.82764">
      <ele>1189.048</ele>
      <time>2022-11-24T11:29:31.383Z</time>
    </trkpt>
    <trkpt lat="42.38772" lon="13.82775">
      <ele>1195.621</ele>
      <time>2022-11-24T11:29:31.383Z</time>
    </trkpt>
    <trkpt lat="42.38725" lon="13.82736">
      <ele>1204.074</ele>
      <time>2022-11-24T11:29:31.383Z</time>
    </trkpt>
    <trkpt lat="42.38685" lon="13.82732">
      <ele>1209.896</ele>
      <time>2022-11-24T11:29:31.383Z</time>
    </trkpt>
    <trkpt lat="42.38666" lon="13.82728">
      <ele>1213.683</ele>
      <time>2022-11-24T11:29:31.383Z</time>
    </trkpt>
    <trkpt lat="42.38651" lon="13.82724">
      <ele>1217.9</ele>
      <time>2022-11-24T11:29:31.383Z</time>
    </trkpt>
    <trkpt lat="42.38638" lon="13.82717">
      <ele>1223.41</ele>
      <time>2022-11-24T11:29:31.384Z</time>
    </trkpt>
    <trkpt lat="42.38629" lon="13.82717">
      <ele>1224.969</ele>
      <time>2022-11-24T11:29:31.384Z</time>
    </trkpt>
    <trkpt lat="42.38624" lon="13.82715">
      <ele>1226.661</ele>
      <time>2022-11-24T11:29:31.384Z</time>
    </trkpt>
    <trkpt lat="42.38632" lon="13.82705">
      <ele>1229.526</ele>
      <time>2022-11-24T11:29:31.384Z</time>
    </trkpt>
    <trkpt lat="42.38634" lon="13.82695">
      <ele>1233.468</ele>
      <time>2022-11-24T11:29:31.384Z</time>
    </trkpt>
    <trkpt lat="42.38622" lon="13.82705">
      <ele>1231.103</ele>
      <time>2022-11-24T11:29:31.384Z</time>
    </trkpt>
    <trkpt lat="42.38617" lon="13.82697">
      <ele>1235.12</ele>
      <time>2022-11-24T11:29:31.384Z</time>
    </trkpt>
    <trkpt lat="42.38609" lon="13.82698">
      <ele>1236.19</ele>
      <time>2022-11-24T11:29:31.384Z</time>
    </trkpt>
    <trkpt lat="42.386" lon="13.82694">
      <ele>1240.45</ele>
      <time>2022-11-24T11:29:31.385Z</time>
    </trkpt>
    <trkpt lat="42.3858" lon="13.82703">
      <ele>1241.821</ele>
      <time>2022-11-24T11:29:31.385Z</time>
    </trkpt>
    <trkpt lat="42.38568" lon="13.82707">
      <ele>1242.034</ele>
      <time>2022-11-24T11:29:31.385Z</time>
    </trkpt>
    <trkpt lat="42.38563" lon="13.82699">
      <ele>1246.08</ele>
      <time>2022-11-24T11:29:31.385Z</time>
    </trkpt>
    <trkpt lat="42.38568" lon="13.82689">
      <ele>1249.993</ele>
      <time>2022-11-24T11:29:31.385Z</time>
    </trkpt>
    <trkpt lat="42.3857" lon="13.82682">
      <ele>1253.156</ele>
      <time>2022-11-24T11:29:31.385Z</time>
    </trkpt>
    <trkpt lat="42.38571" lon="13.82673">
      <ele>1257.411</ele>
      <time>2022-11-24T11:29:31.385Z</time>
    </trkpt>
    <trkpt lat="42.3857" lon="13.82664">
      <ele>1261.62</ele>
      <time>2022-11-24T11:29:31.385Z</time>
    </trkpt>
    <trkpt lat="42.38569" lon="13.82663">
      <ele>1262.171</ele>
      <time>2022-11-24T11:29:31.385Z</time>
    </trkpt>
    <trkpt lat="42.38566" lon="13.82656">
      <ele>1264.778</ele>
      <time>2022-11-24T11:29:31.386Z</time>
    </trkpt>
    <trkpt lat="42.3856" lon="13.82659">
      <ele>1265.365</ele>
      <time>2022-11-24T11:29:31.386Z</time>
    </trkpt>
    <trkpt lat="42.38532" lon="13.82668">
      <ele>1269.239</ele>
      <time>2022-11-24T11:29:31.386Z</time>
    </trkpt>
    <trkpt lat="42.38523" lon="13.82672">
      <ele>1267.881</ele>
      <time>2022-11-24T11:29:31.386Z</time>
    </trkpt>
    <trkpt lat="42.38514" lon="13.82666">
      <ele>1271.663</ele>
      <time>2022-11-24T11:29:31.386Z</time>
    </trkpt>
    <trkpt lat="42.38513" lon="13.82662">
      <ele>1272.74</ele>
      <time>2022-11-24T11:29:31.386Z</time>
    </trkpt>
    <trkpt lat="42.38522" lon="13.82641">
      <ele>1276.057</ele>
      <time>2022-11-24T11:29:31.386Z</time>
    </trkpt>
    <trkpt lat="42.3851" lon="13.82638">
      <ele>1279.466</ele>
      <time>2022-11-24T11:29:31.387Z</time>
    </trkpt>
    <trkpt lat="42.38501" lon="13.8262">
      <ele>1282.33</ele>
      <time>2022-11-24T11:29:31.387Z</time>
    </trkpt>
    <trkpt lat="42.38493" lon="13.82624">
      <ele>1285.461</ele>
      <time>2022-11-24T11:29:31.387Z</time>
    </trkpt>
    <trkpt lat="42.38483" lon="13.8263">
      <ele>1289.028</ele>
      <time>2022-11-24T11:29:31.387Z</time>
    </trkpt>
    <trkpt lat="42.38472" lon="13.82642">
      <ele>1290.487</ele>
      <time>2022-11-24T11:29:31.387Z</time>
    </trkpt>
    <trkpt lat="42.38467" lon="13.82644">
      <ele>1288.257</ele>
      <time>2022-11-24T11:29:31.387Z</time>
    </trkpt>
    <trkpt lat="42.38465" lon="13.82631">
      <ele>1292.645</ele>
      <time>2022-11-24T11:29:31.387Z</time>
    </trkpt>
    <trkpt lat="42.38464" lon="13.82619">
      <ele>1296.607</ele>
      <time>2022-11-24T11:29:31.387Z</time>
    </trkpt>
    <trkpt lat="42.38461" lon="13.82612">
      <ele>1300.083</ele>
      <time>2022-11-24T11:29:31.387Z</time>
    </trkpt>
    <trkpt lat="42.38453" lon="13.82619">
      <ele>1298.938</ele>
      <time>2022-11-24T11:29:31.388Z</time>
    </trkpt>
    <trkpt lat="42.38439" lon="13.82616">
      <ele>1305.273</ele>
      <time>2022-11-24T11:29:31.388Z</time>
    </trkpt>
    <trkpt lat="42.38422" lon="13.82597">
      <ele>1313.258</ele>
      <time>2022-11-24T11:29:31.389Z</time>
    </trkpt>
    <trkpt lat="42.38412" lon="13.82587">
      <ele>1314.115</ele>
      <time>2022-11-24T11:29:31.389Z</time>
    </trkpt>
    <trkpt lat="42.38403" lon="13.82585">
      <ele>1314.059</ele>
      <time>2022-11-24T11:29:31.389Z</time>
    </trkpt>
    <trkpt lat="42.38391" lon="13.82585">
      <ele>1314.672</ele>
      <time>2022-11-24T11:29:31.389Z</time>
    </trkpt>
    <trkpt lat="42.3836" lon="13.82598">
      <ele>1320.017</ele>
      <time>2022-11-24T11:29:31.389Z</time>
    </trkpt>
    <trkpt lat="42.38335" lon="13.82604">
      <ele>1325.056</ele>
      <time>2022-11-24T11:29:31.389Z</time>
    </trkpt>
    <trkpt lat="42.383" lon="13.82615">
      <ele>1328.408</ele>
      <time>2022-11-24T11:29:31.389Z</time>
    </trkpt>
    <trkpt lat="42.3829" lon="13.82596">
      <ele>1329.537</ele>
      <time>2022-11-24T11:29:31.389Z</time>
    </trkpt>
    <trkpt lat="42.38188" lon="13.82592">
      <ele>1334.972</ele>
      <time>2022-11-24T11:29:31.039Z</time>
    </trkpt>
    <trkpt lat="42.38175" lon="13.82586">
      <ele>1336.428</ele>
      <time>2022-11-24T11:29:31.039Z</time>
    </trkpt>
    <trkpt lat="42.38175" lon="13.82586">
      <ele>1336.428</ele>
      <time>2022-11-24T11:29:31.039Z</time>
    </trkpt>
    <trkpt lat="42.38169" lon="13.82593">
      <ele>1334.56</ele>
      <time>2022-11-24T11:29:31.039Z</time>
    </trkpt>
    <trkpt lat="42.38071" lon="13.82593">
      <ele>1347.322</ele>
      <time>2022-11-24T11:29:31.039Z</time>
    </trkpt>
    <trkpt lat="42.38056" lon="13.82578">
      <ele>1351.33</ele>
      <time>2022-11-24T11:29:31.039Z</time>
    </trkpt>
    <trkpt lat="42.38046" lon="13.82532">
      <ele>1356.468</ele>
      <time>2022-11-24T11:29:31.391Z</time>
    </trkpt>
    <trkpt lat="42.38037" lon="13.82526">
      <ele>1358.426</ele>
      <time>2022-11-24T11:29:31.391Z</time>
    </trkpt>
    <trkpt lat="42.38011" lon="13.82568">
      <ele>1359.895</ele>
      <time>2022-11-24T11:29:31.391Z</time>
    </trkpt>
    <trkpt lat="42.37983" lon="13.82587">
      <ele>1361.29</ele>
      <time>2022-11-24T11:29:31.391Z</time>
    </trkpt>
    <trkpt lat="42.37958" lon="13.82598">
      <ele>1364.654</ele>
      <time>2022-11-24T11:29:31.391Z</time>
    </trkpt>
    <trkpt lat="42.3794" lon="13.82613">
      <ele>1366.828</ele>
      <time>2022-11-24T11:29:31.391Z</time>
    </trkpt>
    <trkpt lat="42.37951" lon="13.82592">
      <ele>1368.618</ele>
      <time>2022-11-24T11:29:31.391Z</time>
    </trkpt>
    <trkpt lat="42.37972" lon="13.82569">
      <ele>1367.684</ele>
      <time>2022-11-24T11:29:31.391Z</time>
    </trkpt>
    <trkpt lat="42.37982" lon="13.82559">
      <ele>1367.491</ele>
      <time>2022-11-24T11:29:31.392Z</time>
    </trkpt>
    <trkpt lat="42.37991" lon="13.82552">
      <ele>1366.443</ele>
      <time>2022-11-24T11:29:31.392Z</time>
    </trkpt>
    <trkpt lat="42.37997" lon="13.82536">
      <ele>1368.24</ele>
      <time>2022-11-24T11:29:31.392Z</time>
    </trkpt>
    <trkpt lat="42.38" lon="13.82524">
      <ele>1369.272</ele>
      <time>2022-11-24T11:29:31.392Z</time>
    </trkpt>
    <trkpt lat="42.37998" lon="13.82512">
      <ele>1370.897</ele>
      <time>2022-11-24T11:29:31.392Z</time>
    </trkpt>
    <trkpt lat="42.37992" lon="13.82498">
      <ele>1374.209</ele>
      <time>2022-11-24T11:29:31.392Z</time>
    </trkpt>
    <trkpt lat="42.37988" lon="13.82486">
      <ele>1376.187</ele>
      <time>2022-11-24T11:29:31.392Z</time>
    </trkpt>
    <trkpt lat="42.37984" lon="13.82475">
      <ele>1378.373</ele>
      <time>2022-11-24T11:29:31.392Z</time>
    </trkpt>
    <trkpt lat="42.37982" lon="13.82461">
      <ele>1379.948</ele>
      <time>2022-11-24T11:29:31.393Z</time>
    </trkpt>
    <trkpt lat="42.37985" lon="13.8244">
      <ele>1379.519</ele>
      <time>2022-11-24T11:29:31.393Z</time>
    </trkpt>
    <trkpt lat="42.37984" lon="13.82428">
      <ele>1381.255</ele>
      <time>2022-11-24T11:29:31.393Z</time>
    </trkpt>
    <trkpt lat="42.37979" lon="13.82414">
      <ele>1386.065</ele>
      <time>2022-11-24T11:29:31.393Z</time>
    </trkpt>
    <trkpt lat="42.37988" lon="13.82377">
      <ele>1386.105</ele>
      <time>2022-11-24T11:29:31.393Z</time>
    </trkpt>
    <trkpt lat="42.37995" lon="13.82348">
      <ele>1386.432</ele>
      <time>2022-11-24T11:29:31.393Z</time>
    </trkpt>
    <trkpt lat="42.38005" lon="13.82313">
      <ele>1385.496</ele>
      <time>2022-11-24T11:29:31.394Z</time>
    </trkpt>
    <trkpt lat="42.38005" lon="13.82293">
      <ele>1386.833</ele>
      <time>2022-11-24T11:29:31.394Z</time>
    </trkpt>
    <trkpt lat="42.38007" lon="13.82273">
      <ele>1386.128</ele>
      <time>2022-11-24T11:29:31.394Z</time>
    </trkpt>
    <trkpt lat="42.38004" lon="13.82261">
      <ele>1386.776</ele>
      <time>2022-11-24T11:29:31.394Z</time>
    </trkpt>
    <trkpt lat="42.38001" lon="13.82249">
      <ele>1387.317</ele>
      <time>2022-11-24T11:29:31.394Z</time>
    </trkpt>
    <trkpt lat="42.37986" lon="13.82227">
      <ele>1390.916</ele>
      <time>2022-11-24T11:29:31.394Z</time>
    </trkpt>
    <trkpt lat="42.37977" lon="13.82207">
      <ele>1390.756</ele>
      <time>2022-11-24T11:29:31.394Z</time>
    </trkpt>
    <trkpt lat="42.37969" lon="13.82199">
      <ele>1393.004</ele>
      <time>2022-11-24T11:29:31.394Z</time>
    </trkpt>
    <trkpt lat="42.37955" lon="13.82178">
      <ele>1396.368</ele>
      <time>2022-11-24T11:29:31.395Z</time>
    </trkpt>
    <trkpt lat="42.37943" lon="13.82156">
      <ele>1397.72</ele>
      <time>2022-11-24T11:29:31.395Z</time>
    </trkpt>
    <trkpt lat="42.37932" lon="13.82131">
      <ele>1396.441</ele>
      <time>2022-11-24T11:29:31.395Z</time>
    </trkpt>
    <trkpt lat="42.37924" lon="13.82123">
      <ele>1398.451</ele>
      <time>2022-11-24T11:29:31.395Z</time>
    </trkpt>
    <trkpt lat="42.37917" lon="13.82111">
      <ele>1398.796</ele>
      <time>2022-11-24T11:29:31.395Z</time>
    </trkpt>
    <trkpt lat="42.37907" lon="13.82093">
      <ele>1394.883</ele>
      <time>2022-11-24T11:29:31.395Z</time>
    </trkpt>
    <trkpt lat="42.37892" lon="13.82078">
      <ele>1394.721</ele>
      <time>2022-11-24T11:29:31.395Z</time>
    </trkpt>
    <trkpt lat="42.37857" lon="13.82054">
      <ele>1397.532</ele>
      <time>2022-11-24T11:29:31.395Z</time>
    </trkpt>
    <trkpt lat="42.37842" lon="13.82054">
      <ele>1401.312</ele>
      <time>2022-11-24T11:29:31.396Z</time>
    </trkpt>
    <trkpt lat="42.37826" lon="13.82044">
      <ele>1401.95</ele>
      <time>2022-11-24T11:29:31.396Z</time>
    </trkpt>
    <trkpt lat="42.37818" lon="13.82043">
      <ele>1403.494</ele>
      <time>2022-11-24T11:29:31.396Z</time>
    </trkpt>
    <trkpt lat="42.37806" lon="13.82036">
      <ele>1404.261</ele>
      <time>2022-11-24T11:29:31.396Z</time>
    </trkpt>
    <trkpt lat="42.37779" lon="13.82032">
      <ele>1405.128</ele>
      <time>2022-11-24T11:29:31.396Z</time>
    </trkpt>
    <trkpt lat="42.37754" lon="13.82042">
      <ele>1411.897</ele>
      <time>2022-11-24T11:29:31.396Z</time>
    </trkpt>
    <trkpt lat="42.37736" lon="13.82036">
      <ele>1417.247</ele>
      <time>2022-11-24T11:29:31.396Z</time>
    </trkpt>
    <trkpt lat="42.37721" lon="13.82032">
      <ele>1423.629</ele>
      <time>2022-11-24T11:29:31.396Z</time>
    </trkpt>
    <trkpt lat="42.37714" lon="13.82032">
      <ele>1425.859</ele>
      <time>2022-11-24T11:29:31.397Z</time>
    </trkpt>
    <trkpt lat="42.37697" lon="13.82046">
      <ele>1428.296</ele>
      <time>2022-11-24T11:29:31.397Z</time>
    </trkpt>
    <trkpt lat="42.37688" lon="13.82052">
      <ele>1428.928</ele>
      <time>2022-11-24T11:29:31.397Z</time>
    </trkpt>
    <trkpt lat="42.37672" lon="13.82047">
      <ele>1432.888</ele>
      <time>2022-11-24T11:29:31.397Z</time>
    </trkpt>
    <trkpt lat="42.37647" lon="13.82058">
      <ele>1438.728</ele>
      <time>2022-11-24T11:29:31.397Z</time>
    </trkpt>
    <trkpt lat="42.37613" lon="13.82074">
      <ele>1444.833</ele>
      <time>2022-11-24T11:29:31.397Z</time>
    </trkpt>
    <trkpt lat="42.37599" lon="13.82084">
      <ele>1447.877</ele>
      <time>2022-11-24T11:29:31.397Z</time>
    </trkpt>
    <trkpt lat="42.37582" lon="13.8209">
      <ele>1454.24</ele>
      <time>2022-11-24T11:29:31.397Z</time>
    </trkpt>
    <trkpt lat="42.37552" lon="13.82095">
      <ele>1460.172</ele>
      <time>2022-11-24T11:29:31.398Z</time>
    </trkpt>
    <trkpt lat="42.37508" lon="13.82136">
      <ele>1472.132</ele>
      <time>2022-11-24T11:29:31.398Z</time>
    </trkpt>
    <trkpt lat="42.37472" lon="13.82137">
      <ele>1483.056</ele>
      <time>2022-11-24T11:29:31.398Z</time>
    </trkpt>
    <trkpt lat="42.37457" lon="13.82127">
      <ele>1486.836</ele>
      <time>2022-11-24T11:29:31.398Z</time>
    </trkpt>
    <trkpt lat="42.37443" lon="13.82121">
      <ele>1490.227</ele>
      <time>2022-11-24T11:29:31.398Z</time>
    </trkpt>
    <trkpt lat="42.37426" lon="13.82109">
      <ele>1492.656</ele>
      <time>2022-11-24T11:29:31.398Z</time>
    </trkpt>
    <trkpt lat="42.37413" lon="13.82106">
      <ele>1494.768</ele>
      <time>2022-11-24T11:29:31.399Z</time>
    </trkpt>
    <trkpt lat="42.37388" lon="13.8212">
      <ele>1500.084</ele>
      <time>2022-11-24T11:29:31.399Z</time>
    </trkpt>
    <trkpt lat="42.37376" lon="13.82138">
      <ele>1501.826</ele>
      <time>2022-11-24T11:29:31.399Z</time>
    </trkpt>
    <trkpt lat="42.37345" lon="13.82139">
      <ele>1505.757</ele>
      <time>2022-11-24T11:29:31.399Z</time>
    </trkpt>
    <trkpt lat="42.37319" lon="13.82146">
      <ele>1510.468</ele>
      <time>2022-11-24T11:29:31.399Z</time>
    </trkpt>
    <trkpt lat="42.37303" lon="13.82159">
      <ele>1514.921</ele>
      <time>2022-11-24T11:29:31.399Z</time>
    </trkpt>
    <trkpt lat="42.37285" lon="13.82161">
      <ele>1517.351</ele>
      <time>2022-11-24T11:29:31.399Z</time>
    </trkpt>
    <trkpt lat="42.37249" lon="13.82125">
      <ele>1517.662</ele>
      <time>2022-11-24T11:29:31.399Z</time>
    </trkpt>
    <trkpt lat="42.37217" lon="13.8209">
      <ele>1519.284</ele>
      <time>2022-11-24T11:29:31.004Z</time>
    </trkpt>
    <trkpt lat="42.37212" lon="13.82082">
      <ele>1518.93</ele>
      <time>2022-11-24T11:29:31.004Z</time>
    </trkpt>
    <trkpt lat="42.3721" lon="13.82054">
      <ele>1515.679</ele>
      <time>2022-11-24T11:29:31.004Z</time>
    </trkpt>
    <trkpt lat="42.3722" lon="13.82039">
      <ele>1513.676</ele>
      <time>2022-11-24T11:29:31.004Z</time>
    </trkpt>
    <trkpt lat="42.37248" lon="13.82035">
      <ele>1508.861</ele>
      <time>2022-11-24T11:29:31.004Z</time>
    </trkpt>
    <trkpt lat="42.37298" lon="13.82005">
      <ele>1500.816</ele>
      <time>2022-11-24T11:29:31.004Z</time>
    </trkpt>
    <trkpt lat="42.37311" lon="13.81939">
      <ele>1499.685</ele>
      <time>2022-11-24T11:29:31.004Z</time>
    </trkpt>
    <trkpt lat="42.37327" lon="13.81909">
      <ele>1499.937</ele>
      <time>2022-11-24T11:29:31.401Z</time>
    </trkpt>
    <trkpt lat="42.37343" lon="13.81898">
      <ele>1499.658</ele>
      <time>2022-11-24T11:29:31.401Z</time>
    </trkpt>
    <trkpt lat="42.37368" lon="13.81869">
      <ele>1499.718</ele>
      <time>2022-11-24T11:29:31.401Z</time>
    </trkpt>
    <trkpt lat="42.37371" lon="13.8186">
      <ele>1499.923</ele>
      <time>2022-11-24T11:29:31.401Z</time>
    </trkpt>
    <trkpt lat="42.3737" lon="13.81838">
      <ele>1498.303</ele>
      <time>2022-11-24T11:29:31.401Z</time>
    </trkpt>
    <trkpt lat="42.37365" lon="13.81817">
      <ele>1496.409</ele>
      <time>2022-11-24T11:29:31.401Z</time>
    </trkpt>
    <trkpt lat="42.37345" lon="13.81796">
      <ele>1492.244</ele>
      <time>2022-11-24T11:29:31.401Z</time>
    </trkpt>
    <trkpt lat="42.37331" lon="13.8178">
      <ele>1490.0</ele>
      <time>2022-11-24T11:29:31.401Z</time>
    </trkpt>
    <trkpt lat="42.37309" lon="13.81767">
      <ele>1490.096</ele>
      <time>2022-11-24T11:29:31.402Z</time>
    </trkpt>
    <trkpt lat="42.37285" lon="13.81766">
      <ele>1489.686</ele>
      <time>2022-11-24T11:29:31.402Z</time>
    </trkpt>
    <trkpt lat="42.37272" lon="13.81769">
      <ele>1489.881</ele>
      <time>2022-11-24T11:29:31.402Z</time>
    </trkpt>
    <trkpt lat="42.37267" lon="13.81748">
      <ele>1489.988</ele>
      <time>2022-11-24T11:29:31.403Z</time>
    </trkpt>
    <trkpt lat="42.37218" lon="13.81682">
      <ele>1497.94</ele>
      <time>2022-11-24T11:29:31.403Z</time>
    </trkpt>
    <trkpt lat="42.37172" lon="13.81659">
      <ele>1501.148</ele>
      <time>2022-11-24T11:29:31.403Z</time>
    </trkpt>
    <trkpt lat="42.3714" lon="13.81632">
      <ele>1500.494</ele>
      <time>2022-11-24T11:29:31.403Z</time>
    </trkpt>
    <trkpt lat="42.37125" lon="13.81626">
      <ele>1500.34</ele>
      <time>2022-11-24T11:29:31.403Z</time>
    </trkpt>
    <trkpt lat="42.37043" lon="13.81612">
      <ele>1495.772</ele>
      <time>2022-11-24T11:29:31.403Z</time>
    </trkpt>
    <trkpt lat="42.36947" lon="13.81651">
      <ele>1493.928</ele>
      <time>2022-11-24T11:29:31.403Z</time>
    </trkpt>
    <trkpt lat="42.36902" lon="13.8166">
      <ele>1492.512</ele>
      <time>2022-11-24T11:29:31.403Z</time>
    </trkpt>
    <trkpt lat="42.36836" lon="13.81705">
      <ele>1496.236</ele>
      <time>2022-11-24T11:29:31.404Z</time>
    </trkpt>
    <trkpt lat="42.36786" lon="13.81743">
      <ele>1491.491</ele>
      <time>2022-11-24T11:29:31.404Z</time>
    </trkpt>
    <trkpt lat="42.36754" lon="13.81789">
      <ele>1489.637</ele>
      <time>2022-11-24T11:29:31.404Z</time>
    </trkpt>
    <trkpt lat="42.36711" lon="13.81828">
      <ele>1486.041</ele>
      <time>2022-11-24T11:29:31.404Z</time>
    </trkpt>
    <trkpt lat="42.36692" lon="13.8186">
      <ele>1488.513</ele>
      <time>2022-11-24T11:29:31.404Z</time>
    </trkpt>
    <trkpt lat="42.36653" lon="13.81876">
      <ele>1485.281</ele>
      <time>2022-11-24T11:29:31.404Z</time>
    </trkpt>
    <trkpt lat="42.3663" lon="13.81906">
      <ele>1484.739</ele>
      <time>2022-11-24T11:29:31.404Z</time>
    </trkpt>
    <trkpt lat="42.36601" lon="13.81933">
      <ele>1484.926</ele>
      <time>2022-11-24T11:29:31.404Z</time>
    </trkpt>
    <trkpt lat="42.36582" lon="13.81964">
      <ele>1484.564</ele>
      <time>2022-11-24T11:29:31.405Z</time>
    </trkpt>
    <trkpt lat="42.36562" lon="13.8198">
      <ele>1487.28</ele>
      <time>2022-11-24T11:29:31.405Z</time>
    </trkpt>
    <trkpt lat="42.36531" lon="13.82026">
      <ele>1489.709</ele>
      <time>2022-11-24T11:29:31.405Z</time>
    </trkpt>
    <trkpt lat="42.36494" lon="13.82048">
      <ele>1489.352</ele>
      <time>2022-11-24T11:29:31.405Z</time>
    </trkpt>
    <trkpt lat="42.36464" lon="13.8205">
      <ele>1485.875</ele>
      <time>2022-11-24T11:29:31.405Z</time>
    </trkpt>
    <trkpt lat="42.36445" lon="13.8204">
      <ele>1483.629</ele>
      <time>2022-11-24T11:29:31.405Z</time>
    </trkpt>
    <trkpt lat="42.36429" lon="13.82013">
      <ele>1482.544</ele>
      <time>2022-11-24T11:29:31.405Z</time>
    </trkpt>
    <trkpt lat="42.36413" lon="13.81988">
      <ele>1482.236</ele>
      <time>2022-11-24T11:29:31.405Z</time>
    </trkpt>
    <trkpt lat="42.36395" lon="13.81981">
      <ele>1478.96</ele>
      <time>2022-11-24T11:29:31.406Z</time>
    </trkpt>
    <trkpt lat="42.36376" lon="13.81963">
      <ele>1477.346</ele>
      <time>2022-11-24T11:29:31.406Z</time>
    </trkpt>
    <trkpt lat="42.36371" lon="13.81949">
      <ele>1476.481</ele>
      <time>2022-11-24T11:29:31.406Z</time>
    </trkpt>
    <trkpt lat="42.3636" lon="13.8193">
      <ele>1472.48</ele>
      <time>2022-11-24T11:29:31.406Z</time>
    </trkpt>
    <trkpt lat="42.36349" lon="13.81896">
      <ele>1470.787</ele>
      <time>2022-11-24T11:29:31.406Z</time>
    </trkpt>
    <trkpt lat="42.36341" lon="13.81881">
      <ele>1469.454</ele>
      <time>2022-11-24T11:29:31.406Z</time>
    </trkpt>
    <trkpt lat="42.36328" lon="13.81866">
      <ele>1466.094</ele>
      <time>2022-11-24T11:29:31.406Z</time>
    </trkpt>
    <trkpt lat="42.36308" lon="13.81868">
      <ele>1464.03</ele>
      <time>2022-11-24T11:29:31.407Z</time>
    </trkpt>
    <trkpt lat="42.36213" lon="13.81963">
      <ele>1469.22</ele>
      <time>2022-11-24T11:29:31.407Z</time>
    </trkpt>
    <trkpt lat="42.36204" lon="13.82008">
      <ele>1473.106</ele>
      <time>2022-11-24T11:29:31.407Z</time>
    </trkpt>
    <trkpt lat="42.36185" lon="13.8205">
      <ele>1468.796</ele>
      <time>2022-11-24T11:29:31.407Z</time>
    </trkpt>
    <trkpt lat="42.36174" lon="13.82069">
      <ele>1465.239</ele>
      <time>2022-11-24T11:29:31.407Z</time>
    </trkpt>
    <trkpt lat="42.36062" lon="13.82123">
      <ele>1460.09</ele>
      <time>2022-11-24T11:29:31.407Z</time>
    </trkpt>
    <trkpt lat="42.3606" lon="13.82136">
      <ele>1455.83</ele>
      <time>2022-11-24T11:29:31.408Z</time>
    </trkpt>
    <trkpt lat="42.36065" lon="13.82153">
      <ele>1455.991</ele>
      <time>2022-11-24T11:29:31.408Z</time>
    </trkpt>
    <trkpt lat="42.36083" lon="13.82166">
      <ele>1452.142</ele>
      <time>2022-11-24T11:29:31.408Z</time>
    </trkpt>
    <trkpt lat="42.36154" lon="13.82149">
      <ele>1442.608</ele>
      <time>2022-11-24T11:29:31.408Z</time>
    </trkpt>
    <trkpt lat="42.36185" lon="13.82152">
      <ele>1438.989</ele>
      <time>2022-11-24T11:29:31.408Z</time>
    </trkpt>
    <trkpt lat="42.36245" lon="13.82168">
      <ele>1432.844</ele>
      <time>2022-11-24T11:29:31.408Z</time>
    </trkpt>
    <trkpt lat="42.36266" lon="13.82168">
      <ele>1430.332</ele>
      <time>2022-11-24T11:29:31.408Z</time>
    </trkpt>
    <trkpt lat="42.36307" lon="13.82179">
      <ele>1423.866</ele>
      <time>2022-11-24T11:29:31.408Z</time>
    </trkpt>
    <trkpt lat="42.36332" lon="13.82213">
      <ele>1417.62</ele>
      <time>2022-11-24T11:29:31.409Z</time>
    </trkpt>
    <trkpt lat="42.36372" lon="13.82237">
      <ele>1414.792</ele>
      <time>2022-11-24T11:29:31.409Z</time>
    </trkpt>
    <trkpt lat="42.36416" lon="13.82253">
      <ele>1409.049</ele>
      <time>2022-11-24T11:29:31.409Z</time>
    </trkpt>
    <trkpt lat="42.36454" lon="13.82257">
      <ele>1406.409</ele>
      <time>2022-11-24T11:29:31.409Z</time>
    </trkpt>
    <trkpt lat="42.36478" lon="13.82278">
      <ele>1406.13</ele>
      <time>2022-11-24T11:29:31.409Z</time>
    </trkpt>
    <trkpt lat="42.36481" lon="13.82312">
      <ele>1409.215</ele>
      <time>2022-11-24T11:29:31.409Z</time>
    </trkpt>
    <trkpt lat="42.36482" lon="13.82386">
      <ele>1405.348</ele>
      <time>2022-11-24T11:29:31.409Z</time>
    </trkpt>
    <trkpt lat="42.36496" lon="13.82439">
      <ele>1399.14</ele>
      <time>2022-11-24T11:29:31.409Z</time>
    </trkpt>
    <trkpt lat="42.36522" lon="13.82506">
      <ele>1390.262</ele>
      <time>2022-11-24T11:29:31.409Z</time>
    </trkpt>
    <trkpt lat="42.36542" lon="13.82578">
      <ele>1386.291</ele>
      <time>2022-11-24T11:29:31.041Z</time>
    </trkpt>
    <trkpt lat="42.36595" lon="13.82745">
      <ele>1374.98</ele>
      <time>2022-11-24T11:29:31.041Z</time>
    </trkpt>
    <trkpt lat="42.3662" lon="13.82812">
      <ele>1368.95</ele>
      <time>2022-11-24T11:29:31.041Z</time>
    </trkpt>
    <trkpt lat="42.36646" lon="13.82851">
      <ele>1365.17</ele>
      <time>2022-11-24T11:29:31.041Z</time>
    </trkpt>
    <trkpt lat="42.36685" lon="13.82884">
      <ele>1362.556</ele>
      <time>2022-11-24T11:29:31.041Z</time>
    </trkpt>
    <trkpt lat="42.36728" lon="13.82918">
      <ele>1360.932</ele>
      <time>2022-11-24T11:29:31.041Z</time>
    </trkpt>
    <trkpt lat="42.36771" lon="13.82938">
      <ele>1365.426</ele>
      <time>2022-11-24T11:29:31.041Z</time>
    </trkpt>
    <trkpt lat="42.36793" lon="13.82969">
      <ele>1358.65</ele>
      <time>2022-11-24T11:29:31.411Z</time>
    </trkpt>
    <trkpt lat="42.3685" lon="13.82994">
      <ele>1358.608</ele>
      <time>2022-11-24T11:29:31.411Z</time>
    </trkpt>
    <trkpt lat="42.36875" lon="13.83001">
      <ele>1359.194</ele>
      <time>2022-11-24T11:29:31.411Z</time>
    </trkpt>
    <trkpt lat="42.36937" lon="13.83067">
      <ele>1351.361</ele>
      <time>2022-11-24T11:29:31.411Z</time>
    </trkpt>
    <trkpt lat="42.36956" lon="13.83098">
      <ele>1350.244</ele>
      <time>2022-11-24T11:29:31.411Z</time>
    </trkpt>
    <trkpt lat="42.36984" lon="13.83118">
      <ele>1349.65</ele>
      <time>2022-11-24T11:29:31.411Z</time>
    </trkpt>
    <trkpt lat="42.37173" lon="13.83195">
      <ele>1342.593</ele>
      <time>2022-11-24T11:29:31.411Z</time>
    </trkpt>
    <trkpt lat="42.37173" lon="13.83217">
      <ele>1338.994</ele>
      <time>2022-11-24T11:29:31.411Z</time>
    </trkpt>
    <trkpt lat="42.37186" lon="13.83256">
      <ele>1335.531</ele>
      <time>2022-11-24T11:29:31.412Z</time>
    </trkpt>
    <trkpt lat="42.37217" lon="13.83278">
      <ele>1335.375</ele>
      <time>2022-11-24T11:29:31.412Z</time>
    </trkpt>
    <trkpt lat="42.37217" lon="13.83278">
      <ele>1335.375</ele>
      <time>2022-11-24T11:29:31.412Z</time>
    </trkpt>
    <trkpt lat="42.37247" lon="13.83297">
      <ele>1329.915</ele>
      <time>2022-11-24T11:29:31.412Z</time>
    </trkpt>
    <trkpt lat="42.37259" lon="13.83307">
      <ele>1327.416</ele>
      <time>2022-11-24T11:29:31.412Z</time>
    </trkpt>
    <trkpt lat="42.37265" lon="13.83312">
      <ele>1326.3</ele>
      <time>2022-11-24T11:29:31.412Z</time>
    </trkpt>
    <trkpt lat="42.37274" lon="13.83317">
      <ele>1325.076</ele>
      <time>2022-11-24T11:29:31.412Z</time>
    </trkpt>
    <trkpt lat="42.37277" lon="13.83319">
      <ele>1324.608</ele>
      <time>2022-11-24T11:29:31.413Z</time>
    </trkpt>
    <trkpt lat="42.37285" lon="13.83329">
      <ele>1322.0</ele>
      <time>2022-11-24T11:29:31.413Z</time>
    </trkpt>
    <trkpt lat="42.37294" lon="13.83336">
      <ele>1319.864</ele>
      <time>2022-11-24T11:29:31.413Z</time>
    </trkpt>
    <trkpt lat="42.37304" lon="13.83343">
      <ele>1317.776</ele>
      <time>2022-11-24T11:29:31.413Z</time>
    </trkpt>
    <trkpt lat="42.37315" lon="13.8335">
      <ele>1315.784</ele>
      <time>2022-11-24T11:29:31.413Z</time>
    </trkpt>
    <trkpt lat="42.37325" lon="13.83359">
      <ele>1313.851</ele>
      <time>2022-11-24T11:29:31.413Z</time>
    </trkpt>
    <trkpt lat="42.37335" lon="13.83366">
      <ele>1312.359</ele>
      <time>2022-11-24T11:29:31.413Z</time>
    </trkpt>
    <trkpt lat="42.37343" lon="13.83369">
      <ele>1310.791</ele>
      <time>2022-11-24T11:29:31.413Z</time>
    </trkpt>
    <trkpt lat="42.37352" lon="13.83376">
      <ele>1308.928</ele>
      <time>2022-11-24T11:29:31.414Z</time>
    </trkpt>
    <trkpt lat="42.37359" lon="13.83381">
      <ele>1307.61</ele>
      <time>2022-11-24T11:29:31.414Z</time>
    </trkpt>
    <trkpt lat="42.37366" lon="13.83387">
      <ele>1306.188</ele>
      <time>2022-11-24T11:29:31.414Z</time>
    </trkpt>
    <trkpt lat="42.37373" lon="13.8339">
      <ele>1304.837</ele>
      <time>2022-11-24T11:29:31.414Z</time>
    </trkpt>
    <trkpt lat="42.37378" lon="13.83395">
      <ele>1303.874</ele>
      <time>2022-11-24T11:29:31.414Z</time>
    </trkpt>
    <trkpt lat="42.3738" lon="13.83401">
      <ele>1303.46</ele>
      <time>2022-11-24T11:29:31.414Z</time>
    </trkpt>
    <trkpt lat="42.37383" lon="13.83411">
      <ele>1302.891</ele>
      <time>2022-11-24T11:29:31.414Z</time>
    </trkpt>
    <trkpt lat="42.37389" lon="13.8342">
      <ele>1302.097</ele>
      <time>2022-11-24T11:29:31.414Z</time>
    </trkpt>
    <trkpt lat="42.37394" lon="13.83426">
      <ele>1301.356</ele>
      <time>2022-11-24T11:29:31.415Z</time>
    </trkpt>
    <trkpt lat="42.37402" lon="13.83433">
      <ele>1300.311</ele>
      <time>2022-11-24T11:29:31.415Z</time>
    </trkpt>
    <trkpt lat="42.37408" lon="13.83439">
      <ele>1299.782</ele>
      <time>2022-11-24T11:29:31.415Z</time>
    </trkpt>
    <trkpt lat="42.37413" lon="13.83443">
      <ele>1299.386</ele>
      <time>2022-11-24T11:29:31.415Z</time>
    </trkpt>
    <trkpt lat="42.37419" lon="13.83445">
      <ele>1298.618</ele>
      <time>2022-11-24T11:29:31.415Z</time>
    </trkpt>
    <trkpt lat="42.37426" lon="13.83444">
      <ele>1297.283</ele>
      <time>2022-11-24T11:29:31.415Z</time>
    </trkpt>
    <trkpt lat="42.37432" lon="13.83443">
      <ele>1296.141</ele>
      <time>2022-11-24T11:29:31.415Z</time>
    </trkpt>
    <trkpt lat="42.37439" lon="13.8344">
      <ele>1294.757</ele>
      <time>2022-11-24T11:29:31.415Z</time>
    </trkpt>
    <trkpt lat="42.37444" lon="13.83438">
      <ele>1293.841</ele>
      <time>2022-11-24T11:29:31.416Z</time>
    </trkpt>
    <trkpt lat="42.37449" lon="13.83439">
      <ele>1292.656</ele>
      <time>2022-11-24T11:29:31.416Z</time>
    </trkpt>
    <trkpt lat="42.37455" lon="13.83438">
      <ele>1291.108</ele>
      <time>2022-11-24T11:29:31.416Z</time>
    </trkpt>
    <trkpt lat="42.37462" lon="13.83437">
      <ele>1289.308</ele>
      <time>2022-11-24T11:29:31.416Z</time>
    </trkpt>
    <trkpt lat="42.37467" lon="13.83436">
      <ele>1288.012</ele>
      <time>2022-11-24T11:29:31.417Z</time>
    </trkpt>
    <trkpt lat="42.37474" lon="13.83433">
      <ele>1286.257</ele>
      <time>2022-11-24T11:29:31.417Z</time>
    </trkpt>
    <trkpt lat="42.3748" lon="13.8343">
      <ele>1285.091</ele>
      <time>2022-11-24T11:29:31.417Z</time>
    </trkpt>
    <trkpt lat="42.37489" lon="13.83428">
      <ele>1283.499</ele>
      <time>2022-11-24T11:29:31.417Z</time>
    </trkpt>
    <trkpt lat="42.37495" lon="13.83425">
      <ele>1282.528</ele>
      <time>2022-11-24T11:29:31.417Z</time>
    </trkpt>
    <trkpt lat="42.37503" lon="13.83424">
      <ele>1281.247</ele>
      <time>2022-11-24T11:29:31.417Z</time>
    </trkpt>
    <trkpt lat="42.37508" lon="13.83424">
      <ele>1280.432</ele>
      <time>2022-11-24T11:29:31.417Z</time>
    </trkpt>
    <trkpt lat="42.37513" lon="13.83428">
      <ele>1279.338</ele>
      <time>2022-11-24T11:29:31.417Z</time>
    </trkpt>
    <trkpt lat="42.37517" lon="13.83434">
      <ele>1278.164</ele>
      <time>2022-11-24T11:29:31.418Z</time>
    </trkpt>
    <trkpt lat="42.3752" lon="13.83441">
      <ele>1276.983</ele>
      <time>2022-11-24T11:29:31.418Z</time>
    </trkpt>
    <trkpt lat="42.37523" lon="13.83445">
      <ele>1276.222</ele>
      <time>2022-11-24T11:29:31.418Z</time>
    </trkpt>
    <trkpt lat="42.37525" lon="13.83448">
      <ele>1276.842</ele>
      <time>2022-11-24T11:29:31.418Z</time>
    </trkpt>
    <trkpt lat="42.37528" lon="13.83455">
      <ele>1278.747</ele>
      <time>2022-11-24T11:29:31.418Z</time>
    </trkpt>
    <trkpt lat="42.37532" lon="13.83455">
      <ele>1277.794</ele>
      <time>2022-11-24T11:29:31.418Z</time>
    </trkpt>
    <trkpt lat="42.37538" lon="13.83451">
      <ele>1274.871</ele>
      <time>2022-11-24T11:29:31.418Z</time>
    </trkpt>
    <trkpt lat="42.37542" lon="13.8345">
      <ele>1273.518</ele>
      <time>2022-11-24T11:29:31.418Z</time>
    </trkpt>
    <trkpt lat="42.37547" lon="13.83452">
      <ele>1273.064</ele>
      <time>2022-11-24T11:29:31.419Z</time>
    </trkpt>
    <trkpt lat="42.37551" lon="13.83456">
      <ele>1273.656</ele>
      <time>2022-11-24T11:29:31.419Z</time>
    </trkpt>
    <trkpt lat="42.37557" lon="13.83459">
      <ele>1273.373</ele>
      <time>2022-11-24T11:29:31.419Z</time>
    </trkpt>
    <trkpt lat="42.37562" lon="13.83459">
      <ele>1272.018</ele>
      <time>2022-11-24T11:29:31.419Z</time>
    </trkpt>
    <trkpt lat="42.37565" lon="13.83463">
      <ele>1272.741</ele>
      <time>2022-11-24T11:29:31.419Z</time>
    </trkpt>
    <trkpt lat="42.37567" lon="13.83469">
      <ele>1274.476</ele>
      <time>2022-11-24T11:29:31.419Z</time>
    </trkpt>
    <trkpt lat="42.37569" lon="13.83476">
      <ele>1276.628</ele>
      <time>2022-11-24T11:29:31.419Z</time>
    </trkpt>
    <trkpt lat="42.37571" lon="13.83483">
      <ele>1278.777</ele>
      <time>2022-11-24T11:29:31.419Z</time>
    </trkpt>
    <trkpt lat="42.37574" lon="13.83486">
      <ele>1278.981</ele>
      <time>2022-11-24T11:29:31.042Z</time>
    </trkpt>
    <trkpt lat="42.37578" lon="13.83489">
      <ele>1278.808</ele>
      <time>2022-11-24T11:29:31.042Z</time>
    </trkpt>
    <trkpt lat="42.37582" lon="13.83493">
      <ele>1278.936</ele>
      <time>2022-11-24T11:29:31.042Z</time>
    </trkpt>
    <trkpt lat="42.37587" lon="13.83497">
      <ele>1278.511</ele>
      <time>2022-11-24T11:29:31.042Z</time>
    </trkpt>
    <trkpt lat="42.37593" lon="13.83501">
      <ele>1277.473</ele>
      <time>2022-11-24T11:29:31.042Z</time>
    </trkpt>
    <trkpt lat="42.37597" lon="13.83502">
      <ele>1276.199</ele>
      <time>2022-11-24T11:29:31.042Z</time>
    </trkpt>
    <trkpt lat="42.37603" lon="13.83506">
      <ele>1275.093</ele>
      <time>2022-11-24T11:29:31.042Z</time>
    </trkpt>
    <trkpt lat="42.37609" lon="13.83512">
      <ele>1274.691</ele>
      <time>2022-11-24T11:29:31.042Z</time>
    </trkpt>
    <trkpt lat="42.37613" lon="13.83517">
      <ele>1274.949</ele>
      <time>2022-11-24T11:29:31.421Z</time>
    </trkpt>
    <trkpt lat="42.37616" lon="13.83521">
      <ele>1275.306</ele>
      <time>2022-11-24T11:29:31.421Z</time>
    </trkpt>
    <trkpt lat="42.37623" lon="13.83526">
      <ele>1274.627</ele>
      <time>2022-11-24T11:29:31.421Z</time>
    </trkpt>
    <trkpt lat="42.37629" lon="13.8353">
      <ele>1273.032</ele>
      <time>2022-11-24T11:29:31.421Z</time>
    </trkpt>
    <trkpt lat="42.37632" lon="13.83534">
      <ele>1271.556</ele>
      <time>2022-11-24T11:29:31.421Z</time>
    </trkpt>
    <trkpt lat="42.37636" lon="13.83538">
      <ele>1269.402</ele>
      <time>2022-11-24T11:29:31.421Z</time>
    </trkpt>
    <trkpt lat="42.37638" lon="13.83544">
      <ele>1267.518</ele>
      <time>2022-11-24T11:29:31.421Z</time>
    </trkpt>
    <trkpt lat="42.37635" lon="13.83556">
      <ele>1267.364</ele>
      <time>2022-11-24T11:29:31.421Z</time>
    </trkpt>
    <trkpt lat="42.37634" lon="13.83566">
      <ele>1267.616</ele>
      <time>2022-11-24T11:29:31.421Z</time>
    </trkpt>
    <trkpt lat="42.37632" lon="13.83576">
      <ele>1268.48</ele>
      <time>2022-11-24T11:29:31.422Z</time>
    </trkpt>
    <trkpt lat="42.37632" lon="13.83583">
      <ele>1268.228</ele>
      <time>2022-11-24T11:29:31.422Z</time>
    </trkpt>
    <trkpt lat="42.3763" lon="13.83591">
      <ele>1269.352</ele>
      <time>2022-11-24T11:29:31.422Z</time>
    </trkpt>
    <trkpt lat="42.3763" lon="13.83599">
      <ele>1269.26</ele>
      <time>2022-11-24T11:29:31.422Z</time>
    </trkpt>
    <trkpt lat="42.37633" lon="13.83606">
      <ele>1267.431</ele>
      <time>2022-11-24T11:29:31.422Z</time>
    </trkpt>
    <trkpt lat="42.37638" lon="13.83614">
      <ele>1264.817</ele>
      <time>2022-11-24T11:29:31.422Z</time>
    </trkpt>
    <trkpt lat="42.37641" lon="13.83621">
      <ele>1263.781</ele>
      <time>2022-11-24T11:29:31.422Z</time>
    </trkpt>
    <trkpt lat="42.37643" lon="13.8363">
      <ele>1263.678</ele>
      <time>2022-11-24T11:29:31.423Z</time>
    </trkpt>
    <trkpt lat="42.37647" lon="13.83635">
      <ele>1262.077</ele>
      <time>2022-11-24T11:29:31.423Z</time>
    </trkpt>
    <trkpt lat="42.37651" lon="13.8364">
      <ele>1260.7</ele>
      <time>2022-11-24T11:29:31.423Z</time>
    </trkpt>
    <trkpt lat="42.37659" lon="13.83646">
      <ele>1257.676</ele>
      <time>2022-11-24T11:29:31.423Z</time>
    </trkpt>
    <trkpt lat="42.37663" lon="13.83654">
      <ele>1257.244</ele>
      <time>2022-11-24T11:29:31.423Z</time>
    </trkpt>
    <trkpt lat="42.37668" lon="13.83659">
      <ele>1255.397</ele>
      <time>2022-11-24T11:29:31.423Z</time>
    </trkpt>
    <trkpt lat="42.3767" lon="13.83668">
      <ele>1255.738</ele>
      <time>2022-11-24T11:29:31.423Z</time>
    </trkpt>
    <trkpt lat="42.37675" lon="13.83676">
      <ele>1252.907</ele>
      <time>2022-11-24T11:29:31.424Z</time>
    </trkpt>
    <trkpt lat="42.3768" lon="13.83687">
      <ele>1250.245</ele>
      <time>2022-11-24T11:29:31.424Z</time>
    </trkpt>
    <trkpt lat="42.37683" lon="13.83696">
      <ele>1248.787</ele>
      <time>2022-11-24T11:29:31.424Z</time>
    </trkpt>
    <trkpt lat="42.37686" lon="13.83705">
      <ele>1247.26</ele>
      <time>2022-11-24T11:29:31.424Z</time>
    </trkpt>
    <trkpt lat="42.37687" lon="13.83715">
      <ele>1247.306</ele>
      <time>2022-11-24T11:29:31.424Z</time>
    </trkpt>
    <trkpt lat="42.37689" lon="13.83725">
      <ele>1246.292</ele>
      <time>2022-11-24T11:29:31.424Z</time>
    </trkpt>
    <trkpt lat="42.37693" lon="13.83732">
      <ele>1243.126</ele>
      <time>2022-11-24T11:29:31.425Z</time>
    </trkpt>
    <trkpt lat="42.37695" lon="13.83741">
      <ele>1241.6</ele>
      <time>2022-11-24T11:29:31.425Z</time>
    </trkpt>
    <trkpt lat="42.37695" lon="13.83752">
      <ele>1241.457</ele>
      <time>2022-11-24T11:29:31.425Z</time>
    </trkpt>
    <trkpt lat="42.37697" lon="13.83764">
      <ele>1239.198</ele>
      <time>2022-11-24T11:29:31.425Z</time>
    </trkpt>
    <trkpt lat="42.377" lon="13.83773">
      <ele>1236.51</ele>
      <time>2022-11-24T11:29:31.425Z</time>
    </trkpt>
    <trkpt lat="42.37704" lon="13.83785">
      <ele>1232.944</ele>
      <time>2022-11-24T11:29:31.425Z</time>
    </trkpt>
    <trkpt lat="42.37708" lon="13.83797">
      <ele>1229.344</ele>
      <time>2022-11-24T11:29:31.425Z</time>
    </trkpt>
    <trkpt lat="42.37713" lon="13.8381">
      <ele>1224.722</ele>
      <time>2022-11-24T11:29:31.425Z</time>
    </trkpt>
    <trkpt lat="42.37713" lon="13.83823">
      <ele>1223.007</ele>
      <time>2022-11-24T11:29:31.426Z</time>
    </trkpt>
    <trkpt lat="42.37714" lon="13.83833">
      <ele>1221.075</ele>
      <time>2022-11-24T11:29:31.426Z</time>
    </trkpt>
    <trkpt lat="42.37717" lon="13.83845">
      <ele>1217.857</ele>
      <time>2022-11-24T11:29:31.426Z</time>
    </trkpt>
    <trkpt lat="42.37721" lon="13.83855">
      <ele>1214.374</ele>
      <time>2022-11-24T11:29:31.426Z</time>
    </trkpt>
    <trkpt lat="42.37727" lon="13.83868">
      <ele>1210.483</ele>
      <time>2022-11-24T11:29:31.426Z</time>
    </trkpt>
    <trkpt lat="42.37728" lon="13.83877">
      <ele>1209.479</ele>
      <time>2022-11-24T11:29:31.426Z</time>
    </trkpt>
    <trkpt lat="42.37733" lon="13.83888">
      <ele>1206.784</ele>
      <time>2022-11-24T11:29:31.426Z</time>
    </trkpt>
    <trkpt lat="42.37738" lon="13.83898">
      <ele>1203.44</ele>
      <time>2022-11-24T11:29:31.427Z</time>
    </trkpt>
    <trkpt lat="42.37742" lon="13.83905">
      <ele>1200.848</ele>
      <time>2022-11-24T11:29:31.427Z</time>
    </trkpt>
    <trkpt lat="42.37747" lon="13.83911">
      <ele>1198.004</ele>
      <time>2022-11-24T11:29:31.427Z</time>
    </trkpt>
    <trkpt lat="42.37752" lon="13.8392">
      <ele>1194.839</ele>
      <time>2022-11-24T11:29:31.427Z</time>
    </trkpt>
    <trkpt lat="42.37758" lon="13.83923">
      <ele>1192.082</ele>
      <time>2022-11-24T11:29:31.427Z</time>
    </trkpt>
    <trkpt lat="42.37763" lon="13.8392">
      <ele>1190.436</ele>
      <time>2022-11-24T11:29:31.427Z</time>
    </trkpt>
    <trkpt lat="42.37768" lon="13.83917">
      <ele>1188.828</ele>
      <time>2022-11-24T11:29:31.427Z</time>
    </trkpt>
    <trkpt lat="42.37773" lon="13.83914">
      <ele>1187.038</ele>
      <time>2022-11-24T11:29:31.427Z</time>
    </trkpt>
    <trkpt lat="42.37777" lon="13.8391">
      <ele>1185.568</ele>
      <time>2022-11-24T11:29:31.428Z</time>
    </trkpt>
    <trkpt lat="42.37779" lon="13.83904">
      <ele>1184.932</ele>
      <time>2022-11-24T11:29:31.428Z</time>
    </trkpt>
    <trkpt lat="42.37779" lon="13.83896">
      <ele>1185.195</ele>
      <time>2022-11-24T11:29:31.428Z</time>
    </trkpt>
    <trkpt lat="42.37783" lon="13.83891">
      <ele>1183.509</ele>
      <time>2022-11-24T11:29:31.428Z</time>
    </trkpt>
    <trkpt lat="42.37786" lon="13.83882">
      <ele>1182.005</ele>
      <time>2022-11-24T11:29:31.428Z</time>
    </trkpt>
    <trkpt lat="42.37789" lon="13.83873">
      <ele>1180.286</ele>
      <time>2022-11-24T11:29:31.428Z</time>
    </trkpt>
    <trkpt lat="42.37792" lon="13.83866">
      <ele>1178.5</ele>
      <time>2022-11-24T11:29:31.428Z</time>
    </trkpt>
    <trkpt lat="42.37796" lon="13.83857">
      <ele>1176.012</ele>
      <time>2022-11-24T11:29:31.429Z</time>
    </trkpt>
    <trkpt lat="42.37798" lon="13.83848">
      <ele>1174.608</ele>
      <time>2022-11-24T11:29:31.429Z</time>
    </trkpt>
    <trkpt lat="42.37801" lon="13.83841">
      <ele>1172.736</ele>
      <time>2022-11-24T11:29:31.429Z</time>
    </trkpt>
    <trkpt lat="42.37803" lon="13.8383">
      <ele>1171.282</ele>
      <time>2022-11-24T11:29:31.429Z</time>
    </trkpt>
    <trkpt lat="42.37805" lon="13.83821">
      <ele>1169.874</ele>
      <time>2022-11-24T11:29:31.429Z</time>
    </trkpt>
    <trkpt lat="42.37807" lon="13.8381">
      <ele>1168.284</ele>
      <time>2022-11-24T11:29:31.043Z</time>
    </trkpt>
    <trkpt lat="42.37809" lon="13.83804">
      <ele>1166.885</ele>
      <time>2022-11-24T11:29:31.043Z</time>
    </trkpt>
    <trkpt lat="42.37813" lon="13.83796">
      <ele>1164.352</ele>
      <time>2022-11-24T11:29:31.043Z</time>
    </trkpt>
    <trkpt lat="42.37815" lon="13.83786">
      <ele>1162.981</ele>
      <time>2022-11-24T11:29:31.043Z</time>
    </trkpt>
    <trkpt lat="42.37818" lon="13.83776">
      <ele>1160.936</ele>
      <time>2022-11-24T11:29:31.043Z</time>
    </trkpt>
    <trkpt lat="42.37821" lon="13.83767">
      <ele>1158.992</ele>
      <time>2022-11-24T11:29:31.043Z</time>
    </trkpt>
    <trkpt lat="42.37826" lon="13.83761">
      <ele>1155.752</ele>
      <time>2022-11-24T11:29:31.043Z</time>
    </trkpt>
    <trkpt lat="42.3783" lon="13.83751">
      <ele>1153.16</ele>
      <time>2022-11-24T11:29:31.431Z</time>
    </trkpt>
    <trkpt lat="42.37836" lon="13.83745">
      <ele>1149.656</ele>
      <time>2022-11-24T11:29:31.431Z</time>
    </trkpt>
    <trkpt lat="42.37843" lon="13.83733">
      <ele>1146.128</ele>
      <time>2022-11-24T11:29:31.431Z</time>
    </trkpt>
    <trkpt lat="42.37847" lon="13.83726">
      <ele>1144.112</ele>
      <time>2022-11-24T11:29:31.431Z</time>
    </trkpt>
    <trkpt lat="42.37851" lon="13.83718">
      <ele>1142.096</ele>
      <time>2022-11-24T11:29:31.431Z</time>
    </trkpt>
    <trkpt lat="42.37856" lon="13.83711">
      <ele>1139.576</ele>
      <time>2022-11-24T11:29:31.431Z</time>
    </trkpt>
    <trkpt lat="42.37864" lon="13.83703">
      <ele>1135.336</ele>
      <time>2022-11-24T11:29:31.431Z</time>
    </trkpt>
    <trkpt lat="42.37868" lon="13.83695">
      <ele>1133.032</ele>
      <time>2022-11-24T11:29:31.431Z</time>
    </trkpt>
    <trkpt lat="42.37875" lon="13.83686">
      <ele>1128.544</ele>
      <time>2022-11-24T11:29:31.432Z</time>
    </trkpt>
    <trkpt lat="42.37882" lon="13.8368">
      <ele>1124.057</ele>
      <time>2022-11-24T11:29:31.432Z</time>
    </trkpt>
    <trkpt lat="42.37886" lon="13.83675">
      <ele>1121.337</ele>
      <time>2022-11-24T11:29:31.432Z</time>
    </trkpt>
    <trkpt lat="42.37891" lon="13.83663">
      <ele>1117.448</ele>
      <time>2022-11-24T11:29:31.432Z</time>
    </trkpt>
    <trkpt lat="42.37896" lon="13.83652">
      <ele>1114.131</ele>
      <time>2022-11-24T11:29:31.432Z</time>
    </trkpt>
    <trkpt lat="42.37897" lon="13.83646">
      <ele>1113.399</ele>
      <time>2022-11-24T11:29:31.432Z</time>
    </trkpt>
    <trkpt lat="42.37897" lon="13.83643">
      <ele>1113.265</ele>
      <time>2022-11-24T11:29:31.432Z</time>
    </trkpt>
    <trkpt lat="42.37897" lon="13.83641">
      <ele>1113.175</ele>
      <time>2022-11-24T11:29:31.432Z</time>
    </trkpt>
    <trkpt lat="42.37899" lon="13.83641">
      <ele>1112.422</ele>
      <time>2022-11-24T11:29:31.433Z</time>
    </trkpt>
    <trkpt lat="42.379" lon="13.83641">
      <ele>1112.046</ele>
      <time>2022-11-24T11:29:31.433Z</time>
    </trkpt>
    <trkpt lat="42.37902" lon="13.8364">
      <ele>1111.287</ele>
      <time>2022-11-24T11:29:31.433Z</time>
    </trkpt>
    <trkpt lat="42.37904" lon="13.8364">
      <ele>1110.549</ele>
      <time>2022-11-24T11:29:31.433Z</time>
    </trkpt>
    <trkpt lat="42.37905" lon="13.83639">
      <ele>1110.198</ele>
      <time>2022-11-24T11:29:31.433Z</time>
    </trkpt>
    <trkpt lat="42.37908" lon="13.83639">
      <ele>1109.115</ele>
      <time>2022-11-24T11:29:31.433Z</time>
    </trkpt>
    <trkpt lat="42.3791" lon="13.83639">
      <ele>1108.394</ele>
      <time>2022-11-24T11:29:31.433Z</time>
    </trkpt>
    <trkpt lat="42.37912" lon="13.83638">
      <ele>1107.802</ele>
      <time>2022-11-24T11:29:31.434Z</time>
    </trkpt>
    <trkpt lat="42.37914" lon="13.83637">
      <ele>1107.254</ele>
      <time>2022-11-24T11:29:31.434Z</time>
    </trkpt>
    <trkpt lat="42.37917" lon="13.83636">
      <ele>1106.46</ele>
      <time>2022-11-24T11:29:31.434Z</time>
    </trkpt>
    <trkpt lat="42.37919" lon="13.83635">
      <ele>1106.28</ele>
      <time>2022-11-24T11:29:31.434Z</time>
    </trkpt>
    <trkpt lat="42.37921" lon="13.83635">
      <ele>1105.92</ele>
      <time>2022-11-24T11:29:31.434Z</time>
    </trkpt>
    <trkpt lat="42.37923" lon="13.83634">
      <ele>1105.74</ele>
      <time>2022-11-24T11:29:31.434Z</time>
    </trkpt>
    <trkpt lat="42.37926" lon="13.83633">
      <ele>1105.38</ele>
      <time>2022-11-24T11:29:31.434Z</time>
    </trkpt>
    <trkpt lat="42.37928" lon="13.83633">
      <ele>1105.02</ele>
      <time>2022-11-24T11:29:31.434Z</time>
    </trkpt>
    <trkpt lat="42.37931" lon="13.83632">
      <ele>1104.66</ele>
      <time>2022-11-24T11:29:31.434Z</time>
    </trkpt>
    <trkpt lat="42.37934" lon="13.83632">
      <ele>1104.12</ele>
      <time>2022-11-24T11:29:31.435Z</time>
    </trkpt>
    <trkpt lat="42.37937" lon="13.83631">
      <ele>1103.76</ele>
      <time>2022-11-24T11:29:31.435Z</time>
    </trkpt>
    <trkpt lat="42.37939" lon="13.8363">
      <ele>1103.58</ele>
      <time>2022-11-24T11:29:31.435Z</time>
    </trkpt>
    <trkpt lat="42.37943" lon="13.8363">
      <ele>1102.86</ele>
      <time>2022-11-24T11:29:31.435Z</time>
    </trkpt>
    <trkpt lat="42.37946" lon="13.83628">
      <ele>1102.58</ele>
      <time>2022-11-24T11:29:31.435Z</time>
    </trkpt>
    <trkpt lat="42.37951" lon="13.83627">
      <ele>1101.522</ele>
      <time>2022-11-24T11:29:31.435Z</time>
    </trkpt>
    <trkpt lat="42.37955" lon="13.83625">
      <ele>1100.84</ele>
      <time>2022-11-24T11:29:31.435Z</time>
    </trkpt>
    <trkpt lat="42.3796" lon="13.83625">
      <ele>1099.58</ele>
      <time>2022-11-24T11:29:31.435Z</time>
    </trkpt>
    <trkpt lat="42.37965" lon="13.83624">
      <ele>1098.447</ele>
      <time>2022-11-24T11:29:31.436Z</time>
    </trkpt>
    <trkpt lat="42.37969" lon="13.83624">
      <ele>1097.428</ele>
      <time>2022-11-24T11:29:31.436Z</time>
    </trkpt>
    <trkpt lat="42.37975" lon="13.83623">
      <ele>1096.316</ele>
      <time>2022-11-24T11:29:31.436Z</time>
    </trkpt>
    <trkpt lat="42.37981" lon="13.83624">
      <ele>1095.344</ele>
      <time>2022-11-24T11:29:31.436Z</time>
    </trkpt>
    <trkpt lat="42.37986" lon="13.83624">
      <ele>1094.624</ele>
      <time>2022-11-24T11:29:31.436Z</time>
    </trkpt>
    <trkpt lat="42.37992" lon="13.83624">
      <ele>1093.76</ele>
      <time>2022-11-24T11:29:31.436Z</time>
    </trkpt>
    <trkpt lat="42.37998" lon="13.83623">
      <ele>1093.004</ele>
      <time>2022-11-24T11:29:31.436Z</time>
    </trkpt>
    <trkpt lat="42.38004" lon="13.83623">
      <ele>1092.798</ele>
      <time>2022-11-24T11:29:31.436Z</time>
    </trkpt>
    <trkpt lat="42.38008" lon="13.83622">
      <ele>1092.999</ele>
      <time>2022-11-24T11:29:31.437Z</time>
    </trkpt>
    <trkpt lat="42.38012" lon="13.83622">
      <ele>1093.087</ele>
      <time>2022-11-24T11:29:31.437Z</time>
    </trkpt>
    <trkpt lat="42.38018" lon="13.83622">
      <ele>1093.218</ele>
      <time>2022-11-24T11:29:31.437Z</time>
    </trkpt>
    <trkpt lat="42.38023" lon="13.83621">
      <ele>1093.465</ele>
      <time>2022-11-24T11:29:31.437Z</time>
    </trkpt>
    <trkpt lat="42.38029" lon="13.8362">
      <ele>1093.764</ele>
      <time>2022-11-24T11:29:31.437Z</time>
    </trkpt>
    <trkpt lat="42.38034" lon="13.83619">
      <ele>1094.088</ele>
      <time>2022-11-24T11:29:31.437Z</time>
    </trkpt>
    <trkpt lat="42.3804" lon="13.83618">
      <ele>1094.448</ele>
      <time>2022-11-24T11:29:31.437Z</time>
    </trkpt>
    <trkpt lat="42.38046" lon="13.83616">
      <ele>1094.952</ele>
      <time>2022-11-24T11:29:31.437Z</time>
    </trkpt>
    <trkpt lat="42.38051" lon="13.83615">
      <ele>1095.276</ele>
      <time>2022-11-24T11:29:31.438Z</time>
    </trkpt>
    <trkpt lat="42.38054" lon="13.83612">
      <ele>1095.816</ele>
      <time>2022-11-24T11:29:31.438Z</time>
    </trkpt>
    <trkpt lat="42.38059" lon="13.83609">
      <ele>1096.104</ele>
      <time>2022-11-24T11:29:31.438Z</time>
    </trkpt>
    <trkpt lat="42.38064" lon="13.83608">
      <ele>1096.032</ele>
      <time>2022-11-24T11:29:31.438Z</time>
    </trkpt>
    <trkpt lat="42.3807" lon="13.83608">
      <ele>1095.816</ele>
      <time>2022-11-24T11:29:31.438Z</time>
    </trkpt>
    <trkpt lat="42.38075" lon="13.8361">
      <ele>1095.42</ele>
      <time>2022-11-24T11:29:31.438Z</time>
    </trkpt>
    <trkpt lat="42.38079" lon="13.83612">
      <ele>1095.055</ele>
      <time>2022-11-24T11:29:31.438Z</time>
    </trkpt>
    <trkpt lat="42.38083" lon="13.83614">
      <ele>1094.699</ele>
      <time>2022-11-24T11:29:31.438Z</time>
    </trkpt>
    <trkpt lat="42.38089" lon="13.83613">
      <ele>1093.966</ele>
      <time>2022-11-24T11:29:31.439Z</time>
    </trkpt>
    <trkpt lat="42.38091" lon="13.8361">
      <ele>1094.016</ele>
      <time>2022-11-24T11:29:31.439Z</time>
    </trkpt>
    <trkpt lat="42.38095" lon="13.83608">
      <ele>1093.656</ele>
      <time>2022-11-24T11:29:31.439Z</time>
    </trkpt>
    <trkpt lat="42.38099" lon="13.83603">
      <ele>1093.62</ele>
      <time>2022-11-24T11:29:31.439Z</time>
    </trkpt>
    <trkpt lat="42.38104" lon="13.83598">
      <ele>1093.44</ele>
      <time>2022-11-24T11:29:31.439Z</time>
    </trkpt>
    <trkpt lat="42.38108" lon="13.83597">
      <ele>1092.972</ele>
      <time>2022-11-24T11:29:31.439Z</time>
    </trkpt>
    <trkpt lat="42.38113" lon="13.83595">
      <ele>1092.468</ele>
      <time>2022-11-24T11:29:31.439Z</time>
    </trkpt>
    <trkpt lat="42.38119" lon="13.83593">
      <ele>1091.82</ele>
      <time>2022-11-24T11:29:31.439Z</time>
    </trkpt>
    <trkpt lat="42.38124" lon="13.83591">
      <ele>1091.316</ele>
      <time>2022-11-24T11:29:31.044Z</time>
    </trkpt>
    <trkpt lat="42.38131" lon="13.83591">
      <ele>1090.308</ele>
      <time>2022-11-24T11:29:31.044Z</time>
    </trkpt>
    <trkpt lat="42.38136" lon="13.83593">
      <ele>1089.372</ele>
      <time>2022-11-24T11:29:31.044Z</time>
    </trkpt>
    <trkpt lat="42.3814" lon="13.83596">
      <ele>1088.552</ele>
      <time>2022-11-24T11:29:31.044Z</time>
    </trkpt>
    <trkpt lat="42.38145" lon="13.836">
      <ele>1087.76</ele>
      <time>2022-11-24T11:29:31.044Z</time>
    </trkpt>
    <trkpt lat="42.38151" lon="13.83604">
      <ele>1086.896</ele>
      <time>2022-11-24T11:29:31.044Z</time>
    </trkpt>
    <trkpt lat="42.38157" lon="13.83604">
      <ele>1086.464</ele>
      <time>2022-11-24T11:29:31.441Z</time>
    </trkpt>
    <trkpt lat="42.38162" lon="13.83603">
      <ele>1086.212</ele>
      <time>2022-11-24T11:29:31.441Z</time>
    </trkpt>
    <trkpt lat="42.3817" lon="13.83598">
      <ele>1085.936</ele>
      <time>2022-11-24T11:29:31.441Z</time>
    </trkpt>
    <trkpt lat="42.38176" lon="13.83595">
      <ele>1085.396</ele>
      <time>2022-11-24T11:29:31.441Z</time>
    </trkpt>
    <trkpt lat="42.38181" lon="13.83591">
      <ele>1085.108</ele>
      <time>2022-11-24T11:29:31.441Z</time>
    </trkpt>
    <trkpt lat="42.38186" lon="13.83587">
      <ele>1084.82</ele>
      <time>2022-11-24T11:29:31.441Z</time>
    </trkpt>
    <trkpt lat="42.3819" lon="13.83582">
      <ele>1084.792</ele>
      <time>2022-11-24T11:29:31.441Z</time>
    </trkpt>
    <trkpt lat="42.38194" lon="13.83577">
      <ele>1084.752</ele>
      <time>2022-11-24T11:29:31.442Z</time>
    </trkpt>
    <trkpt lat="42.38198" lon="13.83572">
      <ele>1084.764</ele>
      <time>2022-11-24T11:29:31.442Z</time>
    </trkpt>
    <trkpt lat="42.38202" lon="13.83566">
      <ele>1084.954</ele>
      <time>2022-11-24T11:29:31.442Z</time>
    </trkpt>
    <trkpt lat="42.38204" lon="13.8356">
      <ele>1085.433</ele>
      <time>2022-11-24T11:29:31.442Z</time>
    </trkpt>
    <trkpt lat="42.38208" lon="13.83554">
      <ele>1085.733</ele>
      <time>2022-11-24T11:29:31.442Z</time>
    </trkpt>
    <trkpt lat="42.38211" lon="13.83547">
      <ele>1086.26</ele>
      <time>2022-11-24T11:29:31.442Z</time>
    </trkpt>
    <trkpt lat="42.38214" lon="13.83541">
      <ele>1086.615</ele>
      <time>2022-11-24T11:29:31.442Z</time>
    </trkpt>
    <trkpt lat="42.38217" lon="13.83535">
      <ele>1086.923</ele>
      <time>2022-11-24T11:29:31.443Z</time>
    </trkpt>
    <trkpt lat="42.3822" lon="13.83529">
      <ele>1087.184</ele>
      <time>2022-11-24T11:29:31.443Z</time>
    </trkpt>
    <trkpt lat="42.3822" lon="13.83521">
      <ele>1088.072</ele>
      <time>2022-11-24T11:29:31.444Z</time>
    </trkpt>
    <trkpt lat="42.38221" lon="13.83515">
      <ele>1088.576</ele>
      <time>2022-11-24T11:29:31.444Z</time>
    </trkpt>
    <trkpt lat="42.38223" lon="13.8351">
      <ele>1088.783</ele>
      <time>2022-11-24T11:29:31.444Z</time>
    </trkpt>
    <trkpt lat="42.38227" lon="13.83507">
      <ele>1088.553</ele>
      <time>2022-11-24T11:29:31.444Z</time>
    </trkpt>
    <trkpt lat="42.38235" lon="13.83505">
      <ele>1087.878</ele>
      <time>2022-11-24T11:29:31.444Z</time>
    </trkpt>
    <trkpt lat="42.3824" lon="13.83503">
      <ele>1087.843</ele>
      <time>2022-11-24T11:29:31.444Z</time>
    </trkpt>
    <trkpt lat="42.38247" lon="13.83501">
      <ele>1087.851</ele>
      <time>2022-11-24T11:29:31.444Z</time>
    </trkpt>
    <trkpt lat="42.38252" lon="13.83499">
      <ele>1087.352</ele>
      <time>2022-11-24T11:29:31.444Z</time>
    </trkpt>
    <trkpt lat="42.38259" lon="13.83495">
      <ele>1085.156</ele>
      <time>2022-11-24T11:29:31.445Z</time>
    </trkpt>
    <trkpt lat="42.38264" lon="13.8349">
      <ele>1083.896</ele>
      <time>2022-11-24T11:29:31.445Z</time>
    </trkpt>
    <trkpt lat="42.38269" lon="13.83486">
      <ele>1082.492</ele>
      <time>2022-11-24T11:29:31.445Z</time>
    </trkpt>
    <trkpt lat="42.38273" lon="13.83481">
      <ele>1081.628</ele>
      <time>2022-11-24T11:29:31.445Z</time>
    </trkpt>
    <trkpt lat="42.38279" lon="13.83475">
      <ele>1080.164</ele>
      <time>2022-11-24T11:29:31.445Z</time>
    </trkpt>
    <trkpt lat="42.38285" lon="13.83472">
      <ele>1078.408</ele>
      <time>2022-11-24T11:29:31.445Z</time>
    </trkpt>
    <trkpt lat="42.3829" lon="13.83467">
      <ele>1076.788</ele>
      <time>2022-11-24T11:29:31.445Z</time>
    </trkpt>
    <trkpt lat="42.38295" lon="13.83462">
      <ele>1075.168</ele>
      <time>2022-11-24T11:29:31.445Z</time>
    </trkpt>
    <trkpt lat="42.38301" lon="13.83459">
      <ele>1073.116</ele>
      <time>2022-11-24T11:29:31.446Z</time>
    </trkpt>
    <trkpt lat="42.38305" lon="13.83456">
      <ele>1071.784</ele>
      <time>2022-11-24T11:29:31.446Z</time>
    </trkpt>
    <trkpt lat="42.38309" lon="13.83452">
      <ele>1070.702</ele>
      <time>2022-11-24T11:29:31.446Z</time>
    </trkpt>
    <trkpt lat="42.38312" lon="13.83449">
      <ele>1069.942</ele>
      <time>2022-11-24T11:29:31.446Z</time>
    </trkpt>
    <trkpt lat="42.38317" lon="13.83447">
      <ele>1068.574</ele>
      <time>2022-11-24T11:29:31.446Z</time>
    </trkpt>
    <trkpt lat="42.38321" lon="13.83447">
      <ele>1067.409</ele>
      <time>2022-11-24T11:29:31.446Z</time>
    </trkpt>
    <trkpt lat="42.38328" lon="13.83446">
      <ele>1065.435</ele>
      <time>2022-11-24T11:29:31.446Z</time>
    </trkpt>
    <trkpt lat="42.38332" lon="13.83443">
      <ele>1064.431</ele>
      <time>2022-11-24T11:29:31.446Z</time>
    </trkpt>
    <trkpt lat="42.38335" lon="13.83439">
      <ele>1063.944</ele>
      <time>2022-11-24T11:29:31.447Z</time>
    </trkpt>
    <trkpt lat="42.38338" lon="13.83434">
      <ele>1063.641</ele>
      <time>2022-11-24T11:29:31.447Z</time>
    </trkpt>
    <trkpt lat="42.38342" lon="13.83428">
      <ele>1063.159</ele>
      <time>2022-11-24T11:29:31.447Z</time>
    </trkpt>
    <trkpt lat="42.38348" lon="13.83425">
      <ele>1062.218</ele>
      <time>2022-11-24T11:29:31.447Z</time>
    </trkpt>
    <trkpt lat="42.38355" lon="13.83419">
      <ele>1061.082</ele>
      <time>2022-11-24T11:29:31.447Z</time>
    </trkpt>
    <trkpt lat="42.38362" lon="13.83417">
      <ele>1059.966</ele>
      <time>2022-11-24T11:29:31.447Z</time>
    </trkpt>
    <trkpt lat="42.38368" lon="13.83417">
      <ele>1059.74</ele>
      <time>2022-11-24T11:29:31.447Z</time>
    </trkpt>
    <trkpt lat="42.38375" lon="13.8342">
      <ele>1059.26</ele>
      <time>2022-11-24T11:29:31.447Z</time>
    </trkpt>
    <trkpt lat="42.38384" lon="13.83423">
      <ele>1058.425</ele>
      <time>2022-11-24T11:29:31.447Z</time>
    </trkpt>
    <trkpt lat="42.38392" lon="13.83425">
      <ele>1057.688</ele>
      <time>2022-11-24T11:29:31.448Z</time>
    </trkpt>
    <trkpt lat="42.384" lon="13.83425">
      <ele>1057.4</ele>
      <time>2022-11-24T11:29:31.448Z</time>
    </trkpt>
    <trkpt lat="42.38408" lon="13.83428">
      <ele>1056.68</ele>
      <time>2022-11-24T11:29:31.448Z</time>
    </trkpt>
    <trkpt lat="42.38415" lon="13.83433">
      <ele>1055.708</ele>
      <time>2022-11-24T11:29:31.448Z</time>
    </trkpt>
    <trkpt lat="42.3842" lon="13.83438">
      <ele>1055.02</ele>
      <time>2022-11-24T11:29:31.448Z</time>
    </trkpt>
    <trkpt lat="42.38425" lon="13.83445">
      <ele>1054.186</ele>
      <time>2022-11-24T11:29:31.448Z</time>
    </trkpt>
    <trkpt lat="42.38431" lon="13.83451">
      <ele>1053.222</ele>
      <time>2022-11-24T11:29:31.448Z</time>
    </trkpt>
    <trkpt lat="42.38436" lon="13.83456">
      <ele>1052.49</ele>
      <time>2022-11-24T11:29:31.448Z</time>
    </trkpt>
    <trkpt lat="42.3844" lon="13.83462">
      <ele>1051.579</ele>
      <time>2022-11-24T11:29:31.449Z</time>
    </trkpt>
    <trkpt lat="42.38445" lon="13.83467">
      <ele>1050.928</ele>
      <time>2022-11-24T11:29:31.449Z</time>
    </trkpt>
    <trkpt lat="42.38449" lon="13.83472">
      <ele>1049.879</ele>
      <time>2022-11-24T11:29:31.449Z</time>
    </trkpt>
    <trkpt lat="42.38455" lon="13.83476">
      <ele>1048.94</ele>
      <time>2022-11-24T11:29:31.449Z</time>
    </trkpt>
    <trkpt lat="42.38461" lon="13.83481">
      <ele>1047.824</ele>
      <time>2022-11-24T11:29:31.449Z</time>
    </trkpt>
    <trkpt lat="42.38468" lon="13.83486">
      <ele>1046.672</ele>
      <time>2022-11-24T11:29:31.449Z</time>
    </trkpt>
    <trkpt lat="42.38475" lon="13.8349">
      <ele>1045.564</ele>
      <time>2022-11-24T11:29:31.449Z</time>
    </trkpt>
    <trkpt lat="42.38481" lon="13.83493">
      <ele>1044.548</ele>
      <time>2022-11-24T11:29:31.449Z</time>
    </trkpt>
    <trkpt lat="42.38488" lon="13.83498">
      <ele>1043.183</ele>
      <time>2022-11-24T11:29:31.045Z</time>
    </trkpt>
    <trkpt lat="42.38495" lon="13.83503">
      <ele>1041.928</ele>
      <time>2022-11-24T11:29:31.045Z</time>
    </trkpt>
    <trkpt lat="42.38501" lon="13.83507">
      <ele>1040.974</ele>
      <time>2022-11-24T11:29:31.045Z</time>
    </trkpt>
    <trkpt lat="42.38507" lon="13.83514">
      <ele>1039.73</ele>
      <time>2022-11-24T11:29:31.045Z</time>
    </trkpt>
    <trkpt lat="42.38512" lon="13.83518">
      <ele>1038.848</ele>
      <time>2022-11-24T11:29:31.045Z</time>
    </trkpt>
    <trkpt lat="42.38517" lon="13.8352">
      <ele>1038.239</ele>
      <time>2022-11-24T11:29:31.045Z</time>
    </trkpt>
    <trkpt lat="42.38512" lon="13.83521">
      <ele>1038.323</ele>
      <time>2022-11-24T11:29:31.045Z</time>
    </trkpt>
    <trkpt lat="42.38503" lon="13.83529">
      <ele>1037.564</ele>
      <time>2022-11-24T11:29:31.045Z</time>
    </trkpt>
    <trkpt lat="42.38498" lon="13.83536">
      <ele>1036.643</ele>
      <time>2022-11-24T11:29:31.451Z</time>
    </trkpt>
    <trkpt lat="42.38492" lon="13.83542">
      <ele>1035.869</ele>
      <time>2022-11-24T11:29:31.451Z</time>
    </trkpt>
    <trkpt lat="42.38487" lon="13.83548">
      <ele>1034.955</ele>
      <time>2022-11-24T11:29:31.451Z</time>
    </trkpt>
    <trkpt lat="42.38486" lon="13.83554">
      <ele>1033.812</ele>
      <time>2022-11-24T11:29:31.451Z</time>
    </trkpt>
    <trkpt lat="42.38485" lon="13.8356">
      <ele>1032.814</ele>
      <time>2022-11-24T11:29:31.451Z</time>
    </trkpt>
    <trkpt lat="42.38483" lon="13.83573">
      <ele>1030.716</ele>
      <time>2022-11-24T11:29:31.451Z</time>
    </trkpt>
    <trkpt lat="42.38476" lon="13.83584">
      <ele>1028.856</ele>
      <time>2022-11-24T11:29:31.451Z</time>
    </trkpt>
    <trkpt lat="42.38471" lon="13.83591">
      <ele>1027.244</ele>
      <time>2022-11-24T11:29:31.451Z</time>
    </trkpt>
    <trkpt lat="42.38466" lon="13.83603">
      <ele>1024.145</ele>
      <time>2022-11-24T11:29:31.451Z</time>
    </trkpt>
    <trkpt lat="42.38463" lon="13.83614">
      <ele>1021.553</ele>
      <time>2022-11-24T11:29:31.452Z</time>
    </trkpt>
    <trkpt lat="42.38463" lon="13.83627">
      <ele>1019.526</ele>
      <time>2022-11-24T11:29:31.452Z</time>
    </trkpt>
    <trkpt lat="42.38461" lon="13.83635">
      <ele>1018.001</ele>
      <time>2022-11-24T11:29:31.452Z</time>
    </trkpt>
    <trkpt lat="42.3846" lon="13.83641">
      <ele>1016.793</ele>
      <time>2022-11-24T11:29:31.452Z</time>
    </trkpt>
    <trkpt lat="42.38454" lon="13.8365">
      <ele>1013.851</ele>
      <time>2022-11-24T11:29:31.452Z</time>
    </trkpt>
    <trkpt lat="42.38445" lon="13.83655">
      <ele>1011.043</ele>
      <time>2022-11-24T11:29:31.452Z</time>
    </trkpt>
    <trkpt lat="42.38442" lon="13.83668">
      <ele>1007.456</ele>
      <time>2022-11-24T11:29:31.452Z</time>
    </trkpt>
    <trkpt lat="42.38444" lon="13.8368">
      <ele>1006.016</ele>
      <time>2022-11-24T11:29:31.453Z</time>
    </trkpt>
    <trkpt lat="42.38445" lon="13.83693">
      <ele>1004.271</ele>
      <time>2022-11-24T11:29:31.453Z</time>
    </trkpt>
    <trkpt lat="42.38446" lon="13.83695">
      <ele>1004.028</ele>
      <time>2022-11-24T11:29:31.453Z</time>
    </trkpt>
    <trkpt lat="42.3845" lon="13.83703">
      <ele>1002.444</ele>
      <time>2022-11-24T11:29:31.453Z</time>
    </trkpt>
    <trkpt lat="42.38457" lon="13.83711">
      <ele>1001.184</ele>
      <time>2022-11-24T11:29:31.453Z</time>
    </trkpt>
    <trkpt lat="42.38466" lon="13.83721">
      <ele>999.636</ele>
      <time>2022-11-24T11:29:31.453Z</time>
    </trkpt>
    <trkpt lat="42.38468" lon="13.83734">
      <ele>996.216</ele>
      <time>2022-11-24T11:29:31.453Z</time>
    </trkpt>
    <trkpt lat="42.38463" lon="13.83736">
      <ele>995.201</ele>
      <time>2022-11-24T11:29:31.454Z</time>
    </trkpt>
    <trkpt lat="42.38452" lon="13.83743">
      <ele>992.377</ele>
      <time>2022-11-24T11:29:31.454Z</time>
    </trkpt>
    <trkpt lat="42.38446" lon="13.83752">
      <ele>989.68</ele>
      <time>2022-11-24T11:29:31.454Z</time>
    </trkpt>
    <trkpt lat="42.38443" lon="13.83756">
      <ele>988.496</ele>
      <time>2022-11-24T11:29:31.454Z</time>
    </trkpt>
    <trkpt lat="42.38441" lon="13.83761">
      <ele>987.128</ele>
      <time>2022-11-24T11:29:31.454Z</time>
    </trkpt>
    <trkpt lat="42.38442" lon="13.83774">
      <ele>984.464</ele>
      <time>2022-11-24T11:29:31.454Z</time>
    </trkpt>
    <trkpt lat="42.3845" lon="13.83789">
      <ele>981.249</ele>
      <time>2022-11-24T11:29:31.454Z</time>
    </trkpt>
    <trkpt lat="42.38453" lon="13.83798">
      <ele>979.016</ele>
      <time>2022-11-24T11:29:31.454Z</time>
    </trkpt>
    <trkpt lat="42.38455" lon="13.83812">
      <ele>975.66</ele>
      <time>2022-11-24T11:29:31.455Z</time>
    </trkpt>
    <trkpt lat="42.38458" lon="13.83813">
      <ele>975.725</ele>
      <time>2022-11-24T11:29:31.455Z</time>
    </trkpt>
    <trkpt lat="42.38463" lon="13.83814">
      <ele>975.977</ele>
      <time>2022-11-24T11:29:31.455Z</time>
    </trkpt>
    <trkpt lat="42.38465" lon="13.83814">
      <ele>976.171</ele>
      <time>2022-11-24T11:29:31.455Z</time>
    </trkpt>
    <trkpt lat="42.38467" lon="13.83819">
      <ele>975.139</ele>
      <time>2022-11-24T11:29:31.455Z</time>
    </trkpt>
    <trkpt lat="42.38466" lon="13.83825">
      <ele>973.585</ele>
      <time>2022-11-24T11:29:31.455Z</time>
    </trkpt>
    <trkpt lat="42.38466" lon="13.83831">
      <ele>972.121</ele>
      <time>2022-11-24T11:29:31.455Z</time>
    </trkpt>
    <trkpt lat="42.38466" lon="13.83836">
      <ele>970.592</ele>
      <time>2022-11-24T11:29:31.455Z</time>
    </trkpt>
    <trkpt lat="42.38465" lon="13.83839">
      <ele>969.44</ele>
      <time>2022-11-24T11:29:31.456Z</time>
    </trkpt>
    <trkpt lat="42.38471" lon="13.83854">
      <ele>964.472</ele>
      <time>2022-11-24T11:29:31.456Z</time>
    </trkpt>
    <trkpt lat="42.38471" lon="13.83859">
      <ele>962.672</ele>
      <time>2022-11-24T11:29:31.456Z</time>
    </trkpt>
    <trkpt lat="42.38478" lon="13.83861">
      <ele>961.624</ele>
      <time>2022-11-24T11:29:31.457Z</time>
    </trkpt>
    <trkpt lat="42.38486" lon="13.83872">
      <ele>959.045</ele>
      <time>2022-11-24T11:29:31.457Z</time>
    </trkpt>
    <trkpt lat="42.38495" lon="13.83881">
      <ele>957.238</ele>
      <time>2022-11-24T11:29:31.457Z</time>
    </trkpt>
    <trkpt lat="42.385" lon="13.8389">
      <ele>955.72</ele>
      <time>2022-11-24T11:29:31.457Z</time>
    </trkpt>
    <trkpt lat="42.38508" lon="13.83897">
      <ele>955.396</ele>
      <time>2022-11-24T11:29:31.457Z</time>
    </trkpt>
    <trkpt lat="42.38511" lon="13.83914">
      <ele>951.652</ele>
      <time>2022-11-24T11:29:31.458Z</time>
    </trkpt>
    <trkpt lat="42.38509" lon="13.83938">
      <ele>944.725</ele>
      <time>2022-11-24T11:29:31.458Z</time>
    </trkpt>
    <trkpt lat="42.38505" lon="13.8397">
      <ele>936.394</ele>
      <time>2022-11-24T11:29:31.458Z</time>
    </trkpt>
    <trkpt lat="42.38516" lon="13.83969">
      <ele>938.643</ele>
      <time>2022-11-24T11:29:31.458Z</time>
    </trkpt>
    <trkpt lat="42.38527" lon="13.83967">
      <ele>941.171</ele>
      <time>2022-11-24T11:29:31.458Z</time>
    </trkpt>
    <trkpt lat="42.38538" lon="13.83973">
      <ele>941.23</ele>
      <time>2022-11-24T11:29:31.458Z</time>
    </trkpt>
    <trkpt lat="42.38539" lon="13.83983">
      <ele>938.281</ele>
      <time>2022-11-24T11:29:31.458Z</time>
    </trkpt>
    <trkpt lat="42.38544" lon="13.84006">
      <ele>932.804</ele>
      <time>2022-11-24T11:29:31.459Z</time>
    </trkpt>
    <trkpt lat="42.38539" lon="13.84026">
      <ele>928.52</ele>
      <time>2022-11-24T11:29:31.459Z</time>
    </trkpt>
    <trkpt lat="42.38536" lon="13.84046">
      <ele>922.64</ele>
      <time>2022-11-24T11:29:31.459Z</time>
    </trkpt>
    <trkpt lat="42.38539" lon="13.84059">
      <ele>919.518</ele>
      <time>2022-11-24T11:29:31.459Z</time>
    </trkpt>
    <trkpt lat="42.38546" lon="13.84068">
      <ele>918.574</ele>
      <time>2022-11-24T11:29:31.459Z</time>
    </trkpt>
    <trkpt lat="42.38553" lon="13.8409">
      <ele>914.93</ele>
      <time>2022-11-24T11:29:31.459Z</time>
    </trkpt>
    <trkpt lat="42.38557" lon="13.84096">
      <ele>913.78</ele>
      <time>2022-11-24T11:29:31.459Z</time>
    </trkpt>
    <trkpt lat="42.3856" lon="13.84113">
      <ele>909.513</ele>
      <time>2022-11-24T11:29:31.459Z</time>
    </trkpt>
    <trkpt lat="42.3856" lon="13.84116">
      <ele>908.74</ele>
      <time>2022-11-24T11:29:31.046Z</time>
    </trkpt>
    <trkpt lat="42.38549" lon="13.84131">
      <ele>904.146</ele>
      <time>2022-11-24T11:29:31.046Z</time>
    </trkpt>
    <trkpt lat="42.38543" lon="13.84141">
      <ele>901.257</ele>
      <time>2022-11-24T11:29:31.046Z</time>
    </trkpt>
    <trkpt lat="42.38536" lon="13.84159">
      <ele>897.563</ele>
      <time>2022-11-24T11:29:31.046Z</time>
    </trkpt>
    <trkpt lat="42.38532" lon="13.8418">
      <ele>893.679</ele>
      <time>2022-11-24T11:29:31.046Z</time>
    </trkpt>
    <trkpt lat="42.38534" lon="13.84191">
      <ele>891.648</ele>
      <time>2022-11-24T11:29:31.046Z</time>
    </trkpt>
    <trkpt lat="42.3854" lon="13.84204">
      <ele>889.28</ele>
      <time>2022-11-24T11:29:31.046Z</time>
    </trkpt>
    <trkpt lat="42.38549" lon="13.84219">
      <ele>886.58</ele>
      <time>2022-11-24T11:29:31.046Z</time>
    </trkpt>
    <trkpt lat="42.38549" lon="13.84228">
      <ele>884.385</ele>
      <time>2022-11-24T11:29:31.461Z</time>
    </trkpt>
    <trkpt lat="42.38545" lon="13.84241">
      <ele>880.849</ele>
      <time>2022-11-24T11:29:31.461Z</time>
    </trkpt>
    <trkpt lat="42.38549" lon="13.84254">
      <ele>877.372</ele>
      <time>2022-11-24T11:29:31.461Z</time>
    </trkpt>
    <trkpt lat="42.38564" lon="13.84277">
      <ele>872.463</ele>
      <time>2022-11-24T11:29:31.461Z</time>
    </trkpt>
    <trkpt lat="42.3857" lon="13.84294">
      <ele>869.32</ele>
      <time>2022-11-24T11:29:31.461Z</time>
    </trkpt>
    <trkpt lat="42.38576" lon="13.84295">
      <ele>869.472</ele>
      <time>2022-11-24T11:29:31.461Z</time>
    </trkpt>
    <trkpt lat="42.38584" lon="13.84284">
      <ele>871.76</ele>
      <time>2022-11-24T11:29:31.461Z</time>
    </trkpt>
    <trkpt lat="42.38595" lon="13.84287">
      <ele>869.24</ele>
      <time>2022-11-24T11:29:31.461Z</time>
    </trkpt>
    <trkpt lat="42.38608" lon="13.843">
      <ele>864.56</ele>
      <time>2022-11-24T11:29:31.461Z</time>
    </trkpt>
    <trkpt lat="42.38619" lon="13.84309">
      <ele>859.77</ele>
      <time>2022-11-24T11:29:31.462Z</time>
    </trkpt>
    <trkpt lat="42.38624" lon="13.84326">
      <ele>855.091</ele>
      <time>2022-11-24T11:29:31.462Z</time>
    </trkpt>
    <trkpt lat="42.3862" lon="13.84336">
      <ele>854.249</ele>
      <time>2022-11-24T11:29:31.462Z</time>
    </trkpt>
    <trkpt lat="42.38611" lon="13.84341">
      <ele>855.64</ele>
      <time>2022-11-24T11:29:31.462Z</time>
    </trkpt>
    <trkpt lat="42.38613" lon="13.84346">
      <ele>854.213</ele>
      <time>2022-11-24T11:29:31.462Z</time>
    </trkpt>
    <trkpt lat="42.38622" lon="13.84352">
      <ele>850.633</ele>
      <time>2022-11-24T11:29:31.462Z</time>
    </trkpt>
    <trkpt lat="42.38627" lon="13.84351">
      <ele>849.452</ele>
      <time>2022-11-24T11:29:31.462Z</time>
    </trkpt>
    <trkpt lat="42.38635" lon="13.84347">
      <ele>848.097</ele>
      <time>2022-11-24T11:29:31.463Z</time>
    </trkpt>
    <trkpt lat="42.38644" lon="13.84352">
      <ele>844.62</ele>
      <time>2022-11-24T11:29:31.463Z</time>
    </trkpt>
    <trkpt lat="42.38649" lon="13.84362">
      <ele>841.216</ele>
      <time>2022-11-24T11:29:31.463Z</time>
    </trkpt>
    <trkpt lat="42.3865" lon="13.84374">
      <ele>837.766</ele>
      <time>2022-11-24T11:29:31.463Z</time>
    </trkpt>
    <trkpt lat="42.3865" lon="13.84383">
      <ele>835.369</ele>
      <time>2022-11-24T11:29:31.463Z</time>
    </trkpt>
    <trkpt lat="42.38675" lon="13.84361">
      <ele>835.22</ele>
      <time>2022-11-24T11:29:31.463Z</time>
    </trkpt>
    <trkpt lat="42.38688" lon="13.84343">
      <ele>835.652</ele>
      <time>2022-11-24T11:29:31.463Z</time>
    </trkpt>
    <trkpt lat="42.38701" lon="13.84321">
      <ele>837.015</ele>
      <time>2022-11-24T11:29:31.463Z</time>
    </trkpt>
    <trkpt lat="42.3872" lon="13.84317">
      <ele>835.916</ele>
      <time>2022-11-24T11:29:31.464Z</time>
    </trkpt>
    <trkpt lat="42.38738" lon="13.84321">
      <ele>839.855</ele>
      <time>2022-11-24T11:29:31.464Z</time>
    </trkpt>
    <trkpt lat="42.38745" lon="13.84341">
      <ele>840.592</ele>
      <time>2022-11-24T11:29:31.464Z</time>
    </trkpt>
    <trkpt lat="42.38748" lon="13.84364">
      <ele>841.679</ele>
      <time>2022-11-24T11:29:31.464Z</time>
    </trkpt>
    <trkpt lat="42.38758" lon="13.84399">
      <ele>846.579</ele>
      <time>2022-11-24T11:29:31.464Z</time>
    </trkpt>
    <trkpt lat="42.38754" lon="13.84431">
      <ele>846.931</ele>
      <time>2022-11-24T11:29:31.464Z</time>
    </trkpt>
    <trkpt lat="42.38753" lon="13.84475">
      <ele>851.199</ele>
      <time>2022-11-24T11:29:31.465Z</time>
    </trkpt>
    <trkpt lat="42.38758" lon="13.84537">
      <ele>850.648</ele>
      <time>2022-11-24T11:29:31.465Z</time>
    </trkpt>
    <trkpt lat="42.38759" lon="13.84565">
      <ele>850.098</ele>
      <time>2022-11-24T11:29:31.465Z</time>
    </trkpt>
    <trkpt lat="42.3875" lon="13.84584">
      <ele>844.976</ele>
      <time>2022-11-24T11:29:31.465Z</time>
    </trkpt>
    <trkpt lat="42.38748" lon="13.8462">
      <ele>840.919</ele>
      <time>2022-11-24T11:29:31.465Z</time>
    </trkpt>
    <trkpt lat="42.38753" lon="13.84636">
      <ele>838.797</ele>
      <time>2022-11-24T11:29:31.465Z</time>
    </trkpt>
    <trkpt lat="42.3876" lon="13.84654">
      <ele>837.836</ele>
      <time>2022-11-24T11:29:31.465Z</time>
    </trkpt>
    <trkpt lat="42.3876" lon="13.84668">
      <ele>835.948</ele>
      <time>2022-11-24T11:29:31.466Z</time>
    </trkpt>
    <trkpt lat="42.38756" lon="13.84675">
      <ele>837.318</ele>
      <time>2022-11-24T11:29:31.466Z</time>
    </trkpt>
    <trkpt lat="42.38747" lon="13.8468">
      <ele>837.1</ele>
      <time>2022-11-24T11:29:31.466Z</time>
    </trkpt>
    <trkpt lat="42.38736" lon="13.84683">
      <ele>835.56</ele>
      <time>2022-11-24T11:29:31.466Z</time>
    </trkpt>
    <trkpt lat="42.3871" lon="13.84702">
      <ele>836.634</ele>
      <time>2022-11-24T11:29:31.466Z</time>
    </trkpt>
    <trkpt lat="42.38688" lon="13.84719">
      <ele>834.628</ele>
      <time>2022-11-24T11:29:31.466Z</time>
    </trkpt>
    <trkpt lat="42.3868" lon="13.84739">
      <ele>832.05</ele>
      <time>2022-11-24T11:29:31.466Z</time>
    </trkpt>
    <trkpt lat="42.38677" lon="13.84764">
      <ele>831.023</ele>
      <time>2022-11-24T11:29:31.467Z</time>
    </trkpt>
    <trkpt lat="42.38671" lon="13.84826">
      <ele>823.517</ele>
      <time>2022-11-24T11:29:31.467Z</time>
    </trkpt>
    <trkpt lat="42.38676" lon="13.84847">
      <ele>820.581</ele>
      <time>2022-11-24T11:29:31.467Z</time>
    </trkpt>
    <trkpt lat="42.38683" lon="13.84866">
      <ele>816.521</ele>
      <time>2022-11-24T11:29:31.467Z</time>
    </trkpt>
    <trkpt lat="42.38695" lon="13.84895">
      <ele>813.276</ele>
      <time>2022-11-24T11:29:31.467Z</time>
    </trkpt>
    <trkpt lat="42.38696" lon="13.84903">
      <ele>812.496</ele>
      <time>2022-11-24T11:29:31.467Z</time>
    </trkpt>
    <trkpt lat="42.38701" lon="13.84955">
      <ele>807.348</ele>
      <time>2022-11-24T11:29:31.467Z</time>
    </trkpt>
    <trkpt lat="42.38707" lon="13.84984">
      <ele>807.52</ele>
      <time>2022-11-24T11:29:31.467Z</time>
    </trkpt>
    <trkpt lat="42.38705" lon="13.85012">
      <ele>805.667</ele>
      <time>2022-11-24T11:29:31.468Z</time>
    </trkpt>
    <trkpt lat="42.387" lon="13.85044">
      <ele>799.979</ele>
      <time>2022-11-24T11:29:31.468Z</time>
    </trkpt>
    <trkpt lat="42.38708" lon="13.85059">
      <ele>799.861</ele>
      <time>2022-11-24T11:29:31.468Z</time>
    </trkpt>
    <trkpt lat="42.38725" lon="13.85078">
      <ele>802.79</ele>
      <time>2022-11-24T11:29:31.468Z</time>
    </trkpt>
    <trkpt lat="42.38736" lon="13.85108">
      <ele>806.608</ele>
      <time>2022-11-24T11:29:31.468Z</time>
    </trkpt>
    <trkpt lat="42.3873" lon="13.85133">
      <ele>807.14</ele>
      <time>2022-11-24T11:29:31.468Z</time>
    </trkpt>
    <trkpt lat="42.38711" lon="13.85148">
      <ele>804.333</ele>
      <time>2022-11-24T11:29:31.468Z</time>
    </trkpt>
    <trkpt lat="42.38703" lon="13.85164">
      <ele>807.706</ele>
      <time>2022-11-24T11:29:31.468Z</time>
    </trkpt>
    <trkpt lat="42.38695" lon="13.85181">
      <ele>811.734</ele>
      <time>2022-11-24T11:29:31.469Z</time>
    </trkpt>
    <trkpt lat="42.38684" lon="13.85195">
      <ele>813.568</ele>
      <time>2022-11-24T11:29:31.469Z</time>
    </trkpt>
    <trkpt lat="42.38671" lon="13.85212">
      <ele>814.041</ele>
      <time>2022-11-24T11:29:31.469Z</time>
    </trkpt>
    <trkpt lat="42.38673" lon="13.85234">
      <ele>817.189</ele>
      <time>2022-11-24T11:29:31.469Z</time>
    </trkpt>
    <trkpt lat="42.38675" lon="13.8526">
      <ele>819.396</ele>
      <time>2022-11-24T11:29:31.469Z</time>
    </trkpt>
    <trkpt lat="42.38669" lon="13.85277">
      <ele>819.607</ele>
      <time>2022-11-24T11:29:31.469Z</time>
    </trkpt>
    <trkpt lat="42.38659" lon="13.85295">
      <ele>823.82</ele>
      <time>2022-11-24T11:29:31.469Z</time>
    </trkpt>
    <trkpt lat="42.38639" lon="13.85316">
      <ele>827.025</ele>
      <time>2022-11-24T11:29:31.469Z</time>
    </trkpt>
    <trkpt lat="42.38613" lon="13.85333">
      <ele>827.266</ele>
      <time>2022-11-24T11:29:31.047Z</time>
    </trkpt>
    <trkpt lat="42.38604" lon="13.8534">
      <ele>826.248</ele>
      <time>2022-11-24T11:29:31.047Z</time>
    </trkpt>
    <trkpt lat="42.38597" lon="13.85347">
      <ele>825.492</ele>
      <time>2022-11-24T11:29:31.047Z</time>
    </trkpt>
    <trkpt lat="42.38595" lon="13.85355">
      <ele>825.06</ele>
      <time>2022-11-24T11:29:31.047Z</time>
    </trkpt>
    <trkpt lat="42.38597" lon="13.85361">
      <ele>824.988</ele>
      <time>2022-11-24T11:29:31.471Z</time>
    </trkpt>
    <trkpt lat="42.38601" lon="13.85365">
      <ele>824.521</ele>
      <time>2022-11-24T11:29:31.471Z</time>
    </trkpt>
    <trkpt lat="42.3861" lon="13.85372">
      <ele>823.944</ele>
      <time>2022-11-24T11:29:31.471Z</time>
    </trkpt>
    <trkpt lat="42.3862" lon="13.85379">
      <ele>823.854</ele>
      <time>2022-11-24T11:29:31.471Z</time>
    </trkpt>
    <trkpt lat="42.38632" lon="13.8539">
      <ele>823.217</ele>
      <time>2022-11-24T11:29:31.471Z</time>
    </trkpt>
    <trkpt lat="42.38642" lon="13.85404">
      <ele>824.819</ele>
      <time>2022-11-24T11:29:31.471Z</time>
    </trkpt>
    <trkpt lat="42.38648" lon="13.8542">
      <ele>825.017</ele>
      <time>2022-11-24T11:29:31.471Z</time>
    </trkpt>
    <trkpt lat="42.38648" lon="13.85424">
      <ele>824.249</ele>
      <time>2022-11-24T11:29:31.471Z</time>
    </trkpt>
    <trkpt lat="42.38646" lon="13.85437">
      <ele>821.665</ele>
      <time>2022-11-24T11:29:31.472Z</time>
    </trkpt>
    <trkpt lat="42.38645" lon="13.85437">
      <ele>821.619</ele>
      <time>2022-11-24T11:29:31.472Z</time>
    </trkpt>
    <trkpt lat="42.38644" lon="13.85441">
      <ele>820.827</ele>
      <time>2022-11-24T11:29:31.472Z</time>
    </trkpt>
    <trkpt lat="42.38643" lon="13.85443">
      <ele>820.416</ele>
      <time>2022-11-24T11:29:31.472Z</time>
    </trkpt>
    <trkpt lat="42.38642" lon="13.85445">
      <ele>819.956</ele>
      <time>2022-11-24T11:29:31.472Z</time>
    </trkpt>
    <trkpt lat="42.3864" lon="13.85447">
      <ele>819.311</ele>
      <time>2022-11-24T11:29:31.472Z</time>
    </trkpt>
    <trkpt lat="42.38639" lon="13.85449">
      <ele>818.693</ele>
      <time>2022-11-24T11:29:31.472Z</time>
    </trkpt>
    <trkpt lat="42.38637" lon="13.85451">
      <ele>817.956</ele>
      <time>2022-11-24T11:29:31.473Z</time>
    </trkpt>
    <trkpt lat="42.38632" lon="13.85455">
      <ele>816.499</ele>
      <time>2022-11-24T11:29:31.473Z</time>
    </trkpt>
    <trkpt lat="42.38631" lon="13.85457">
      <ele>815.917</ele>
      <time>2022-11-24T11:29:31.473Z</time>
    </trkpt>
    <trkpt lat="42.38627" lon="13.8546">
      <ele>814.955</ele>
      <time>2022-11-24T11:29:31.473Z</time>
    </trkpt>
    <trkpt lat="42.38623" lon="13.85463">
      <ele>814.086</ele>
      <time>2022-11-24T11:29:31.473Z</time>
    </trkpt>
    <trkpt lat="42.38602" lon="13.85468">
      <ele>810.999</ele>
      <time>2022-11-24T11:29:31.473Z</time>
    </trkpt>
    <trkpt lat="42.38593" lon="13.85468">
      <ele>809.26</ele>
      <time>2022-11-24T11:29:31.474Z</time>
    </trkpt>
    <trkpt lat="42.3858" lon="13.85473">
      <ele>806.592</ele>
      <time>2022-11-24T11:29:31.474Z</time>
    </trkpt>
    <trkpt lat="42.38562" lon="13.85487">
      <ele>800.284</ele>
      <time>2022-11-24T11:29:31.474Z</time>
    </trkpt>
    <trkpt lat="42.38531" lon="13.85506">
      <ele>797.559</ele>
      <time>2022-11-24T11:29:31.474Z</time>
    </trkpt>
    <trkpt lat="42.38515" lon="13.85517">
      <ele>795.066</ele>
      <time>2022-11-24T11:29:31.474Z</time>
    </trkpt>
    <trkpt lat="42.38486" lon="13.85533">
      <ele>790.172</ele>
      <time>2022-11-24T11:29:31.474Z</time>
    </trkpt>
    <trkpt lat="42.3845" lon="13.85565">
      <ele>779.7</ele>
      <time>2022-11-24T11:29:31.475Z</time>
    </trkpt>
    <trkpt lat="42.38424" lon="13.85592">
      <ele>773.816</ele>
      <time>2022-11-24T11:29:31.475Z</time>
    </trkpt>
    <trkpt lat="42.38389" lon="13.85619">
      <ele>767.862</ele>
      <time>2022-11-24T11:29:31.475Z</time>
    </trkpt>
    <trkpt lat="42.3834" lon="13.85658">
      <ele>759.426</ele>
      <time>2022-11-24T11:29:31.475Z</time>
    </trkpt>
    <trkpt lat="42.38314" lon="13.85685">
      <ele>753.58</ele>
      <time>2022-11-24T11:29:31.475Z</time>
    </trkpt>
    <trkpt lat="42.3829" lon="13.85716">
      <ele>747.458</ele>
      <time>2022-11-24T11:29:31.475Z</time>
    </trkpt>
    <trkpt lat="42.38268" lon="13.85757">
      <ele>740.957</ele>
      <time>2022-11-24T11:29:31.475Z</time>
    </trkpt>
    <trkpt lat="42.38256" lon="13.8579">
      <ele>736.605</ele>
      <time>2022-11-24T11:29:31.475Z</time>
    </trkpt>
    <trkpt lat="42.38247" lon="13.85843">
      <ele>733.719</ele>
      <time>2022-11-24T11:29:31.476Z</time>
    </trkpt>
    <trkpt lat="42.38226" lon="13.85892">
      <ele>726.303</ele>
      <time>2022-11-24T11:29:31.476Z</time>
    </trkpt>
    <trkpt lat="42.38216" lon="13.85916">
      <ele>719.318</ele>
      <time>2022-11-24T11:29:31.476Z</time>
    </trkpt>
    <trkpt lat="42.38223" lon="13.85921">
      <ele>718.157</ele>
      <time>2022-11-24T11:29:31.476Z</time>
    </trkpt>
    <trkpt lat="42.38238" lon="13.85918">
      <ele>716.714</ele>
      <time>2022-11-24T11:29:31.476Z</time>
    </trkpt>
    <trkpt lat="42.38263" lon="13.85893">
      <ele>718.693</ele>
      <time>2022-11-24T11:29:31.476Z</time>
    </trkpt>
    <trkpt lat="42.38281" lon="13.8589">
      <ele>716.403</ele>
      <time>2022-11-24T11:29:31.476Z</time>
    </trkpt>
    <trkpt lat="42.38281" lon="13.85922">
      <ele>708.33</ele>
      <time>2022-11-24T11:29:31.476Z</time>
    </trkpt>
  </trkseg>
</trk>
</gpx>
