<?xml version="1.0"?>
<gpx version="1.0" creator="GPS Visualizer https://www.gpsvisualizer.com/" xmlns="http://www.topografix.com/GPX/1/0" xmlns:xsi="http://www.w3.org/2001/XMLSchema-instance" xsi:schemaLocation="http://www.topografix.com/GPX/1/0 http://www.topografix.com/GPX/1/0/gpx.xsd">
	<wpt lat="42.3721700" lon="13.8089000">
		<ele>1391.207</ele>
		<name><![CDATA[Vado di Focina]]></name>
	</wpt>
	<wpt lat="42.3730500" lon="13.7877900">
		<ele>1545.082</ele>
		<name><![CDATA[La Zingarella]]></name>
	</wpt>
	<wpt lat="42.3621800" lon="13.8197200">
		<ele>1469.434</ele>
		<name><![CDATA[Voltignolo]]></name>
	</wpt>
	<wpt lat="42.3829000" lon="13.8593300">
		<ele>702.591</ele>
		<name><![CDATA[Villa Celiera  PARTENZA-ARRIVO]]></name>
	</wpt>
	<wpt lat="42.3986400" lon="13.8478200">
		<ele>1076.655</ele>
		<name><![CDATA[Sella Bertona-Morrone]]></name>
	</wpt>
	<wpt lat="42.3779800" lon="13.8150100">
		<ele>1287.082</ele>
		<name><![CDATA[Fosso di Colle Arcone]]></name>
	</wpt>
	<wpt lat="42.3716400" lon="13.8319600">
		<ele>1341.624</ele>
		<name><![CDATA[Pantane]]></name>
	</wpt>
	<wpt lat="42.4068700" lon="13.8190200">
		<ele>933.247</ele>
		<name><![CDATA[Solagna]]></name>
	</wpt>
	<wpt lat="42.3509500" lon="13.7876900">
		<ele>1704.4</ele>
		<name><![CDATA[Capo di Serre]]></name>
	</wpt>
	<wpt lat="42.3435500" lon="13.7982200">
		<ele>1631.736</ele>
		<name><![CDATA[Vallopiana]]></name>
	</wpt>
	<wpt lat="42.3532400" lon="13.8157000">
		<ele>1461.311</ele>
		<name><![CDATA[Valle d'Ombra]]></name>
	</wpt>
	<wpt lat="42.3997300" lon="13.8538000">
		<ele>1203.959</ele>
		<name><![CDATA[Monte Bertona]]></name>
	</wpt>
	<wpt lat="42.3631900" lon="13.7780900">
		<ele>1772.208</ele>
		<name><![CDATA[Monte Meta]]></name>
	</wpt>
	<wpt lat="42.4081700" lon="13.8246900">
		<ele>1007.364</ele>
		<name><![CDATA[Fonte Acquafredda]]></name>
	</wpt>
	<wpt lat="42.3935700" lon="13.8284700">
		<ele>1144.854</ele>
		<name><![CDATA[Fonte Le Scalate]]></name>
	</wpt>
	<wpt lat="42.3836800" lon="13.8162800">
		<ele>1179.674</ele>
		<name><![CDATA[Sorgente Cervaro]]></name>
	</wpt>
	<wpt lat="42.3961460" lon="13.8367145">
		<ele>1275.067</ele>
		<name><![CDATA[Morrone]]></name>
	</wpt>
	<trk>
		<name>skytrail 2024 lunga.shp</name>
		<desc>skytrail 2024 lunga.shp</desc>
		<trkseg>
			<trkpt lat="42.3828500" lon="13.8592100"><ele>708.025</ele><time>2024-02-09T09:17:39Z</time></trkpt>
			<trkpt lat="42.3828400" lon="13.8588400"><ele>717.815</ele><time>2024-02-09T09:17:39Z</time></trkpt>
			<trkpt lat="42.3826300" lon="13.8588800"><ele>719.882</ele><time>2024-02-09T09:17:39Z</time></trkpt>
			<trkpt lat="42.3823600" lon="13.8591300"><ele>718.511</ele><time>2024-02-09T09:17:39Z</time></trkpt>
			<trkpt lat="42.3822400" lon="13.8591600"><ele>719.87</ele><time>2024-02-09T09:17:39Z</time></trkpt>
			<trkpt lat="42.3822100" lon="13.8591200"><ele>721.198</ele><time>2024-02-09T09:17:39Z</time></trkpt>
			<trkpt lat="42.3822700" lon="13.8589600"><ele>724.964</ele><time>2024-02-09T09:17:39Z</time></trkpt>
			<trkpt lat="42.3824800" lon="13.8584700"><ele>732.347</ele><time>2024-02-09T09:17:39Z</time></trkpt>
			<trkpt lat="42.3825700" lon="13.8579400"><ele>736.524</ele><time>2024-02-09T09:17:39Z</time></trkpt>
			<trkpt lat="42.3826900" lon="13.8576100"><ele>740.85</ele><time>2024-02-09T09:17:39Z</time></trkpt>
			<trkpt lat="42.3829200" lon="13.8572000"><ele>748.452</ele><time>2024-02-09T09:17:39Z</time></trkpt>
			<trkpt lat="42.3831500" lon="13.8568900"><ele>754.042</ele><time>2024-02-09T09:17:39Z</time></trkpt>
			<trkpt lat="42.3834100" lon="13.8566200"><ele>759.745</ele><time>2024-02-09T09:17:39Z</time></trkpt>
			<trkpt lat="42.3839000" lon="13.8562300"><ele>767.254</ele><time>2024-02-09T09:17:39Z</time></trkpt>
			<trkpt lat="42.3842500" lon="13.8559600"><ele>772.808</ele><time>2024-02-09T09:17:39Z</time></trkpt>
			<trkpt lat="42.3845100" lon="13.8556900"><ele>779.052</ele><time>2024-02-09T09:17:39Z</time></trkpt>
			<trkpt lat="42.3848700" lon="13.8553700"><ele>789.272</ele><time>2024-02-09T09:17:39Z</time></trkpt>
			<trkpt lat="42.3851700" lon="13.8552100"><ele>794.861</ele><time>2024-02-09T09:17:39Z</time></trkpt>
			<trkpt lat="42.3853300" lon="13.8551000"><ele>797.228</ele><time>2024-02-09T09:17:39Z</time></trkpt>
			<trkpt lat="42.3856300" lon="13.8549200"><ele>800.748</ele><time>2024-02-09T09:17:39Z</time></trkpt>
			<trkpt lat="42.3858100" lon="13.8547700"><ele>806.489</ele><time>2024-02-09T09:17:39Z</time></trkpt>
			<trkpt lat="42.3859400" lon="13.8547200"><ele>809.532</ele><time>2024-02-09T09:17:39Z</time></trkpt>
			<trkpt lat="42.3860400" lon="13.8547200"><ele>810.998</ele><time>2024-02-09T09:17:39Z</time></trkpt>
			<trkpt lat="42.3862400" lon="13.8546800"><ele>812.972</ele><time>2024-02-09T09:17:39Z</time></trkpt>
			<trkpt lat="42.3862600" lon="13.8546600"><ele>813.48</ele><time>2024-02-09T09:17:39Z</time></trkpt>
			<trkpt lat="42.3862800" lon="13.8546400"><ele>814.02</ele><time>2024-02-09T09:17:39Z</time></trkpt>
			<trkpt lat="42.3863200" lon="13.8546100"><ele>814.931</ele><time>2024-02-09T09:17:39Z</time></trkpt>
			<trkpt lat="42.3863400" lon="13.8545900"><ele>815.557</ele><time>2024-02-09T09:17:39Z</time></trkpt>
			<trkpt lat="42.3863800" lon="13.8545500"><ele>816.9</ele><time>2024-02-09T09:17:39Z</time></trkpt>
			<trkpt lat="42.3864000" lon="13.8545300"><ele>817.601</ele><time>2024-02-09T09:17:39Z</time></trkpt>
			<trkpt lat="42.3864200" lon="13.8545200"><ele>817.997</ele><time>2024-02-09T09:17:39Z</time></trkpt>
			<trkpt lat="42.3864300" lon="13.8544900"><ele>818.885</ele><time>2024-02-09T09:17:39Z</time></trkpt>
			<trkpt lat="42.3864400" lon="13.8544700"><ele>819.482</ele><time>2024-02-09T09:17:39Z</time></trkpt>
			<trkpt lat="42.3864500" lon="13.8544500"><ele>820.069</ele><time>2024-02-09T09:17:39Z</time></trkpt>
			<trkpt lat="42.3864700" lon="13.8544100"><ele>820.948</ele><time>2024-02-09T09:17:39Z</time></trkpt>
			<trkpt lat="42.3865100" lon="13.8543100"><ele>823.067</ele><time>2024-02-09T09:17:39Z</time></trkpt>
			<trkpt lat="42.3865300" lon="13.8542000"><ele>825.355</ele><time>2024-02-09T09:17:39Z</time></trkpt>
			<trkpt lat="42.3865800" lon="13.8540800"><ele>826.279</ele><time>2024-02-09T09:17:39Z</time></trkpt>
			<trkpt lat="42.3868100" lon="13.8537900"><ele>830.762</ele><time>2024-02-09T09:17:39Z</time></trkpt>
			<trkpt lat="42.3869100" lon="13.8535600"><ele>831.938</ele><time>2024-02-09T09:17:39Z</time></trkpt>
			<trkpt lat="42.3870100" lon="13.8533800"><ele>835.825</ele><time>2024-02-09T09:17:39Z</time></trkpt>
			<trkpt lat="42.3871300" lon="13.8532200"><ele>837.522</ele><time>2024-02-09T09:17:39Z</time></trkpt>
			<trkpt lat="42.3872700" lon="13.8531000"><ele>839.551</ele><time>2024-02-09T09:17:39Z</time></trkpt>
			<trkpt lat="42.3873700" lon="13.8530400"><ele>844.024</ele><time>2024-02-09T09:17:39Z</time></trkpt>
			<trkpt lat="42.3876900" lon="13.8528900"><ele>856.476</ele><time>2024-02-09T09:17:39Z</time></trkpt>
			<trkpt lat="42.3877200" lon="13.8528600"><ele>857.598</ele><time>2024-02-09T09:17:39Z</time></trkpt>
			<trkpt lat="42.3877700" lon="13.8528800"><ele>859.022</ele><time>2024-02-09T09:17:39Z</time></trkpt>
			<trkpt lat="42.3877900" lon="13.8528500"><ele>859.811</ele><time>2024-02-09T09:17:39Z</time></trkpt>
			<trkpt lat="42.3878100" lon="13.8528200"><ele>860.543</ele><time>2024-02-09T09:17:39Z</time></trkpt>
			<trkpt lat="42.3878200" lon="13.8528000"><ele>860.928</ele><time>2024-02-09T09:17:39Z</time></trkpt>
			<trkpt lat="42.3878400" lon="13.8527700"><ele>861.49</ele><time>2024-02-09T09:17:39Z</time></trkpt>
			<trkpt lat="42.3878600" lon="13.8527300"><ele>861.607</ele><time>2024-02-09T09:17:39Z</time></trkpt>
			<trkpt lat="42.3879300" lon="13.8526500"><ele>862.708</ele><time>2024-02-09T09:17:39Z</time></trkpt>
			<trkpt lat="42.3879500" lon="13.8526200"><ele>862.988</ele><time>2024-02-09T09:17:39Z</time></trkpt>
			<trkpt lat="42.3880100" lon="13.8525500"><ele>864.078</ele><time>2024-02-09T09:17:39Z</time></trkpt>
			<trkpt lat="42.3880300" lon="13.8525300"><ele>864.49</ele><time>2024-02-09T09:17:39Z</time></trkpt>
			<trkpt lat="42.3880500" lon="13.8524900"><ele>864.731</ele><time>2024-02-09T09:17:39Z</time></trkpt>
			<trkpt lat="42.3880700" lon="13.8524700"><ele>865.185</ele><time>2024-02-09T09:17:39Z</time></trkpt>
			<trkpt lat="42.3880900" lon="13.8524400"><ele>865.538</ele><time>2024-02-09T09:17:39Z</time></trkpt>
			<trkpt lat="42.3884400" lon="13.8518900"><ele>871.26</ele><time>2024-02-09T09:17:39Z</time></trkpt>
			<trkpt lat="42.3884400" lon="13.8518900"><ele>871.26</ele><time>2024-02-09T09:17:39Z</time></trkpt>
			<trkpt lat="42.3885900" lon="13.8518400"><ele>875.94</ele><time>2024-02-09T09:17:39Z</time></trkpt>
			<trkpt lat="42.3887300" lon="13.8517500"><ele>881.008</ele><time>2024-02-09T09:17:39Z</time></trkpt>
			<trkpt lat="42.3889100" lon="13.8517300"><ele>887.853</ele><time>2024-02-09T09:17:39Z</time></trkpt>
			<trkpt lat="42.3891400" lon="13.8518100"><ele>895.214</ele><time>2024-02-09T09:17:39Z</time></trkpt>
			<trkpt lat="42.3892700" lon="13.8518900"><ele>899.81</ele><time>2024-02-09T09:17:39Z</time></trkpt>
			<trkpt lat="42.3893600" lon="13.8519900"><ele>903.542</ele><time>2024-02-09T09:17:39Z</time></trkpt>
			<trkpt lat="42.3894600" lon="13.8520600"><ele>907.215</ele><time>2024-02-09T09:17:39Z</time></trkpt>
			<trkpt lat="42.3895600" lon="13.8521800"><ele>910.898</ele><time>2024-02-09T09:17:39Z</time></trkpt>
			<trkpt lat="42.3895700" lon="13.8522000"><ele>911.384</ele><time>2024-02-09T09:17:39Z</time></trkpt>
			<trkpt lat="42.3895900" lon="13.8522200"><ele>912.168</ele><time>2024-02-09T09:17:39Z</time></trkpt>
			<trkpt lat="42.3896100" lon="13.8522400"><ele>912.768</ele><time>2024-02-09T09:17:39Z</time></trkpt>
			<trkpt lat="42.3897100" lon="13.8522900"><ele>915.648</ele><time>2024-02-09T09:17:39Z</time></trkpt>
			<trkpt lat="42.3897800" lon="13.8522300"><ele>917.057</ele><time>2024-02-09T09:17:39Z</time></trkpt>
			<trkpt lat="42.3899100" lon="13.8521900"><ele>918.916</ele><time>2024-02-09T09:17:39Z</time></trkpt>
			<trkpt lat="42.3906100" lon="13.8521500"><ele>928.034</ele><time>2024-02-09T09:17:39Z</time></trkpt>
			<trkpt lat="42.3906300" lon="13.8521700"><ele>928.755</ele><time>2024-02-09T09:17:39Z</time></trkpt>
			<trkpt lat="42.3906300" lon="13.8521700"><ele>928.755</ele><time>2024-02-09T09:17:39Z</time></trkpt>
			<trkpt lat="42.3905600" lon="13.8523300"><ele>930.812</ele><time>2024-02-09T09:17:39Z</time></trkpt>
			<trkpt lat="42.3905500" lon="13.8524500"><ele>933.647</ele><time>2024-02-09T09:17:39Z</time></trkpt>
			<trkpt lat="42.3905600" lon="13.8525400"><ele>935.674</ele><time>2024-02-09T09:17:39Z</time></trkpt>
			<trkpt lat="42.3905600" lon="13.8525800"><ele>936.253</ele><time>2024-02-09T09:17:39Z</time></trkpt>
			<trkpt lat="42.3905500" lon="13.8526200"><ele>936.611</ele><time>2024-02-09T09:17:39Z</time></trkpt>
			<trkpt lat="42.3905500" lon="13.8526900"><ele>937.609</ele><time>2024-02-09T09:17:39Z</time></trkpt>
			<trkpt lat="42.3905700" lon="13.8527500"><ele>938.959</ele><time>2024-02-09T09:17:39Z</time></trkpt>
			<trkpt lat="42.3906000" lon="13.8527800"><ele>940.131</ele><time>2024-02-09T09:17:39Z</time></trkpt>
			<trkpt lat="42.3906300" lon="13.8529200"><ele>941.662</ele><time>2024-02-09T09:17:39Z</time></trkpt>
			<trkpt lat="42.3906700" lon="13.8530300"><ele>943.54</ele><time>2024-02-09T09:17:39Z</time></trkpt>
			<trkpt lat="42.3906900" lon="13.8530600"><ele>944.372</ele><time>2024-02-09T09:17:39Z</time></trkpt>
			<trkpt lat="42.3907100" lon="13.8530700"><ele>945.056</ele><time>2024-02-09T09:17:39Z</time></trkpt>
			<trkpt lat="42.3907300" lon="13.8530800"><ele>945.74</ele><time>2024-02-09T09:17:39Z</time></trkpt>
			<trkpt lat="42.3907600" lon="13.8530900"><ele>946.748</ele><time>2024-02-09T09:17:39Z</time></trkpt>
			<trkpt lat="42.3907800" lon="13.8531000"><ele>947.432</ele><time>2024-02-09T09:17:39Z</time></trkpt>
			<trkpt lat="42.3908700" lon="13.8531000"><ele>949.994</ele><time>2024-02-09T09:17:39Z</time></trkpt>
			<trkpt lat="42.3909000" lon="13.8531000"><ele>950.677</ele><time>2024-02-09T09:17:39Z</time></trkpt>
			<trkpt lat="42.3909200" lon="13.8531100"><ele>951.19</ele><time>2024-02-09T09:17:39Z</time></trkpt>
			<trkpt lat="42.3909500" lon="13.8531200"><ele>951.947</ele><time>2024-02-09T09:17:39Z</time></trkpt>
			<trkpt lat="42.3909800" lon="13.8531200"><ele>952.645</ele><time>2024-02-09T09:17:39Z</time></trkpt>
			<trkpt lat="42.3910000" lon="13.8531300"><ele>953.19</ele><time>2024-02-09T09:17:39Z</time></trkpt>
			<trkpt lat="42.3910200" lon="13.8531300"><ele>953.66</ele><time>2024-02-09T09:17:39Z</time></trkpt>
			<trkpt lat="42.3910500" lon="13.8531500"><ele>954.55</ele><time>2024-02-09T09:17:39Z</time></trkpt>
			<trkpt lat="42.3911400" lon="13.8531900"><ele>957.126</ele><time>2024-02-09T09:17:39Z</time></trkpt>
			<trkpt lat="42.3911600" lon="13.8532200"><ele>957.936</ele><time>2024-02-09T09:17:39Z</time></trkpt>
			<trkpt lat="42.3911900" lon="13.8532500"><ele>959.003</ele><time>2024-02-09T09:17:39Z</time></trkpt>
			<trkpt lat="42.3912300" lon="13.8533200"><ele>960.831</ele><time>2024-02-09T09:17:39Z</time></trkpt>
			<trkpt lat="42.3912800" lon="13.8534400"><ele>964.726</ele><time>2024-02-09T09:17:39Z</time></trkpt>
			<trkpt lat="42.3913200" lon="13.8535200"><ele>967.973</ele><time>2024-02-09T09:17:39Z</time></trkpt>
			<trkpt lat="42.3913400" lon="13.8535300"><ele>968.934</ele><time>2024-02-09T09:17:39Z</time></trkpt>
			<trkpt lat="42.3913600" lon="13.8535500"><ele>970.188</ele><time>2024-02-09T09:17:39Z</time></trkpt>
			<trkpt lat="42.3913800" lon="13.8535700"><ele>971.483</ele><time>2024-02-09T09:17:39Z</time></trkpt>
			<trkpt lat="42.3913700" lon="13.8536000"><ele>971.943</ele><time>2024-02-09T09:17:39Z</time></trkpt>
			<trkpt lat="42.3913800" lon="13.8536900"><ele>974.636</ele><time>2024-02-09T09:17:39Z</time></trkpt>
			<trkpt lat="42.3913600" lon="13.8537000"><ele>974.096</ele><time>2024-02-09T09:17:39Z</time></trkpt>
			<trkpt lat="42.3913600" lon="13.8537300"><ele>974.852</ele><time>2024-02-09T09:17:39Z</time></trkpt>
			<trkpt lat="42.3913500" lon="13.8537500"><ele>974.96</ele><time>2024-02-09T09:17:39Z</time></trkpt>
			<trkpt lat="42.3913500" lon="13.8537900"><ele>975.968</ele><time>2024-02-09T09:17:39Z</time></trkpt>
			<trkpt lat="42.3913400" lon="13.8538200"><ele>976.328</ele><time>2024-02-09T09:17:39Z</time></trkpt>
			<trkpt lat="42.3913800" lon="13.8538600"><ele>978.92</ele><time>2024-02-09T09:17:39Z</time></trkpt>
			<trkpt lat="42.3914400" lon="13.8539000"><ele>981.415</ele><time>2024-02-09T09:17:39Z</time></trkpt>
			<trkpt lat="42.3914500" lon="13.8539200"><ele>981.901</ele><time>2024-02-09T09:17:39Z</time></trkpt>
			<trkpt lat="42.3914500" lon="13.8539500"><ele>982.248</ele><time>2024-02-09T09:17:39Z</time></trkpt>
			<trkpt lat="42.3914700" lon="13.8539700"><ele>983.005</ele><time>2024-02-09T09:17:39Z</time></trkpt>
			<trkpt lat="42.3914800" lon="13.8539900"><ele>983.507</ele><time>2024-02-09T09:17:39Z</time></trkpt>
			<trkpt lat="42.3915100" lon="13.8540200"><ele>984.674</ele><time>2024-02-09T09:17:39Z</time></trkpt>
			<trkpt lat="42.3915600" lon="13.8540400"><ele>986.279</ele><time>2024-02-09T09:17:39Z</time></trkpt>
			<trkpt lat="42.3915800" lon="13.8540300"><ele>986.69</ele><time>2024-02-09T09:17:39Z</time></trkpt>
			<trkpt lat="42.3916000" lon="13.8540300"><ele>987.23</ele><time>2024-02-09T09:17:39Z</time></trkpt>
			<trkpt lat="42.3916500" lon="13.8540900"><ele>989.433</ele><time>2024-02-09T09:17:39Z</time></trkpt>
			<trkpt lat="42.3917300" lon="13.8541800"><ele>992.306</ele><time>2024-02-09T09:17:39Z</time></trkpt>
			<trkpt lat="42.3917900" lon="13.8542500"><ele>994.386</ele><time>2024-02-09T09:17:39Z</time></trkpt>
			<trkpt lat="42.3918200" lon="13.8542700"><ele>995.287</ele><time>2024-02-09T09:17:39Z</time></trkpt>
			<trkpt lat="42.3918400" lon="13.8542800"><ele>995.853</ele><time>2024-02-09T09:17:39Z</time></trkpt>
			<trkpt lat="42.3919100" lon="13.8543700"><ele>998.858</ele><time>2024-02-09T09:17:39Z</time></trkpt>
			<trkpt lat="42.3919700" lon="13.8544600"><ele>1001.551</ele><time>2024-02-09T09:17:39Z</time></trkpt>
			<trkpt lat="42.3920500" lon="13.8545400"><ele>1003.944</ele><time>2024-02-09T09:17:39Z</time></trkpt>
			<trkpt lat="42.3920700" lon="13.8546500"><ele>1006.031</ele><time>2024-02-09T09:17:39Z</time></trkpt>
			<trkpt lat="42.3920900" lon="13.8547800"><ele>1008.738</ele><time>2024-02-09T09:17:39Z</time></trkpt>
			<trkpt lat="42.3921100" lon="13.8548800"><ele>1011.339</ele><time>2024-02-09T09:17:39Z</time></trkpt>
			<trkpt lat="42.3921600" lon="13.8549900"><ele>1015.848</ele><time>2024-02-09T09:17:39Z</time></trkpt>
			<trkpt lat="42.3922400" lon="13.8550300"><ele>1019.866</ele><time>2024-02-09T09:17:39Z</time></trkpt>
			<trkpt lat="42.3922900" lon="13.8550700"><ele>1021.593</ele><time>2024-02-09T09:17:39Z</time></trkpt>
			<trkpt lat="42.3923100" lon="13.8550800"><ele>1022.182</ele><time>2024-02-09T09:17:39Z</time></trkpt>
			<trkpt lat="42.3923200" lon="13.8550600"><ele>1022.176</ele><time>2024-02-09T09:17:39Z</time></trkpt>
			<trkpt lat="42.3923300" lon="13.8551000"><ele>1022.877</ele><time>2024-02-09T09:17:39Z</time></trkpt>
			<trkpt lat="42.3923400" lon="13.8551300"><ele>1023.443</ele><time>2024-02-09T09:17:39Z</time></trkpt>
			<trkpt lat="42.3923500" lon="13.8551500"><ele>1023.883</ele><time>2024-02-09T09:17:39Z</time></trkpt>
			<trkpt lat="42.3924100" lon="13.8552500"><ele>1026.115</ele><time>2024-02-09T09:17:39Z</time></trkpt>
			<trkpt lat="42.3925000" lon="13.8552800"><ele>1028</ele><time>2024-02-09T09:17:39Z</time></trkpt>
			<trkpt lat="42.3925900" lon="13.8553100"><ele>1029.808</ele><time>2024-02-09T09:17:39Z</time></trkpt>
			<trkpt lat="42.3926900" lon="13.8553400"><ele>1032.186</ele><time>2024-02-09T09:17:39Z</time></trkpt>
			<trkpt lat="42.3927600" lon="13.8554400"><ele>1035.413</ele><time>2024-02-09T09:17:39Z</time></trkpt>
			<trkpt lat="42.3928500" lon="13.8555000"><ele>1038.976</ele><time>2024-02-09T09:17:39Z</time></trkpt>
			<trkpt lat="42.3928900" lon="13.8555600"><ele>1041.254</ele><time>2024-02-09T09:17:39Z</time></trkpt>
			<trkpt lat="42.3929900" lon="13.8556000"><ele>1044.394</ele><time>2024-02-09T09:17:39Z</time></trkpt>
			<trkpt lat="42.3930700" lon="13.8556300"><ele>1046.824</ele><time>2024-02-09T09:17:39Z</time></trkpt>
			<trkpt lat="42.3931600" lon="13.8556900"><ele>1049.212</ele><time>2024-02-09T09:17:39Z</time></trkpt>
			<trkpt lat="42.3932200" lon="13.8557900"><ele>1051.647</ele><time>2024-02-09T09:17:39Z</time></trkpt>
			<trkpt lat="42.3932600" lon="13.8559000"><ele>1051.889</ele><time>2024-02-09T09:17:39Z</time></trkpt>
			<trkpt lat="42.3932900" lon="13.8559200"><ele>1052.299</ele><time>2024-02-09T09:17:39Z</time></trkpt>
			<trkpt lat="42.3933900" lon="13.8559600"><ele>1054.205</ele><time>2024-02-09T09:17:39Z</time></trkpt>
			<trkpt lat="42.3934800" lon="13.8559900"><ele>1056.309</ele><time>2024-02-09T09:17:39Z</time></trkpt>
			<trkpt lat="42.3935700" lon="13.8560200"><ele>1058.763</ele><time>2024-02-09T09:17:39Z</time></trkpt>
			<trkpt lat="42.3936700" lon="13.8560500"><ele>1060.92</ele><time>2024-02-09T09:17:39Z</time></trkpt>
			<trkpt lat="42.3937600" lon="13.8560600"><ele>1062.384</ele><time>2024-02-09T09:17:39Z</time></trkpt>
			<trkpt lat="42.3938500" lon="13.8560600"><ele>1063.825</ele><time>2024-02-09T09:17:39Z</time></trkpt>
			<trkpt lat="42.3939500" lon="13.8561000"><ele>1064.871</ele><time>2024-02-09T09:17:39Z</time></trkpt>
			<trkpt lat="42.3940200" lon="13.8561900"><ele>1064.668</ele><time>2024-02-09T09:17:39Z</time></trkpt>
			<trkpt lat="42.3941000" lon="13.8562600"><ele>1065.3</ele><time>2024-02-09T09:17:39Z</time></trkpt>
			<trkpt lat="42.3941400" lon="13.8562600"><ele>1065.763</ele><time>2024-02-09T09:17:39Z</time></trkpt>
			<trkpt lat="42.3941500" lon="13.8562800"><ele>1065.997</ele><time>2024-02-09T09:17:39Z</time></trkpt>
			<trkpt lat="42.3941700" lon="13.8563000"><ele>1066.429</ele><time>2024-02-09T09:17:39Z</time></trkpt>
			<trkpt lat="42.3941900" lon="13.8563000"><ele>1066.84</ele><time>2024-02-09T09:17:39Z</time></trkpt>
			<trkpt lat="42.3942100" lon="13.8563200"><ele>1067.441</ele><time>2024-02-09T09:17:39Z</time></trkpt>
			<trkpt lat="42.3942300" lon="13.8563300"><ele>1067.979</ele><time>2024-02-09T09:17:39Z</time></trkpt>
			<trkpt lat="42.3942800" lon="13.8563800"><ele>1069.74</ele><time>2024-02-09T09:17:39Z</time></trkpt>
			<trkpt lat="42.3943100" lon="13.8563900"><ele>1070.616</ele><time>2024-02-09T09:17:39Z</time></trkpt>
			<trkpt lat="42.3943400" lon="13.8564100"><ele>1071.463</ele><time>2024-02-09T09:17:39Z</time></trkpt>
			<trkpt lat="42.3943600" lon="13.8564300"><ele>1072.078</ele><time>2024-02-09T09:17:39Z</time></trkpt>
			<trkpt lat="42.3943900" lon="13.8564400"><ele>1072.924</ele><time>2024-02-09T09:17:39Z</time></trkpt>
			<trkpt lat="42.3944100" lon="13.8564400"><ele>1073.454</ele><time>2024-02-09T09:17:39Z</time></trkpt>
			<trkpt lat="42.3944300" lon="13.8564500"><ele>1074.053</ele><time>2024-02-09T09:17:39Z</time></trkpt>
			<trkpt lat="42.3944700" lon="13.8564600"><ele>1075.019</ele><time>2024-02-09T09:17:39Z</time></trkpt>
			<trkpt lat="42.3944900" lon="13.8564800"><ele>1075.584</ele><time>2024-02-09T09:17:39Z</time></trkpt>
			<trkpt lat="42.3945800" lon="13.8565400"><ele>1078.059</ele><time>2024-02-09T09:17:39Z</time></trkpt>
			<trkpt lat="42.3946300" lon="13.8565800"><ele>1079.635</ele><time>2024-02-09T09:17:39Z</time></trkpt>
			<trkpt lat="42.3946400" lon="13.8565900"><ele>1079.987</ele><time>2024-02-09T09:17:39Z</time></trkpt>
			<trkpt lat="42.3946800" lon="13.8566300"><ele>1081.448</ele><time>2024-02-09T09:17:39Z</time></trkpt>
			<trkpt lat="42.3947000" lon="13.8566500"><ele>1082.21</ele><time>2024-02-09T09:17:39Z</time></trkpt>
			<trkpt lat="42.3947900" lon="13.8567000"><ele>1085.701</ele><time>2024-02-09T09:17:39Z</time></trkpt>
			<trkpt lat="42.3948300" lon="13.8567200"><ele>1087.33</ele><time>2024-02-09T09:17:39Z</time></trkpt>
			<trkpt lat="42.3948200" lon="13.8567500"><ele>1087.722</ele><time>2024-02-09T09:17:39Z</time></trkpt>
			<trkpt lat="42.3948400" lon="13.8567800"><ele>1089.013</ele><time>2024-02-09T09:17:39Z</time></trkpt>
			<trkpt lat="42.3948500" lon="13.8568000"><ele>1089.781</ele><time>2024-02-09T09:17:39Z</time></trkpt>
			<trkpt lat="42.3948700" lon="13.8568200"><ele>1090.862</ele><time>2024-02-09T09:17:39Z</time></trkpt>
			<trkpt lat="42.3948800" lon="13.8568400"><ele>1091.642</ele><time>2024-02-09T09:17:39Z</time></trkpt>
			<trkpt lat="42.3949000" lon="13.8568600"><ele>1092.741</ele><time>2024-02-09T09:17:39Z</time></trkpt>
			<trkpt lat="42.3949100" lon="13.8568800"><ele>1093.535</ele><time>2024-02-09T09:17:39Z</time></trkpt>
			<trkpt lat="42.3949100" lon="13.8569100"><ele>1094.256</ele><time>2024-02-09T09:17:39Z</time></trkpt>
			<trkpt lat="42.3949300" lon="13.8569200"><ele>1095.138</ele><time>2024-02-09T09:17:39Z</time></trkpt>
			<trkpt lat="42.3949400" lon="13.8569400"><ele>1095.947</ele><time>2024-02-09T09:17:39Z</time></trkpt>
			<trkpt lat="42.3949600" lon="13.8569600"><ele>1097.232</ele><time>2024-02-09T09:17:39Z</time></trkpt>
			<trkpt lat="42.3949700" lon="13.8569800"><ele>1098.253</ele><time>2024-02-09T09:17:39Z</time></trkpt>
			<trkpt lat="42.3949800" lon="13.8570100"><ele>1099.644</ele><time>2024-02-09T09:17:39Z</time></trkpt>
			<trkpt lat="42.3949900" lon="13.8570400"><ele>1101.066</ele><time>2024-02-09T09:17:39Z</time></trkpt>
			<trkpt lat="42.3950100" lon="13.8570300"><ele>1101.346</ele><time>2024-02-09T09:17:39Z</time></trkpt>
			<trkpt lat="42.3950300" lon="13.8570400"><ele>1102.23</ele><time>2024-02-09T09:17:39Z</time></trkpt>
			<trkpt lat="42.3950500" lon="13.8570600"><ele>1103.45</ele><time>2024-02-09T09:17:39Z</time></trkpt>
			<trkpt lat="42.3950600" lon="13.8570900"><ele>1104.742</ele><time>2024-02-09T09:17:39Z</time></trkpt>
			<trkpt lat="42.3950600" lon="13.8571200"><ele>1105.775</ele><time>2024-02-09T09:17:39Z</time></trkpt>
			<trkpt lat="42.3950700" lon="13.8571300"><ele>1106.359</ele><time>2024-02-09T09:17:39Z</time></trkpt>
			<trkpt lat="42.3950900" lon="13.8571500"><ele>1107.512</ele><time>2024-02-09T09:17:39Z</time></trkpt>
			<trkpt lat="42.3951000" lon="13.8571700"><ele>1108.415</ele><time>2024-02-09T09:17:39Z</time></trkpt>
			<trkpt lat="42.3951000" lon="13.8571900"><ele>1109.084</ele><time>2024-02-09T09:17:39Z</time></trkpt>
			<trkpt lat="42.3951100" lon="13.8572200"><ele>1110.302</ele><time>2024-02-09T09:17:39Z</time></trkpt>
			<trkpt lat="42.3951200" lon="13.8572500"><ele>1111.535</ele><time>2024-02-09T09:17:39Z</time></trkpt>
			<trkpt lat="42.3951200" lon="13.8572700"><ele>1112.214</ele><time>2024-02-09T09:17:39Z</time></trkpt>
			<trkpt lat="42.3951400" lon="13.8573000"><ele>1113.685</ele><time>2024-02-09T09:17:39Z</time></trkpt>
			<trkpt lat="42.3951600" lon="13.8573200"><ele>1114.827</ele><time>2024-02-09T09:17:39Z</time></trkpt>
			<trkpt lat="42.3951500" lon="13.8573500"><ele>1115.628</ele><time>2024-02-09T09:17:39Z</time></trkpt>
			<trkpt lat="42.3951300" lon="13.8573700"><ele>1115.845</ele><time>2024-02-09T09:17:39Z</time></trkpt>
			<trkpt lat="42.3951200" lon="13.8573900"><ele>1116.289</ele><time>2024-02-09T09:17:39Z</time></trkpt>
			<trkpt lat="42.3951200" lon="13.8574200"><ele>1117.308</ele><time>2024-02-09T09:17:39Z</time></trkpt>
			<trkpt lat="42.3951200" lon="13.8574400"><ele>1117.987</ele><time>2024-02-09T09:17:39Z</time></trkpt>
			<trkpt lat="42.3951200" lon="13.8574800"><ele>1119.345</ele><time>2024-02-09T09:17:39Z</time></trkpt>
			<trkpt lat="42.3951200" lon="13.8575100"><ele>1120.456</ele><time>2024-02-09T09:17:39Z</time></trkpt>
			<trkpt lat="42.3951100" lon="13.8575400"><ele>1121.5</ele><time>2024-02-09T09:17:39Z</time></trkpt>
			<trkpt lat="42.3951100" lon="13.8575900"><ele>1123.66</ele><time>2024-02-09T09:17:39Z</time></trkpt>
			<trkpt lat="42.3951000" lon="13.8576000"><ele>1123.84</ele><time>2024-02-09T09:17:39Z</time></trkpt>
			<trkpt lat="42.3951000" lon="13.8576300"><ele>1125.136</ele><time>2024-02-09T09:17:39Z</time></trkpt>
			<trkpt lat="42.3951000" lon="13.8576600"><ele>1126.432</ele><time>2024-02-09T09:17:39Z</time></trkpt>
			<trkpt lat="42.3951000" lon="13.8576900"><ele>1127.728</ele><time>2024-02-09T09:17:39Z</time></trkpt>
			<trkpt lat="42.3950800" lon="13.8577200"><ele>1128.52</ele><time>2024-02-09T09:17:39Z</time></trkpt>
			<trkpt lat="42.3950800" lon="13.8577500"><ele>1129.816</ele><time>2024-02-09T09:17:39Z</time></trkpt>
			<trkpt lat="42.3950700" lon="13.8577800"><ele>1130.806</ele><time>2024-02-09T09:17:39Z</time></trkpt>
			<trkpt lat="42.3950600" lon="13.8578000"><ele>1130.94</ele><time>2024-02-09T09:17:39Z</time></trkpt>
			<trkpt lat="42.3950500" lon="13.8578300"><ele>1131.286</ele><time>2024-02-09T09:17:39Z</time></trkpt>
			<trkpt lat="42.3950300" lon="13.8578500"><ele>1131.232</ele><time>2024-02-09T09:17:39Z</time></trkpt>
			<trkpt lat="42.3950200" lon="13.8578700"><ele>1131.424</ele><time>2024-02-09T09:17:39Z</time></trkpt>
			<trkpt lat="42.3950300" lon="13.8579000"><ele>1132.253</ele><time>2024-02-09T09:17:39Z</time></trkpt>
			<trkpt lat="42.3950000" lon="13.8579300"><ele>1132.288</ele><time>2024-02-09T09:17:39Z</time></trkpt>
			<trkpt lat="42.3949800" lon="13.8579400"><ele>1131.838</ele><time>2024-02-09T09:17:39Z</time></trkpt>
			<trkpt lat="42.3949600" lon="13.8579600"><ele>1131.635</ele><time>2024-02-09T09:17:39Z</time></trkpt>
			<trkpt lat="42.3949500" lon="13.8579800"><ele>1131.781</ele><time>2024-02-09T09:17:39Z</time></trkpt>
			<trkpt lat="42.3949400" lon="13.8580100"><ele>1132.182</ele><time>2024-02-09T09:17:39Z</time></trkpt>
			<trkpt lat="42.3949400" lon="13.8580400"><ele>1132.9</ele><time>2024-02-09T09:17:39Z</time></trkpt>
			<trkpt lat="42.3949700" lon="13.8581100"><ele>1134.719</ele><time>2024-02-09T09:17:39Z</time></trkpt>
			<trkpt lat="42.3949900" lon="13.8580900"><ele>1135</ele><time>2024-02-09T09:17:39Z</time></trkpt>
			<trkpt lat="42.3950000" lon="13.8580600"><ele>1135.032</ele><time>2024-02-09T09:17:39Z</time></trkpt>
			<trkpt lat="42.3950200" lon="13.8580500"><ele>1135.172</ele><time>2024-02-09T09:17:39Z</time></trkpt>
			<trkpt lat="42.3950500" lon="13.8580500"><ele>1135.611</ele><time>2024-02-09T09:17:39Z</time></trkpt>
			<trkpt lat="42.3950800" lon="13.8580600"><ele>1136.156</ele><time>2024-02-09T09:17:39Z</time></trkpt>
			<trkpt lat="42.3950700" lon="13.8580300"><ele>1135.526</ele><time>2024-02-09T09:17:39Z</time></trkpt>
			<trkpt lat="42.3950900" lon="13.8580100"><ele>1135.471</ele><time>2024-02-09T09:17:39Z</time></trkpt>
			<trkpt lat="42.3951100" lon="13.8580000"><ele>1135.622</ele><time>2024-02-09T09:17:39Z</time></trkpt>
			<trkpt lat="42.3951300" lon="13.8579800"><ele>1135.622</ele><time>2024-02-09T09:17:39Z</time></trkpt>
			<trkpt lat="42.3951500" lon="13.8579600"><ele>1135.653</ele><time>2024-02-09T09:17:39Z</time></trkpt>
			<trkpt lat="42.3951800" lon="13.8579500"><ele>1136.051</ele><time>2024-02-09T09:17:39Z</time></trkpt>
			<trkpt lat="42.3952000" lon="13.8579400"><ele>1136.283</ele><time>2024-02-09T09:17:39Z</time></trkpt>
			<trkpt lat="42.3952200" lon="13.8579300"><ele>1136.53</ele><time>2024-02-09T09:17:39Z</time></trkpt>
			<trkpt lat="42.3952500" lon="13.8579100"><ele>1136.871</ele><time>2024-02-09T09:17:39Z</time></trkpt>
			<trkpt lat="42.3952600" lon="13.8579000"><ele>1136.956</ele><time>2024-02-09T09:17:39Z</time></trkpt>
			<trkpt lat="42.3952800" lon="13.8579000"><ele>1137.342</ele><time>2024-02-09T09:17:39Z</time></trkpt>
			<trkpt lat="42.3953000" lon="13.8578900"><ele>1137.45</ele><time>2024-02-09T09:17:39Z</time></trkpt>
			<trkpt lat="42.3953200" lon="13.8578900"><ele>1137.665</ele><time>2024-02-09T09:17:39Z</time></trkpt>
			<trkpt lat="42.3953400" lon="13.8578900"><ele>1137.88</ele><time>2024-02-09T09:17:39Z</time></trkpt>
			<trkpt lat="42.3953800" lon="13.8578900"><ele>1138.309</ele><time>2024-02-09T09:17:39Z</time></trkpt>
			<trkpt lat="42.3954700" lon="13.8578700"><ele>1139.307</ele><time>2024-02-09T09:17:39Z</time></trkpt>
			<trkpt lat="42.3955600" lon="13.8578200"><ele>1140.737</ele><time>2024-02-09T09:17:39Z</time></trkpt>
			<trkpt lat="42.3956700" lon="13.8577900"><ele>1142.094</ele><time>2024-02-09T09:17:39Z</time></trkpt>
			<trkpt lat="42.3957500" lon="13.8577300"><ele>1141.69</ele><time>2024-02-09T09:17:39Z</time></trkpt>
			<trkpt lat="42.3958500" lon="13.8576900"><ele>1141.397</ele><time>2024-02-09T09:17:39Z</time></trkpt>
			<trkpt lat="42.3959100" lon="13.8576600"><ele>1139.559</ele><time>2024-02-09T09:17:39Z</time></trkpt>
			<trkpt lat="42.3959300" lon="13.8576500"><ele>1139.061</ele><time>2024-02-09T09:17:39Z</time></trkpt>
			<trkpt lat="42.3959300" lon="13.8576200"><ele>1138.718</ele><time>2024-02-09T09:17:39Z</time></trkpt>
			<trkpt lat="42.3959300" lon="13.8575900"><ele>1138.376</ele><time>2024-02-09T09:17:39Z</time></trkpt>
			<trkpt lat="42.3959300" lon="13.8575600"><ele>1138.033</ele><time>2024-02-09T09:17:39Z</time></trkpt>
			<trkpt lat="42.3959300" lon="13.8575200"><ele>1137.576</ele><time>2024-02-09T09:17:39Z</time></trkpt>
			<trkpt lat="42.3959400" lon="13.8575000"><ele>1137.384</ele><time>2024-02-09T09:17:39Z</time></trkpt>
			<trkpt lat="42.3959500" lon="13.8574700"><ele>1136.612</ele><time>2024-02-09T09:17:39Z</time></trkpt>
			<trkpt lat="42.3959700" lon="13.8574600"><ele>1136.477</ele><time>2024-02-09T09:17:39Z</time></trkpt>
			<trkpt lat="42.3959900" lon="13.8574500"><ele>1136.373</ele><time>2024-02-09T09:17:39Z</time></trkpt>
			<trkpt lat="42.3960100" lon="13.8574300"><ele>1136.078</ele><time>2024-02-09T09:17:39Z</time></trkpt>
			<trkpt lat="42.3960200" lon="13.8574100"><ele>1135.738</ele><time>2024-02-09T09:17:39Z</time></trkpt>
			<trkpt lat="42.3960400" lon="13.8573900"><ele>1135.552</ele><time>2024-02-09T09:17:39Z</time></trkpt>
			<trkpt lat="42.3960500" lon="13.8573700"><ele>1135.29</ele><time>2024-02-09T09:17:39Z</time></trkpt>
			<trkpt lat="42.3960700" lon="13.8573500"><ele>1135.212</ele><time>2024-02-09T09:17:39Z</time></trkpt>
			<trkpt lat="42.3960900" lon="13.8573400"><ele>1135.357</ele><time>2024-02-09T09:17:39Z</time></trkpt>
			<trkpt lat="42.3961000" lon="13.8573000"><ele>1134.907</ele><time>2024-02-09T09:17:39Z</time></trkpt>
			<trkpt lat="42.3961100" lon="13.8572800"><ele>1134.809</ele><time>2024-02-09T09:17:39Z</time></trkpt>
			<trkpt lat="42.3961300" lon="13.8572700"><ele>1134.4</ele><time>2024-02-09T09:17:39Z</time></trkpt>
			<trkpt lat="42.3961500" lon="13.8572500"><ele>1133.938</ele><time>2024-02-09T09:17:39Z</time></trkpt>
			<trkpt lat="42.3961600" lon="13.8572300"><ele>1133.696</ele><time>2024-02-09T09:17:39Z</time></trkpt>
			<trkpt lat="42.3962400" lon="13.8571900"><ele>1132.218</ele><time>2024-02-09T09:17:39Z</time></trkpt>
			<trkpt lat="42.3963100" lon="13.8571300"><ele>1130.961</ele><time>2024-02-09T09:17:39Z</time></trkpt>
			<trkpt lat="42.3963100" lon="13.8571500"><ele>1131.31</ele><time>2024-02-09T09:17:39Z</time></trkpt>
			<trkpt lat="42.3963400" lon="13.8571400"><ele>1131.239</ele><time>2024-02-09T09:17:39Z</time></trkpt>
			<trkpt lat="42.3963600" lon="13.8571300"><ele>1131.199</ele><time>2024-02-09T09:17:39Z</time></trkpt>
			<trkpt lat="42.3963800" lon="13.8571100"><ele>1131.127</ele><time>2024-02-09T09:17:39Z</time></trkpt>
			<trkpt lat="42.3964000" lon="13.8570800"><ele>1130.583</ele><time>2024-02-09T09:17:39Z</time></trkpt>
			<trkpt lat="42.3964200" lon="13.8570600"><ele>1129.844</ele><time>2024-02-09T09:17:39Z</time></trkpt>
			<trkpt lat="42.3964300" lon="13.8570500"><ele>1129.529</ele><time>2024-02-09T09:17:39Z</time></trkpt>
			<trkpt lat="42.3964500" lon="13.8570500"><ele>1128.93</ele><time>2024-02-09T09:17:39Z</time></trkpt>
			<trkpt lat="42.3964600" lon="13.8570200"><ele>1128.801</ele><time>2024-02-09T09:17:39Z</time></trkpt>
			<trkpt lat="42.3964700" lon="13.8570000"><ele>1128.706</ele><time>2024-02-09T09:17:39Z</time></trkpt>
			<trkpt lat="42.3964800" lon="13.8569700"><ele>1128.778</ele><time>2024-02-09T09:17:39Z</time></trkpt>
			<trkpt lat="42.3965000" lon="13.8569900"><ele>1128.21</ele><time>2024-02-09T09:17:39Z</time></trkpt>
			<trkpt lat="42.3965200" lon="13.8569900"><ele>1127.828</ele><time>2024-02-09T09:17:39Z</time></trkpt>
			<trkpt lat="42.3965300" lon="13.8570000"><ele>1127.454</ele><time>2024-02-09T09:17:39Z</time></trkpt>
			<trkpt lat="42.3965200" lon="13.8569800"><ele>1127.994</ele><time>2024-02-09T09:17:39Z</time></trkpt>
			<trkpt lat="42.3965100" lon="13.8569600"><ele>1128.462</ele><time>2024-02-09T09:17:39Z</time></trkpt>
			<trkpt lat="42.3965200" lon="13.8569300"><ele>1128.276</ele><time>2024-02-09T09:17:39Z</time></trkpt>
			<trkpt lat="42.3965300" lon="13.8569100"><ele>1127.809</ele><time>2024-02-09T09:17:39Z</time></trkpt>
			<trkpt lat="42.3965500" lon="13.8568900"><ele>1127.417</ele><time>2024-02-09T09:17:39Z</time></trkpt>
			<trkpt lat="42.3965700" lon="13.8568600"><ele>1127.065</ele><time>2024-02-09T09:17:39Z</time></trkpt>
			<trkpt lat="42.3966000" lon="13.8568500"><ele>1127.176</ele><time>2024-02-09T09:17:39Z</time></trkpt>
			<trkpt lat="42.3966300" lon="13.8568400"><ele>1127.404</ele><time>2024-02-09T09:17:39Z</time></trkpt>
			<trkpt lat="42.3966400" lon="13.8568200"><ele>1127.539</ele><time>2024-02-09T09:17:39Z</time></trkpt>
			<trkpt lat="42.3966600" lon="13.8568000"><ele>1127.925</ele><time>2024-02-09T09:17:39Z</time></trkpt>
			<trkpt lat="42.3966800" lon="13.8567800"><ele>1127.929</ele><time>2024-02-09T09:17:39Z</time></trkpt>
			<trkpt lat="42.3967000" lon="13.8567600"><ele>1127.804</ele><time>2024-02-09T09:17:39Z</time></trkpt>
			<trkpt lat="42.3967200" lon="13.8567400"><ele>1127.813</ele><time>2024-02-09T09:17:39Z</time></trkpt>
			<trkpt lat="42.3967400" lon="13.8567200"><ele>1127.957</ele><time>2024-02-09T09:17:39Z</time></trkpt>
			<trkpt lat="42.3967500" lon="13.8567000"><ele>1128.292</ele><time>2024-02-09T09:17:39Z</time></trkpt>
			<trkpt lat="42.3967700" lon="13.8566800"><ele>1128.672</ele><time>2024-02-09T09:17:39Z</time></trkpt>
			<trkpt lat="42.3967700" lon="13.8566700"><ele>1128.918</ele><time>2024-02-09T09:17:39Z</time></trkpt>
			<trkpt lat="42.3967800" lon="13.8566600"><ele>1128.897</ele><time>2024-02-09T09:17:39Z</time></trkpt>
			<trkpt lat="42.3968000" lon="13.8566500"><ele>1128.803</ele><time>2024-02-09T09:17:39Z</time></trkpt>
			<trkpt lat="42.3968200" lon="13.8566400"><ele>1128.782</ele><time>2024-02-09T09:17:39Z</time></trkpt>
			<trkpt lat="42.3968400" lon="13.8566000"><ele>1128.697</ele><time>2024-02-09T09:17:39Z</time></trkpt>
			<trkpt lat="42.3968600" lon="13.8565800"><ele>1128.92</ele><time>2024-02-09T09:17:39Z</time></trkpt>
			<trkpt lat="42.3968800" lon="13.8565700"><ele>1129.262</ele><time>2024-02-09T09:17:39Z</time></trkpt>
			<trkpt lat="42.3969000" lon="13.8565500"><ele>1129.739</ele><time>2024-02-09T09:17:39Z</time></trkpt>
			<trkpt lat="42.3969100" lon="13.8565300"><ele>1130.114</ele><time>2024-02-09T09:17:39Z</time></trkpt>
			<trkpt lat="42.3969200" lon="13.8565100"><ele>1130.561</ele><time>2024-02-09T09:17:39Z</time></trkpt>
			<trkpt lat="42.3969400" lon="13.8564900"><ele>1131.402</ele><time>2024-02-09T09:17:39Z</time></trkpt>
			<trkpt lat="42.3969500" lon="13.8564700"><ele>1131.764</ele><time>2024-02-09T09:17:39Z</time></trkpt>
			<trkpt lat="42.3969400" lon="13.8564400"><ele>1132.081</ele><time>2024-02-09T09:17:39Z</time></trkpt>
			<trkpt lat="42.3969300" lon="13.8564200"><ele>1131.906</ele><time>2024-02-09T09:17:39Z</time></trkpt>
			<trkpt lat="42.3969400" lon="13.8563900"><ele>1132.761</ele><time>2024-02-09T09:17:39Z</time></trkpt>
			<trkpt lat="42.3969300" lon="13.8563500"><ele>1132.53</ele><time>2024-02-09T09:17:39Z</time></trkpt>
			<trkpt lat="42.3969300" lon="13.8563200"><ele>1132.729</ele><time>2024-02-09T09:17:39Z</time></trkpt>
			<trkpt lat="42.3969200" lon="13.8563000"><ele>1132.324</ele><time>2024-02-09T09:17:39Z</time></trkpt>
			<trkpt lat="42.3969200" lon="13.8562700"><ele>1132.511</ele><time>2024-02-09T09:17:39Z</time></trkpt>
			<trkpt lat="42.3969300" lon="13.8562400"><ele>1133.26</ele><time>2024-02-09T09:17:39Z</time></trkpt>
			<trkpt lat="42.3969500" lon="13.8562400"><ele>1134.231</ele><time>2024-02-09T09:17:39Z</time></trkpt>
			<trkpt lat="42.3969800" lon="13.8562300"><ele>1135.224</ele><time>2024-02-09T09:17:39Z</time></trkpt>
			<trkpt lat="42.3970000" lon="13.8562000"><ele>1136.328</ele><time>2024-02-09T09:17:39Z</time></trkpt>
			<trkpt lat="42.3970200" lon="13.8561600"><ele>1137.834</ele><time>2024-02-09T09:17:39Z</time></trkpt>
			<trkpt lat="42.3970700" lon="13.8560500"><ele>1141.328</ele><time>2024-02-09T09:17:39Z</time></trkpt>
			<trkpt lat="42.3970900" lon="13.8560400"><ele>1142.336</ele><time>2024-02-09T09:17:39Z</time></trkpt>
			<trkpt lat="42.3971000" lon="13.8560100"><ele>1142.84</ele><time>2024-02-09T09:17:39Z</time></trkpt>
			<trkpt lat="42.3971100" lon="13.8559900"><ele>1143.344</ele><time>2024-02-09T09:17:39Z</time></trkpt>
			<trkpt lat="42.3971300" lon="13.8559700"><ele>1144.352</ele><time>2024-02-09T09:17:39Z</time></trkpt>
			<trkpt lat="42.3971400" lon="13.8559500"><ele>1144.856</ele><time>2024-02-09T09:17:39Z</time></trkpt>
			<trkpt lat="42.3971600" lon="13.8559500"><ele>1145.864</ele><time>2024-02-09T09:17:39Z</time></trkpt>
			<trkpt lat="42.3971900" lon="13.8559200"><ele>1147.376</ele><time>2024-02-09T09:17:39Z</time></trkpt>
			<trkpt lat="42.3972100" lon="13.8559100"><ele>1148.384</ele><time>2024-02-09T09:17:39Z</time></trkpt>
			<trkpt lat="42.3972300" lon="13.8559100"><ele>1148.902</ele><time>2024-02-09T09:17:39Z</time></trkpt>
			<trkpt lat="42.3972500" lon="13.8559100"><ele>1148.652</ele><time>2024-02-09T09:17:39Z</time></trkpt>
			<trkpt lat="42.3972700" lon="13.8559000"><ele>1148.456</ele><time>2024-02-09T09:17:39Z</time></trkpt>
			<trkpt lat="42.3972800" lon="13.8558700"><ele>1148.545</ele><time>2024-02-09T09:17:39Z</time></trkpt>
			<trkpt lat="42.3973000" lon="13.8558600"><ele>1148.478</ele><time>2024-02-09T09:17:39Z</time></trkpt>
			<trkpt lat="42.3973200" lon="13.8558500"><ele>1148.458</ele><time>2024-02-09T09:17:39Z</time></trkpt>
			<trkpt lat="42.3973400" lon="13.8558300"><ele>1148.45</ele><time>2024-02-09T09:17:39Z</time></trkpt>
			<trkpt lat="42.3973600" lon="13.8558300"><ele>1148.389</ele><time>2024-02-09T09:17:39Z</time></trkpt>
			<trkpt lat="42.3973900" lon="13.8558300"><ele>1148.298</ele><time>2024-02-09T09:17:39Z</time></trkpt>
			<trkpt lat="42.3974100" lon="13.8558300"><ele>1148.237</ele><time>2024-02-09T09:17:39Z</time></trkpt>
			<trkpt lat="42.3974100" lon="13.8558000"><ele>1147.459</ele><time>2024-02-09T09:17:39Z</time></trkpt>
			<trkpt lat="42.3974100" lon="13.8557800"><ele>1146.939</ele><time>2024-02-09T09:17:39Z</time></trkpt>
			<trkpt lat="42.3974200" lon="13.8557600"><ele>1146.508</ele><time>2024-02-09T09:17:39Z</time></trkpt>
			<trkpt lat="42.3974400" lon="13.8557400"><ele>1146.265</ele><time>2024-02-09T09:17:39Z</time></trkpt>
			<trkpt lat="42.3974600" lon="13.8557300"><ele>1146.332</ele><time>2024-02-09T09:17:39Z</time></trkpt>
			<trkpt lat="42.3974600" lon="13.8557000"><ele>1145.805</ele><time>2024-02-09T09:17:39Z</time></trkpt>
			<trkpt lat="42.3974700" lon="13.8556700"><ele>1145.518</ele><time>2024-02-09T09:17:39Z</time></trkpt>
			<trkpt lat="42.3974900" lon="13.8556500"><ele>1145.747</ele><time>2024-02-09T09:17:39Z</time></trkpt>
			<trkpt lat="42.3974900" lon="13.8556200"><ele>1145.373</ele><time>2024-02-09T09:17:39Z</time></trkpt>
			<trkpt lat="42.3975100" lon="13.8555900"><ele>1145.404</ele><time>2024-02-09T09:17:39Z</time></trkpt>
			<trkpt lat="42.3975300" lon="13.8555700"><ele>1145.321</ele><time>2024-02-09T09:17:39Z</time></trkpt>
			<trkpt lat="42.3975400" lon="13.8555500"><ele>1145.145</ele><time>2024-02-09T09:17:39Z</time></trkpt>
			<trkpt lat="42.3975700" lon="13.8555300"><ele>1144.977</ele><time>2024-02-09T09:17:39Z</time></trkpt>
			<trkpt lat="42.3975900" lon="13.8555200"><ele>1145.035</ele><time>2024-02-09T09:17:39Z</time></trkpt>
			<trkpt lat="42.3976300" lon="13.8555100"><ele>1145.458</ele><time>2024-02-09T09:17:39Z</time></trkpt>
			<trkpt lat="42.3976500" lon="13.8554900"><ele>1145.613</ele><time>2024-02-09T09:17:39Z</time></trkpt>
			<trkpt lat="42.3976500" lon="13.8554700"><ele>1145.47</ele><time>2024-02-09T09:17:39Z</time></trkpt>
			<trkpt lat="42.3976500" lon="13.8554100"><ele>1145.042</ele><time>2024-02-09T09:17:39Z</time></trkpt>
			<trkpt lat="42.3976600" lon="13.8553700"><ele>1145.142</ele><time>2024-02-09T09:17:39Z</time></trkpt>
			<trkpt lat="42.3976800" lon="13.8553400"><ele>1145.849</ele><time>2024-02-09T09:17:39Z</time></trkpt>
			<trkpt lat="42.3977600" lon="13.8552900"><ele>1149.901</ele><time>2024-02-09T09:17:39Z</time></trkpt>
			<trkpt lat="42.3977800" lon="13.8552700"><ele>1150.779</ele><time>2024-02-09T09:17:39Z</time></trkpt>
			<trkpt lat="42.3978100" lon="13.8552600"><ele>1149.893</ele><time>2024-02-09T09:17:39Z</time></trkpt>
			<trkpt lat="42.3978300" lon="13.8552500"><ele>1149.31</ele><time>2024-02-09T09:17:39Z</time></trkpt>
			<trkpt lat="42.3978500" lon="13.8552300"><ele>1148.685</ele><time>2024-02-09T09:17:39Z</time></trkpt>
			<trkpt lat="42.3979400" lon="13.8551600"><ele>1147.339</ele><time>2024-02-09T09:17:39Z</time></trkpt>
			<trkpt lat="42.3980100" lon="13.8551300"><ele>1147.293</ele><time>2024-02-09T09:17:39Z</time></trkpt>
			<trkpt lat="42.3980200" lon="13.8550900"><ele>1147.914</ele><time>2024-02-09T09:17:39Z</time></trkpt>
			<trkpt lat="42.3980300" lon="13.8550600"><ele>1148.482</ele><time>2024-02-09T09:17:39Z</time></trkpt>
			<trkpt lat="42.3980600" lon="13.8550300"><ele>1149.386</ele><time>2024-02-09T09:17:39Z</time></trkpt>
			<trkpt lat="42.3980700" lon="13.8550100"><ele>1149.925</ele><time>2024-02-09T09:17:39Z</time></trkpt>
			<trkpt lat="42.3981000" lon="13.8549800"><ele>1150.353</ele><time>2024-02-09T09:17:39Z</time></trkpt>
			<trkpt lat="42.3981100" lon="13.8549400"><ele>1150.317</ele><time>2024-02-09T09:17:39Z</time></trkpt>
			<trkpt lat="42.3981200" lon="13.8549200"><ele>1150.479</ele><time>2024-02-09T09:17:39Z</time></trkpt>
			<trkpt lat="42.3981400" lon="13.8549000"><ele>1151.004</ele><time>2024-02-09T09:17:39Z</time></trkpt>
			<trkpt lat="42.3981800" lon="13.8548600"><ele>1152.489</ele><time>2024-02-09T09:17:39Z</time></trkpt>
			<trkpt lat="42.3982000" lon="13.8548500"><ele>1153.331</ele><time>2024-02-09T09:17:39Z</time></trkpt>
			<trkpt lat="42.3982000" lon="13.8548300"><ele>1153.567</ele><time>2024-02-09T09:17:39Z</time></trkpt>
			<trkpt lat="42.3982200" lon="13.8548100"><ele>1154.709</ele><time>2024-02-09T09:17:39Z</time></trkpt>
			<trkpt lat="42.3982700" lon="13.8548000"><ele>1157.218</ele><time>2024-02-09T09:17:39Z</time></trkpt>
			<trkpt lat="42.3982900" lon="13.8548000"><ele>1158.16</ele><time>2024-02-09T09:17:39Z</time></trkpt>
			<trkpt lat="42.3983100" lon="13.8547900"><ele>1159.419</ele><time>2024-02-09T09:17:39Z</time></trkpt>
			<trkpt lat="42.3983200" lon="13.8547800"><ele>1160.244</ele><time>2024-02-09T09:17:39Z</time></trkpt>
			<trkpt lat="42.3983400" lon="13.8547800"><ele>1161.117</ele><time>2024-02-09T09:17:39Z</time></trkpt>
			<trkpt lat="42.3983600" lon="13.8547900"><ele>1161.351</ele><time>2024-02-09T09:17:39Z</time></trkpt>
			<trkpt lat="42.3983800" lon="13.8548000"><ele>1161.591</ele><time>2024-02-09T09:17:39Z</time></trkpt>
			<trkpt lat="42.3984000" lon="13.8547900"><ele>1162.539</ele><time>2024-02-09T09:17:39Z</time></trkpt>
			<trkpt lat="42.3984100" lon="13.8547600"><ele>1163.886</ele><time>2024-02-09T09:17:39Z</time></trkpt>
			<trkpt lat="42.3984200" lon="13.8547400"><ele>1164.876</ele><time>2024-02-09T09:17:39Z</time></trkpt>
			<trkpt lat="42.3984400" lon="13.8547200"><ele>1166.095</ele><time>2024-02-09T09:17:39Z</time></trkpt>
			<trkpt lat="42.3984500" lon="13.8546900"><ele>1166.731</ele><time>2024-02-09T09:17:39Z</time></trkpt>
			<trkpt lat="42.3984500" lon="13.8546600"><ele>1167.077</ele><time>2024-02-09T09:17:39Z</time></trkpt>
			<trkpt lat="42.3984500" lon="13.8546600"><ele>1167.077</ele><time>2024-02-09T09:17:39Z</time></trkpt>
			<trkpt lat="42.3984700" lon="13.8546600"><ele>1167.814</ele><time>2024-02-09T09:17:39Z</time></trkpt>
			<trkpt lat="42.3984800" lon="13.8546300"><ele>1168.645</ele><time>2024-02-09T09:17:39Z</time></trkpt>
			<trkpt lat="42.3984900" lon="13.8546200"><ele>1169.22</ele><time>2024-02-09T09:17:39Z</time></trkpt>
			<trkpt lat="42.3985200" lon="13.8546000"><ele>1170.893</ele><time>2024-02-09T09:17:39Z</time></trkpt>
			<trkpt lat="42.3985300" lon="13.8545800"><ele>1171.777</ele><time>2024-02-09T09:17:39Z</time></trkpt>
			<trkpt lat="42.3985500" lon="13.8545700"><ele>1172.966</ele><time>2024-02-09T09:17:39Z</time></trkpt>
			<trkpt lat="42.3985700" lon="13.8545800"><ele>1173.666</ele><time>2024-02-09T09:17:39Z</time></trkpt>
			<trkpt lat="42.3986000" lon="13.8545900"><ele>1174.774</ele><time>2024-02-09T09:17:39Z</time></trkpt>
			<trkpt lat="42.3986300" lon="13.8545800"><ele>1175.754</ele><time>2024-02-09T09:17:39Z</time></trkpt>
			<trkpt lat="42.3986500" lon="13.8545800"><ele>1175.908</ele><time>2024-02-09T09:17:39Z</time></trkpt>
			<trkpt lat="42.3986800" lon="13.8545600"><ele>1177.002</ele><time>2024-02-09T09:17:39Z</time></trkpt>
			<trkpt lat="42.3987000" lon="13.8545500"><ele>1177.681</ele><time>2024-02-09T09:17:39Z</time></trkpt>
			<trkpt lat="42.3987300" lon="13.8545400"><ele>1178.561</ele><time>2024-02-09T09:17:39Z</time></trkpt>
			<trkpt lat="42.3987500" lon="13.8545400"><ele>1178.84</ele><time>2024-02-09T09:17:39Z</time></trkpt>
			<trkpt lat="42.3987700" lon="13.8545300"><ele>1179.69</ele><time>2024-02-09T09:17:39Z</time></trkpt>
			<trkpt lat="42.3987900" lon="13.8545300"><ele>1180</ele><time>2024-02-09T09:17:39Z</time></trkpt>
			<trkpt lat="42.3988100" lon="13.8545200"><ele>1180.943</ele><time>2024-02-09T09:17:39Z</time></trkpt>
			<trkpt lat="42.3988300" lon="13.8545100"><ele>1181.948</ele><time>2024-02-09T09:17:39Z</time></trkpt>
			<trkpt lat="42.3988400" lon="13.8544900"><ele>1183.494</ele><time>2024-02-09T09:17:39Z</time></trkpt>
			<trkpt lat="42.3988400" lon="13.8544600"><ele>1185.534</ele><time>2024-02-09T09:17:39Z</time></trkpt>
			<trkpt lat="42.3988500" lon="13.8544400"><ele>1186.787</ele><time>2024-02-09T09:17:39Z</time></trkpt>
			<trkpt lat="42.3988700" lon="13.8544200"><ele>1186.98</ele><time>2024-02-09T09:17:39Z</time></trkpt>
			<trkpt lat="42.3988900" lon="13.8544000"><ele>1187.175</ele><time>2024-02-09T09:17:39Z</time></trkpt>
			<trkpt lat="42.3989100" lon="13.8543900"><ele>1186.618</ele><time>2024-02-09T09:17:39Z</time></trkpt>
			<trkpt lat="42.3989300" lon="13.8543700"><ele>1186.132</ele><time>2024-02-09T09:17:39Z</time></trkpt>
			<trkpt lat="42.3989600" lon="13.8543400"><ele>1185.87</ele><time>2024-02-09T09:17:39Z</time></trkpt>
			<trkpt lat="42.3989800" lon="13.8543300"><ele>1185.903</ele><time>2024-02-09T09:17:39Z</time></trkpt>
			<trkpt lat="42.3990100" lon="13.8543000"><ele>1186.481</ele><time>2024-02-09T09:17:39Z</time></trkpt>
			<trkpt lat="42.3990400" lon="13.8542800"><ele>1187.329</ele><time>2024-02-09T09:17:39Z</time></trkpt>
			<trkpt lat="42.3990500" lon="13.8542600"><ele>1188.123</ele><time>2024-02-09T09:17:39Z</time></trkpt>
			<trkpt lat="42.3990800" lon="13.8542400"><ele>1189.593</ele><time>2024-02-09T09:17:39Z</time></trkpt>
			<trkpt lat="42.3991000" lon="13.8542400"><ele>1190.145</ele><time>2024-02-09T09:17:39Z</time></trkpt>
			<trkpt lat="42.3991200" lon="13.8542400"><ele>1190.696</ele><time>2024-02-09T09:17:39Z</time></trkpt>
			<trkpt lat="42.3991400" lon="13.8542300"><ele>1191.849</ele><time>2024-02-09T09:17:39Z</time></trkpt>
			<trkpt lat="42.3991600" lon="13.8542200"><ele>1193.127</ele><time>2024-02-09T09:17:39Z</time></trkpt>
			<trkpt lat="42.3991900" lon="13.8542100"><ele>1193.656</ele><time>2024-02-09T09:17:39Z</time></trkpt>
			<trkpt lat="42.3992100" lon="13.8541900"><ele>1195.024</ele><time>2024-02-09T09:17:39Z</time></trkpt>
			<trkpt lat="42.3992300" lon="13.8541700"><ele>1196.693</ele><time>2024-02-09T09:17:39Z</time></trkpt>
			<trkpt lat="42.3992600" lon="13.8541700"><ele>1196.655</ele><time>2024-02-09T09:17:39Z</time></trkpt>
			<trkpt lat="42.3992900" lon="13.8541700"><ele>1196.617</ele><time>2024-02-09T09:17:39Z</time></trkpt>
			<trkpt lat="42.3992700" lon="13.8541700"><ele>1196.643</ele><time>2024-02-09T09:17:39Z</time></trkpt>
			<trkpt lat="42.3992900" lon="13.8541600"><ele>1197.032</ele><time>2024-02-09T09:17:39Z</time></trkpt>
			<trkpt lat="42.3993100" lon="13.8541400"><ele>1197.21</ele><time>2024-02-09T09:17:39Z</time></trkpt>
			<trkpt lat="42.3993300" lon="13.8541200"><ele>1197.513</ele><time>2024-02-09T09:17:39Z</time></trkpt>
			<trkpt lat="42.3993500" lon="13.8541100"><ele>1197.8</ele><time>2024-02-09T09:17:39Z</time></trkpt>
			<trkpt lat="42.3993700" lon="13.8540900"><ele>1198.32</ele><time>2024-02-09T09:17:39Z</time></trkpt>
			<trkpt lat="42.3993900" lon="13.8540700"><ele>1198.966</ele><time>2024-02-09T09:17:39Z</time></trkpt>
			<trkpt lat="42.3994100" lon="13.8540500"><ele>1199.735</ele><time>2024-02-09T09:17:39Z</time></trkpt>
			<trkpt lat="42.3994300" lon="13.8540200"><ele>1200.895</ele><time>2024-02-09T09:17:39Z</time></trkpt>
			<trkpt lat="42.3994500" lon="13.8540100"><ele>1201.191</ele><time>2024-02-09T09:17:39Z</time></trkpt>
			<trkpt lat="42.3994700" lon="13.8540000"><ele>1200.402</ele><time>2024-02-09T09:17:39Z</time></trkpt>
			<trkpt lat="42.3994800" lon="13.8539800"><ele>1200.642</ele><time>2024-02-09T09:17:39Z</time></trkpt>
			<trkpt lat="42.3995000" lon="13.8539700"><ele>1200.121</ele><time>2024-02-09T09:17:39Z</time></trkpt>
			<trkpt lat="42.3995200" lon="13.8539500"><ele>1200.232</ele><time>2024-02-09T09:17:39Z</time></trkpt>
			<trkpt lat="42.3995300" lon="13.8539300"><ele>1200.92</ele><time>2024-02-09T09:17:39Z</time></trkpt>
			<trkpt lat="42.3995500" lon="13.8539100"><ele>1201.448</ele><time>2024-02-09T09:17:39Z</time></trkpt>
			<trkpt lat="42.3995700" lon="13.8539000"><ele>1201.552</ele><time>2024-02-09T09:17:39Z</time></trkpt>
			<trkpt lat="42.3995900" lon="13.8538900"><ele>1201.776</ele><time>2024-02-09T09:17:39Z</time></trkpt>
			<trkpt lat="42.3996000" lon="13.8538700"><ele>1202.236</ele><time>2024-02-09T09:17:39Z</time></trkpt>
			<trkpt lat="42.3996200" lon="13.8538500"><ele>1202.646</ele><time>2024-02-09T09:17:39Z</time></trkpt>
			<trkpt lat="42.3996400" lon="13.8538200"><ele>1203.698</ele><time>2024-02-09T09:17:39Z</time></trkpt>
			<trkpt lat="42.3996400" lon="13.8538000"><ele>1204.547</ele><time>2024-02-09T09:17:39Z</time></trkpt>
			<trkpt lat="42.3996600" lon="13.8537800"><ele>1205.556</ele><time>2024-02-09T09:17:39Z</time></trkpt>
			<trkpt lat="42.3996800" lon="13.8537600"><ele>1206.783</ele><time>2024-02-09T09:17:39Z</time></trkpt>
			<trkpt lat="42.3996900" lon="13.8537500"><ele>1207.478</ele><time>2024-02-09T09:17:39Z</time></trkpt>
			<trkpt lat="42.3997100" lon="13.8537300"><ele>1209.031</ele><time>2024-02-09T09:17:39Z</time></trkpt>
			<trkpt lat="42.3997100" lon="13.8537300"><ele>1209.031</ele><time>2024-02-09T09:17:39Z</time></trkpt>
			<trkpt lat="42.3997300" lon="13.8537100"><ele>1209.973</ele><time>2024-02-09T09:17:39Z</time></trkpt>
			<trkpt lat="42.3997500" lon="13.8536900"><ele>1209.82</ele><time>2024-02-09T09:17:39Z</time></trkpt>
			<trkpt lat="42.3997700" lon="13.8536800"><ele>1209.103</ele><time>2024-02-09T09:17:39Z</time></trkpt>
			<trkpt lat="42.3997800" lon="13.8536600"><ele>1209.98</ele><time>2024-02-09T09:17:39Z</time></trkpt>
			<trkpt lat="42.3997800" lon="13.8536600"><ele>1209.98</ele><time>2024-02-09T09:17:39Z</time></trkpt>
			<trkpt lat="42.3998000" lon="13.8536600"><ele>1208.646</ele><time>2024-02-09T09:17:39Z</time></trkpt>
			<trkpt lat="42.3998100" lon="13.8536300"><ele>1210.606</ele><time>2024-02-09T09:17:39Z</time></trkpt>
			<trkpt lat="42.3998100" lon="13.8536000"><ele>1212.235</ele><time>2024-02-09T09:17:39Z</time></trkpt>
			<trkpt lat="42.3997800" lon="13.8536000"><ele>1213.781</ele><time>2024-02-09T09:17:39Z</time></trkpt>
			<trkpt lat="42.3997700" lon="13.8535900"><ele>1214.186</ele><time>2024-02-09T09:17:39Z</time></trkpt>
			<trkpt lat="42.3997900" lon="13.8535800"><ele>1213.133</ele><time>2024-02-09T09:17:39Z</time></trkpt>
			<trkpt lat="42.3997900" lon="13.8535500"><ele>1212.933</ele><time>2024-02-09T09:17:39Z</time></trkpt>
			<trkpt lat="42.3997800" lon="13.8535300"><ele>1213.161</ele><time>2024-02-09T09:17:39Z</time></trkpt>
			<trkpt lat="42.3997600" lon="13.8535200"><ele>1213.75</ele><time>2024-02-09T09:17:39Z</time></trkpt>
			<trkpt lat="42.3997500" lon="13.8535000"><ele>1213.78</ele><time>2024-02-09T09:17:39Z</time></trkpt>
			<trkpt lat="42.3997400" lon="13.8534700"><ele>1213.545</ele><time>2024-02-09T09:17:39Z</time></trkpt>
			<trkpt lat="42.3997500" lon="13.8534400"><ele>1212.851</ele><time>2024-02-09T09:17:39Z</time></trkpt>
			<trkpt lat="42.3997600" lon="13.8534000"><ele>1212.157</ele><time>2024-02-09T09:17:39Z</time></trkpt>
			<trkpt lat="42.3997600" lon="13.8533700"><ele>1211.759</ele><time>2024-02-09T09:17:39Z</time></trkpt>
			<trkpt lat="42.3997700" lon="13.8533500"><ele>1211.529</ele><time>2024-02-09T09:17:39Z</time></trkpt>
			<trkpt lat="42.3997800" lon="13.8533200"><ele>1211.214</ele><time>2024-02-09T09:17:39Z</time></trkpt>
			<trkpt lat="42.3997800" lon="13.8532900"><ele>1210.76</ele><time>2024-02-09T09:17:39Z</time></trkpt>
			<trkpt lat="42.3998100" lon="13.8532200"><ele>1209.871</ele><time>2024-02-09T09:17:39Z</time></trkpt>
			<trkpt lat="42.3999400" lon="13.8531600"><ele>1209.583</ele><time>2024-02-09T09:17:39Z</time></trkpt>
			<trkpt lat="42.4000100" lon="13.8530700"><ele>1207.925</ele><time>2024-02-09T09:17:39Z</time></trkpt>
			<trkpt lat="42.4000900" lon="13.8530300"><ele>1204.995</ele><time>2024-02-09T09:17:39Z</time></trkpt>
			<trkpt lat="42.4001800" lon="13.8530500"><ele>1202.129</ele><time>2024-02-09T09:17:39Z</time></trkpt>
			<trkpt lat="42.4002800" lon="13.8530200"><ele>1198.49</ele><time>2024-02-09T09:17:39Z</time></trkpt>
			<trkpt lat="42.4003000" lon="13.8530200"><ele>1197.356</ele><time>2024-02-09T09:17:39Z</time></trkpt>
			<trkpt lat="42.4002900" lon="13.8530100"><ele>1197.818</ele><time>2024-02-09T09:17:39Z</time></trkpt>
			<trkpt lat="42.4002800" lon="13.8529900"><ele>1198.168</ele><time>2024-02-09T09:17:39Z</time></trkpt>
			<trkpt lat="42.4002800" lon="13.8529500"><ele>1197.738</ele><time>2024-02-09T09:17:39Z</time></trkpt>
			<trkpt lat="42.4002600" lon="13.8528200"><ele>1197.195</ele><time>2024-02-09T09:17:39Z</time></trkpt>
			<trkpt lat="42.4002900" lon="13.8526900"><ele>1194.12</ele><time>2024-02-09T09:17:39Z</time></trkpt>
			<trkpt lat="42.4003400" lon="13.8525900"><ele>1190.16</ele><time>2024-02-09T09:17:39Z</time></trkpt>
			<trkpt lat="42.4004000" lon="13.8524900"><ele>1186.043</ele><time>2024-02-09T09:17:39Z</time></trkpt>
			<trkpt lat="42.4004800" lon="13.8525400"><ele>1182.384</ele><time>2024-02-09T09:17:39Z</time></trkpt>
			<trkpt lat="42.4005700" lon="13.8525900"><ele>1178.675</ele><time>2024-02-09T09:17:39Z</time></trkpt>
			<trkpt lat="42.4006500" lon="13.8526900"><ele>1175.941</ele><time>2024-02-09T09:17:39Z</time></trkpt>
			<trkpt lat="42.4007000" lon="13.8528000"><ele>1173.635</ele><time>2024-02-09T09:17:39Z</time></trkpt>
			<trkpt lat="42.4007600" lon="13.8529100"><ele>1169.649</ele><time>2024-02-09T09:17:39Z</time></trkpt>
			<trkpt lat="42.4008000" lon="13.8530300"><ele>1166.431</ele><time>2024-02-09T09:17:39Z</time></trkpt>
			<trkpt lat="42.4009000" lon="13.8529900"><ele>1159.052</ele><time>2024-02-09T09:17:39Z</time></trkpt>
			<trkpt lat="42.4009500" lon="13.8528900"><ele>1156.614</ele><time>2024-02-09T09:17:39Z</time></trkpt>
			<trkpt lat="42.4010100" lon="13.8527800"><ele>1154.505</ele><time>2024-02-09T09:17:39Z</time></trkpt>
			<trkpt lat="42.4011200" lon="13.8528100"><ele>1146.387</ele><time>2024-02-09T09:17:39Z</time></trkpt>
			<trkpt lat="42.4011500" lon="13.8526800"><ele>1146.363</ele><time>2024-02-09T09:17:39Z</time></trkpt>
			<trkpt lat="42.4012000" lon="13.8525700"><ele>1146.046</ele><time>2024-02-09T09:17:39Z</time></trkpt>
			<trkpt lat="42.4012300" lon="13.8524600"><ele>1146.429</ele><time>2024-02-09T09:17:39Z</time></trkpt>
			<trkpt lat="42.4012500" lon="13.8523300"><ele>1143.746</ele><time>2024-02-09T09:17:39Z</time></trkpt>
			<trkpt lat="42.4013300" lon="13.8522600"><ele>1138.854</ele><time>2024-02-09T09:17:39Z</time></trkpt>
			<trkpt lat="42.4012900" lon="13.8521500"><ele>1137.53</ele><time>2024-02-09T09:17:39Z</time></trkpt>
			<trkpt lat="42.4012500" lon="13.8520400"><ele>1136.752</ele><time>2024-02-09T09:17:39Z</time></trkpt>
			<trkpt lat="42.4013000" lon="13.8519300"><ele>1129.566</ele><time>2024-02-09T09:17:39Z</time></trkpt>
			<trkpt lat="42.4013300" lon="13.8518100"><ele>1126.546</ele><time>2024-02-09T09:17:39Z</time></trkpt>
			<trkpt lat="42.4013000" lon="13.8516800"><ele>1127.586</ele><time>2024-02-09T09:17:39Z</time></trkpt>
			<trkpt lat="42.4012700" lon="13.8515500"><ele>1127.252</ele><time>2024-02-09T09:17:39Z</time></trkpt>
			<trkpt lat="42.4012300" lon="13.8514300"><ele>1127.723</ele><time>2024-02-09T09:17:39Z</time></trkpt>
			<trkpt lat="42.4012300" lon="13.8512700"><ele>1126.662</ele><time>2024-02-09T09:17:39Z</time></trkpt>
			<trkpt lat="42.4012300" lon="13.8511400"><ele>1126.127</ele><time>2024-02-09T09:17:39Z</time></trkpt>
			<trkpt lat="42.4012100" lon="13.8510200"><ele>1126.733</ele><time>2024-02-09T09:17:39Z</time></trkpt>
			<trkpt lat="42.4011700" lon="13.8509000"><ele>1127.719</ele><time>2024-02-09T09:17:39Z</time></trkpt>
			<trkpt lat="42.4011300" lon="13.8507900"><ele>1127.779</ele><time>2024-02-09T09:17:39Z</time></trkpt>
			<trkpt lat="42.4010800" lon="13.8506600"><ele>1127.163</ele><time>2024-02-09T09:17:39Z</time></trkpt>
			<trkpt lat="42.4010200" lon="13.8505400"><ele>1125.825</ele><time>2024-02-09T09:17:39Z</time></trkpt>
			<trkpt lat="42.4009800" lon="13.8504100"><ele>1122.637</ele><time>2024-02-09T09:17:39Z</time></trkpt>
			<trkpt lat="42.4009000" lon="13.8503400"><ele>1122.639</ele><time>2024-02-09T09:17:39Z</time></trkpt>
			<trkpt lat="42.4008700" lon="13.8502700"><ele>1121.87</ele><time>2024-02-09T09:17:39Z</time></trkpt>
			<trkpt lat="42.4009000" lon="13.8501300"><ele>1119.378</ele><time>2024-02-09T09:17:39Z</time></trkpt>
			<trkpt lat="42.4009500" lon="13.8500000"><ele>1115.54</ele><time>2024-02-09T09:17:39Z</time></trkpt>
			<trkpt lat="42.4010300" lon="13.8499300"><ele>1113.729</ele><time>2024-02-09T09:17:39Z</time></trkpt>
			<trkpt lat="42.4011200" lon="13.8498800"><ele>1108.682</ele><time>2024-02-09T09:17:39Z</time></trkpt>
			<trkpt lat="42.4012000" lon="13.8499500"><ele>1103.369</ele><time>2024-02-09T09:17:39Z</time></trkpt>
			<trkpt lat="42.4013000" lon="13.8499300"><ele>1097.18</ele><time>2024-02-09T09:17:39Z</time></trkpt>
			<trkpt lat="42.4013800" lon="13.8499800"><ele>1093.828</ele><time>2024-02-09T09:17:39Z</time></trkpt>
			<trkpt lat="42.4014400" lon="13.8500800"><ele>1092.155</ele><time>2024-02-09T09:17:39Z</time></trkpt>
			<trkpt lat="42.4015100" lon="13.8501800"><ele>1089.333</ele><time>2024-02-09T09:17:39Z</time></trkpt>
			<trkpt lat="42.4015800" lon="13.8502600"><ele>1086.092</ele><time>2024-02-09T09:17:39Z</time></trkpt>
			<trkpt lat="42.4016200" lon="13.8503900"><ele>1085.815</ele><time>2024-02-09T09:17:39Z</time></trkpt>
			<trkpt lat="42.4016600" lon="13.8505200"><ele>1084.254</ele><time>2024-02-09T09:17:39Z</time></trkpt>
			<trkpt lat="42.4016900" lon="13.8506500"><ele>1084.075</ele><time>2024-02-09T09:17:39Z</time></trkpt>
			<trkpt lat="42.4017000" lon="13.8507900"><ele>1085.839</ele><time>2024-02-09T09:17:39Z</time></trkpt>
			<trkpt lat="42.4017300" lon="13.8509100"><ele>1084.566</ele><time>2024-02-09T09:17:39Z</time></trkpt>
			<trkpt lat="42.4017500" lon="13.8510400"><ele>1083.446</ele><time>2024-02-09T09:17:39Z</time></trkpt>
			<trkpt lat="42.4017700" lon="13.8511800"><ele>1082.8</ele><time>2024-02-09T09:17:39Z</time></trkpt>
			<trkpt lat="42.4018000" lon="13.8513100"><ele>1081.792</ele><time>2024-02-09T09:17:39Z</time></trkpt>
			<trkpt lat="42.4018900" lon="13.8513600"><ele>1076.32</ele><time>2024-02-09T09:17:39Z</time></trkpt>
			<trkpt lat="42.4019400" lon="13.8514900"><ele>1073.652</ele><time>2024-02-09T09:17:39Z</time></trkpt>
			<trkpt lat="42.4020000" lon="13.8516000"><ele>1071.36</ele><time>2024-02-09T09:17:39Z</time></trkpt>
			<trkpt lat="42.4020900" lon="13.8517400"><ele>1068.366</ele><time>2024-02-09T09:17:39Z</time></trkpt>
			<trkpt lat="42.4021400" lon="13.8518400"><ele>1066.985</ele><time>2024-02-09T09:17:39Z</time></trkpt>
			<trkpt lat="42.4021800" lon="13.8519800"><ele>1066.123</ele><time>2024-02-09T09:17:39Z</time></trkpt>
			<trkpt lat="42.4021900" lon="13.8521100"><ele>1066.173</ele><time>2024-02-09T09:17:39Z</time></trkpt>
			<trkpt lat="42.4022000" lon="13.8522300"><ele>1066.148</ele><time>2024-02-09T09:17:39Z</time></trkpt>
			<trkpt lat="42.4022600" lon="13.8523300"><ele>1064.028</ele><time>2024-02-09T09:17:39Z</time></trkpt>
			<trkpt lat="42.4022900" lon="13.8521800"><ele>1062.371</ele><time>2024-02-09T09:17:39Z</time></trkpt>
			<trkpt lat="42.4023500" lon="13.8520600"><ele>1059.547</ele><time>2024-02-09T09:17:39Z</time></trkpt>
			<trkpt lat="42.4023900" lon="13.8519500"><ele>1057.388</ele><time>2024-02-09T09:17:39Z</time></trkpt>
			<trkpt lat="42.4024200" lon="13.8518000"><ele>1055.868</ele><time>2024-02-09T09:17:39Z</time></trkpt>
			<trkpt lat="42.4024800" lon="13.8516600"><ele>1053.602</ele><time>2024-02-09T09:17:39Z</time></trkpt>
			<trkpt lat="42.4025500" lon="13.8515500"><ele>1049.716</ele><time>2024-02-09T09:17:39Z</time></trkpt>
			<trkpt lat="42.4026000" lon="13.8514500"><ele>1046.681</ele><time>2024-02-09T09:17:39Z</time></trkpt>
			<trkpt lat="42.4026500" lon="13.8513300"><ele>1043.785</ele><time>2024-02-09T09:17:39Z</time></trkpt>
			<trkpt lat="42.4027000" lon="13.8512200"><ele>1041.3</ele><time>2024-02-09T09:17:39Z</time></trkpt>
			<trkpt lat="42.4027400" lon="13.8511100"><ele>1039.491</ele><time>2024-02-09T09:17:39Z</time></trkpt>
			<trkpt lat="42.4028000" lon="13.8510000"><ele>1036.864</ele><time>2024-02-09T09:17:39Z</time></trkpt>
			<trkpt lat="42.4028200" lon="13.8508700"><ele>1035.876</ele><time>2024-02-09T09:17:39Z</time></trkpt>
			<trkpt lat="42.4027700" lon="13.8507400"><ele>1036.916</ele><time>2024-02-09T09:17:39Z</time></trkpt>
			<trkpt lat="42.4027000" lon="13.8506400"><ele>1038.519</ele><time>2024-02-09T09:17:39Z</time></trkpt>
			<trkpt lat="42.4026800" lon="13.8506200"><ele>1038.941</ele><time>2024-02-09T09:17:39Z</time></trkpt>
			<trkpt lat="42.4026500" lon="13.8505800"><ele>1039.429</ele><time>2024-02-09T09:17:39Z</time></trkpt>
			<trkpt lat="42.4026200" lon="13.8505600"><ele>1040.019</ele><time>2024-02-09T09:17:39Z</time></trkpt>
			<trkpt lat="42.4026100" lon="13.8505300"><ele>1039.824</ele><time>2024-02-09T09:17:39Z</time></trkpt>
			<trkpt lat="42.4025900" lon="13.8505200"><ele>1040.179</ele><time>2024-02-09T09:17:39Z</time></trkpt>
			<trkpt lat="42.4025800" lon="13.8505000"><ele>1040.126</ele><time>2024-02-09T09:17:39Z</time></trkpt>
			<trkpt lat="42.4025600" lon="13.8504900"><ele>1040.493</ele><time>2024-02-09T09:17:39Z</time></trkpt>
			<trkpt lat="42.4025400" lon="13.8504700"><ele>1040.716</ele><time>2024-02-09T09:17:39Z</time></trkpt>
			<trkpt lat="42.4025200" lon="13.8504400"><ele>1040.802</ele><time>2024-02-09T09:17:39Z</time></trkpt>
			<trkpt lat="42.4024400" lon="13.8503600"><ele>1041.76</ele><time>2024-02-09T09:17:39Z</time></trkpt>
			<trkpt lat="42.4023700" lon="13.8502900"><ele>1042.473</ele><time>2024-02-09T09:17:39Z</time></trkpt>
			<trkpt lat="42.4023000" lon="13.8502100"><ele>1042.644</ele><time>2024-02-09T09:17:39Z</time></trkpt>
			<trkpt lat="42.4022200" lon="13.8501100"><ele>1042.501</ele><time>2024-02-09T09:17:39Z</time></trkpt>
			<trkpt lat="42.4021500" lon="13.8500200"><ele>1044.573</ele><time>2024-02-09T09:17:39Z</time></trkpt>
			<trkpt lat="42.4020900" lon="13.8499200"><ele>1045.628</ele><time>2024-02-09T09:17:39Z</time></trkpt>
			<trkpt lat="42.4020200" lon="13.8498200"><ele>1046.521</ele><time>2024-02-09T09:17:39Z</time></trkpt>
			<trkpt lat="42.4019700" lon="13.8497100"><ele>1045.684</ele><time>2024-02-09T09:17:39Z</time></trkpt>
			<trkpt lat="42.4019000" lon="13.8496100"><ele>1048.531</ele><time>2024-02-09T09:17:39Z</time></trkpt>
			<trkpt lat="42.4018200" lon="13.8495100"><ele>1052.799</ele><time>2024-02-09T09:17:39Z</time></trkpt>
			<trkpt lat="42.4017600" lon="13.8494100"><ele>1054.583</ele><time>2024-02-09T09:17:39Z</time></trkpt>
			<trkpt lat="42.4016900" lon="13.8493300"><ele>1055.779</ele><time>2024-02-09T09:17:39Z</time></trkpt>
			<trkpt lat="42.4016200" lon="13.8492200"><ele>1053.775</ele><time>2024-02-09T09:17:39Z</time></trkpt>
			<trkpt lat="42.4015600" lon="13.8491200"><ele>1052.765</ele><time>2024-02-09T09:17:39Z</time></trkpt>
			<trkpt lat="42.4014800" lon="13.8490300"><ele>1053.292</ele><time>2024-02-09T09:17:39Z</time></trkpt>
			<trkpt lat="42.4014000" lon="13.8489600"><ele>1053.475</ele><time>2024-02-09T09:17:39Z</time></trkpt>
			<trkpt lat="42.4012900" lon="13.8489200"><ele>1054.288</ele><time>2024-02-09T09:17:39Z</time></trkpt>
			<trkpt lat="42.4012200" lon="13.8488200"><ele>1052.761</ele><time>2024-02-09T09:17:39Z</time></trkpt>
			<trkpt lat="42.4011400" lon="13.8487300"><ele>1051.859</ele><time>2024-02-09T09:17:39Z</time></trkpt>
			<trkpt lat="42.4010600" lon="13.8486800"><ele>1052.915</ele><time>2024-02-09T09:17:39Z</time></trkpt>
			<trkpt lat="42.4009700" lon="13.8486200"><ele>1054.369</ele><time>2024-02-09T09:17:39Z</time></trkpt>
			<trkpt lat="42.4008900" lon="13.8485600"><ele>1055.86</ele><time>2024-02-09T09:17:39Z</time></trkpt>
			<trkpt lat="42.4008000" lon="13.8485200"><ele>1058.309</ele><time>2024-02-09T09:17:39Z</time></trkpt>
			<trkpt lat="42.4007000" lon="13.8484700"><ele>1061.173</ele><time>2024-02-09T09:17:39Z</time></trkpt>
			<trkpt lat="42.4006200" lon="13.8484100"><ele>1061.772</ele><time>2024-02-09T09:17:39Z</time></trkpt>
			<trkpt lat="42.4005500" lon="13.8483500"><ele>1061.135</ele><time>2024-02-09T09:17:39Z</time></trkpt>
			<trkpt lat="42.4004500" lon="13.8483000"><ele>1063.355</ele><time>2024-02-09T09:17:39Z</time></trkpt>
			<trkpt lat="42.4003600" lon="13.8482400"><ele>1064.204</ele><time>2024-02-09T09:17:39Z</time></trkpt>
			<trkpt lat="42.4002700" lon="13.8481800"><ele>1063.878</ele><time>2024-02-09T09:17:39Z</time></trkpt>
			<trkpt lat="42.4001800" lon="13.8481200"><ele>1062.699</ele><time>2024-02-09T09:17:39Z</time></trkpt>
			<trkpt lat="42.4000900" lon="13.8481000"><ele>1063.808</ele><time>2024-02-09T09:17:39Z</time></trkpt>
			<trkpt lat="42.3999900" lon="13.8480800"><ele>1065.161</ele><time>2024-02-09T09:17:39Z</time></trkpt>
			<trkpt lat="42.3999000" lon="13.8480700"><ele>1065.685</ele><time>2024-02-09T09:17:39Z</time></trkpt>
			<trkpt lat="42.3998000" lon="13.8480700"><ele>1066.747</ele><time>2024-02-09T09:17:39Z</time></trkpt>
			<trkpt lat="42.3997100" lon="13.8480800"><ele>1068.068</ele><time>2024-02-09T09:17:39Z</time></trkpt>
			<trkpt lat="42.3996100" lon="13.8481000"><ele>1069.762</ele><time>2024-02-09T09:17:39Z</time></trkpt>
			<trkpt lat="42.3995200" lon="13.8480900"><ele>1070.091</ele><time>2024-02-09T09:17:39Z</time></trkpt>
			<trkpt lat="42.3994200" lon="13.8480800"><ele>1070.569</ele><time>2024-02-09T09:17:39Z</time></trkpt>
			<trkpt lat="42.3993200" lon="13.8480800"><ele>1071.945</ele><time>2024-02-09T09:17:39Z</time></trkpt>
			<trkpt lat="42.3992300" lon="13.8480600"><ele>1072.287</ele><time>2024-02-09T09:17:39Z</time></trkpt>
			<trkpt lat="42.3991200" lon="13.8480800"><ele>1074.807</ele><time>2024-02-09T09:17:39Z</time></trkpt>
			<trkpt lat="42.3990200" lon="13.8480800"><ele>1076.417</ele><time>2024-02-09T09:17:39Z</time></trkpt>
			<trkpt lat="42.3989400" lon="13.8480300"><ele>1076.913</ele><time>2024-02-09T09:17:39Z</time></trkpt>
			<trkpt lat="42.3988500" lon="13.8479700"><ele>1077.136</ele><time>2024-02-09T09:17:39Z</time></trkpt>
			<trkpt lat="42.3987800" lon="13.8478900"><ele>1076.567</ele><time>2024-02-09T09:17:39Z</time></trkpt>
			<trkpt lat="42.3987600" lon="13.8478600"><ele>1076.507</ele><time>2024-02-09T09:17:39Z</time></trkpt>
			<trkpt lat="42.3987300" lon="13.8478400"><ele>1076.507</ele><time>2024-02-09T09:17:39Z</time></trkpt>
			<trkpt lat="42.3987000" lon="13.8478100"><ele>1076.596</ele><time>2024-02-09T09:17:39Z</time></trkpt>
			<trkpt lat="42.3986900" lon="13.8477900"><ele>1076.678</ele><time>2024-02-09T09:17:39Z</time></trkpt>
			<trkpt lat="42.3986900" lon="13.8477900"><ele>1076.678</ele><time>2024-02-09T09:17:39Z</time></trkpt>
			<trkpt lat="42.3986800" lon="13.8477500"><ele>1076.902</ele><time>2024-02-09T09:17:39Z</time></trkpt>
			<trkpt lat="42.3986400" lon="13.8476400"><ele>1077.495</ele><time>2024-02-09T09:17:39Z</time></trkpt>
			<trkpt lat="42.3986200" lon="13.8475100"><ele>1077.994</ele><time>2024-02-09T09:17:39Z</time></trkpt>
			<trkpt lat="42.3986100" lon="13.8473700"><ele>1078.9</ele><time>2024-02-09T09:17:39Z</time></trkpt>
			<trkpt lat="42.3986100" lon="13.8472500"><ele>1079.764</ele><time>2024-02-09T09:17:39Z</time></trkpt>
			<trkpt lat="42.3986100" lon="13.8472100"><ele>1080.052</ele><time>2024-02-09T09:17:39Z</time></trkpt>
			<trkpt lat="42.3986000" lon="13.8471700"><ele>1080.024</ele><time>2024-02-09T09:17:39Z</time></trkpt>
			<trkpt lat="42.3986000" lon="13.8471300"><ele>1080.317</ele><time>2024-02-09T09:17:39Z</time></trkpt>
			<trkpt lat="42.3986000" lon="13.8471000"><ele>1080.538</ele><time>2024-02-09T09:17:39Z</time></trkpt>
			<trkpt lat="42.3986100" lon="13.8470700"><ele>1081.062</ele><time>2024-02-09T09:17:39Z</time></trkpt>
			<trkpt lat="42.3986200" lon="13.8470300"><ele>1081.286</ele><time>2024-02-09T09:17:39Z</time></trkpt>
			<trkpt lat="42.3986200" lon="13.8470100"><ele>1081.423</ele><time>2024-02-09T09:17:39Z</time></trkpt>
			<trkpt lat="42.3986200" lon="13.8469700"><ele>1081.697</ele><time>2024-02-09T09:17:39Z</time></trkpt>
			<trkpt lat="42.3986200" lon="13.8469300"><ele>1081.874</ele><time>2024-02-09T09:17:39Z</time></trkpt>
			<trkpt lat="42.3986200" lon="13.8469000"><ele>1081.877</ele><time>2024-02-09T09:17:39Z</time></trkpt>
			<trkpt lat="42.3986100" lon="13.8468600"><ele>1081.972</ele><time>2024-02-09T09:17:39Z</time></trkpt>
			<trkpt lat="42.3985700" lon="13.8467500"><ele>1081.127</ele><time>2024-02-09T09:17:39Z</time></trkpt>
			<trkpt lat="42.3985500" lon="13.8467000"><ele>1080.821</ele><time>2024-02-09T09:17:39Z</time></trkpt>
			<trkpt lat="42.3985200" lon="13.8466400"><ele>1080.646</ele><time>2024-02-09T09:17:39Z</time></trkpt>
			<trkpt lat="42.3984800" lon="13.8465200"><ele>1081.444</ele><time>2024-02-09T09:17:39Z</time></trkpt>
			<trkpt lat="42.3984400" lon="13.8464000"><ele>1082.614</ele><time>2024-02-09T09:17:39Z</time></trkpt>
			<trkpt lat="42.3984300" lon="13.8463500"><ele>1082.976</ele><time>2024-02-09T09:17:39Z</time></trkpt>
			<trkpt lat="42.3984300" lon="13.8462700"><ele>1083.552</ele><time>2024-02-09T09:17:39Z</time></trkpt>
			<trkpt lat="42.3984700" lon="13.8462200"><ele>1084.2</ele><time>2024-02-09T09:17:39Z</time></trkpt>
			<trkpt lat="42.3984400" lon="13.8461000"><ele>1084.993</ele><time>2024-02-09T09:17:39Z</time></trkpt>
			<trkpt lat="42.3984300" lon="13.8459700"><ele>1087.567</ele><time>2024-02-09T09:17:39Z</time></trkpt>
			<trkpt lat="42.3984900" lon="13.8458700"><ele>1089.846</ele><time>2024-02-09T09:17:39Z</time></trkpt>
			<trkpt lat="42.3985100" lon="13.8457500"><ele>1091.945</ele><time>2024-02-09T09:17:39Z</time></trkpt>
			<trkpt lat="42.3984700" lon="13.8457000"><ele>1092.656</ele><time>2024-02-09T09:17:39Z</time></trkpt>
			<trkpt lat="42.3984400" lon="13.8456800"><ele>1092.932</ele><time>2024-02-09T09:17:39Z</time></trkpt>
			<trkpt lat="42.3983900" lon="13.8455800"><ele>1094.578</ele><time>2024-02-09T09:17:39Z</time></trkpt>
			<trkpt lat="42.3983400" lon="13.8454700"><ele>1096.533</ele><time>2024-02-09T09:17:39Z</time></trkpt>
			<trkpt lat="42.3983000" lon="13.8453600"><ele>1098.484</ele><time>2024-02-09T09:17:39Z</time></trkpt>
			<trkpt lat="42.3983200" lon="13.8452300"><ele>1100.86</ele><time>2024-02-09T09:17:39Z</time></trkpt>
			<trkpt lat="42.3983000" lon="13.8451000"><ele>1103.2</ele><time>2024-02-09T09:17:39Z</time></trkpt>
			<trkpt lat="42.3982500" lon="13.8449900"><ele>1105.169</ele><time>2024-02-09T09:17:39Z</time></trkpt>
			<trkpt lat="42.3982000" lon="13.8448900"><ele>1106.79</ele><time>2024-02-09T09:17:39Z</time></trkpt>
			<trkpt lat="42.3981500" lon="13.8447900"><ele>1108.281</ele><time>2024-02-09T09:17:39Z</time></trkpt>
			<trkpt lat="42.3981500" lon="13.8446400"><ele>1111.116</ele><time>2024-02-09T09:17:39Z</time></trkpt>
			<trkpt lat="42.3981300" lon="13.8446000"><ele>1111.908</ele><time>2024-02-09T09:17:39Z</time></trkpt>
			<trkpt lat="42.3981100" lon="13.8445800"><ele>1112.268</ele><time>2024-02-09T09:17:39Z</time></trkpt>
			<trkpt lat="42.3981200" lon="13.8444500"><ele>1115.112</ele><time>2024-02-09T09:17:39Z</time></trkpt>
			<trkpt lat="42.3980800" lon="13.8443300"><ele>1117.148</ele><time>2024-02-09T09:17:39Z</time></trkpt>
			<trkpt lat="42.3980500" lon="13.8442200"><ele>1119.064</ele><time>2024-02-09T09:17:39Z</time></trkpt>
			<trkpt lat="42.3980300" lon="13.8440900"><ele>1122.525</ele><time>2024-02-09T09:17:39Z</time></trkpt>
			<trkpt lat="42.3980200" lon="13.8439600"><ele>1126.634</ele><time>2024-02-09T09:17:39Z</time></trkpt>
			<trkpt lat="42.3980100" lon="13.8438400"><ele>1130.01</ele><time>2024-02-09T09:17:39Z</time></trkpt>
			<trkpt lat="42.3979700" lon="13.8437200"><ele>1132.573</ele><time>2024-02-09T09:17:39Z</time></trkpt>
			<trkpt lat="42.3979800" lon="13.8437000"><ele>1133.118</ele><time>2024-02-09T09:17:39Z</time></trkpt>
			<trkpt lat="42.3979600" lon="13.8436600"><ele>1133.857</ele><time>2024-02-09T09:17:39Z</time></trkpt>
			<trkpt lat="42.3979600" lon="13.8436300"><ele>1134.539</ele><time>2024-02-09T09:17:39Z</time></trkpt>
			<trkpt lat="42.3979600" lon="13.8436000"><ele>1135.288</ele><time>2024-02-09T09:17:39Z</time></trkpt>
			<trkpt lat="42.3979600" lon="13.8435200"><ele>1137.592</ele><time>2024-02-09T09:17:39Z</time></trkpt>
			<trkpt lat="42.3979300" lon="13.8434100"><ele>1140.436</ele><time>2024-02-09T09:17:39Z</time></trkpt>
			<trkpt lat="42.3979000" lon="13.8433300"><ele>1142.392</ele><time>2024-02-09T09:17:39Z</time></trkpt>
			<trkpt lat="42.3979000" lon="13.8433000"><ele>1143.04</ele><time>2024-02-09T09:17:39Z</time></trkpt>
			<trkpt lat="42.3979100" lon="13.8431700"><ele>1145.956</ele><time>2024-02-09T09:17:39Z</time></trkpt>
			<trkpt lat="42.3979100" lon="13.8430500"><ele>1148.498</ele><time>2024-02-09T09:17:39Z</time></trkpt>
			<trkpt lat="42.3978300" lon="13.8429700"><ele>1148.738</ele><time>2024-02-09T09:17:39Z</time></trkpt>
			<trkpt lat="42.3978500" lon="13.8429300"><ele>1149.47</ele><time>2024-02-09T09:17:39Z</time></trkpt>
			<trkpt lat="42.3978900" lon="13.8429000"><ele>1150.226</ele><time>2024-02-09T09:17:39Z</time></trkpt>
			<trkpt lat="42.3978800" lon="13.8428700"><ele>1150.53</ele><time>2024-02-09T09:17:39Z</time></trkpt>
			<trkpt lat="42.3978700" lon="13.8428500"><ele>1150.71</ele><time>2024-02-09T09:17:39Z</time></trkpt>
			<trkpt lat="42.3978700" lon="13.8428200"><ele>1151.106</ele><time>2024-02-09T09:17:39Z</time></trkpt>
			<trkpt lat="42.3978700" lon="13.8428000"><ele>1151.371</ele><time>2024-02-09T09:17:39Z</time></trkpt>
			<trkpt lat="42.3978600" lon="13.8427800"><ele>1151.562</ele><time>2024-02-09T09:17:39Z</time></trkpt>
			<trkpt lat="42.3978400" lon="13.8427500"><ele>1151.958</ele><time>2024-02-09T09:17:39Z</time></trkpt>
			<trkpt lat="42.3978300" lon="13.8427300"><ele>1152.279</ele><time>2024-02-09T09:17:39Z</time></trkpt>
			<trkpt lat="42.3978500" lon="13.8427000"><ele>1152.909</ele><time>2024-02-09T09:17:39Z</time></trkpt>
			<trkpt lat="42.3978400" lon="13.8426700"><ele>1153.428</ele><time>2024-02-09T09:17:39Z</time></trkpt>
			<trkpt lat="42.3978300" lon="13.8426400"><ele>1153.979</ele><time>2024-02-09T09:17:39Z</time></trkpt>
			<trkpt lat="42.3978300" lon="13.8426200"><ele>1154.357</ele><time>2024-02-09T09:17:39Z</time></trkpt>
			<trkpt lat="42.3978400" lon="13.8425900"><ele>1154.898</ele><time>2024-02-09T09:17:39Z</time></trkpt>
			<trkpt lat="42.3978300" lon="13.8425700"><ele>1155.302</ele><time>2024-02-09T09:17:39Z</time></trkpt>
			<trkpt lat="42.3978300" lon="13.8425400"><ele>1155.868</ele><time>2024-02-09T09:17:39Z</time></trkpt>
			<trkpt lat="42.3978200" lon="13.8424100"><ele>1157.894</ele><time>2024-02-09T09:17:39Z</time></trkpt>
			<trkpt lat="42.3977900" lon="13.8422800"><ele>1160.01</ele><time>2024-02-09T09:17:39Z</time></trkpt>
			<trkpt lat="42.3977600" lon="13.8421400"><ele>1162.215</ele><time>2024-02-09T09:17:39Z</time></trkpt>
			<trkpt lat="42.3977400" lon="13.8421000"><ele>1162.923</ele><time>2024-02-09T09:17:39Z</time></trkpt>
			<trkpt lat="42.3976700" lon="13.8420900"><ele>1163.439</ele><time>2024-02-09T09:17:39Z</time></trkpt>
			<trkpt lat="42.3975900" lon="13.8420100"><ele>1165.962</ele><time>2024-02-09T09:17:39Z</time></trkpt>
			<trkpt lat="42.3975100" lon="13.8419300"><ele>1169.01</ele><time>2024-02-09T09:17:39Z</time></trkpt>
			<trkpt lat="42.3974600" lon="13.8418600"><ele>1168.215</ele><time>2024-02-09T09:17:39Z</time></trkpt>
			<trkpt lat="42.3974400" lon="13.8418400"><ele>1167.645</ele><time>2024-02-09T09:17:39Z</time></trkpt>
			<trkpt lat="42.3974200" lon="13.8418200"><ele>1167.116</ele><time>2024-02-09T09:17:39Z</time></trkpt>
			<trkpt lat="42.3974000" lon="13.8416900"><ele>1168.387</ele><time>2024-02-09T09:17:39Z</time></trkpt>
			<trkpt lat="42.3973800" lon="13.8416500"><ele>1168.396</ele><time>2024-02-09T09:17:39Z</time></trkpt>
			<trkpt lat="42.3973600" lon="13.8415200"><ele>1170.112</ele><time>2024-02-09T09:17:39Z</time></trkpt>
			<trkpt lat="42.3973600" lon="13.8414400"><ele>1171.557</ele><time>2024-02-09T09:17:39Z</time></trkpt>
			<trkpt lat="42.3973400" lon="13.8413100"><ele>1172.24</ele><time>2024-02-09T09:17:39Z</time></trkpt>
			<trkpt lat="42.3973600" lon="13.8411900"><ele>1172.835</ele><time>2024-02-09T09:17:39Z</time></trkpt>
			<trkpt lat="42.3973900" lon="13.8411500"><ele>1173.539</ele><time>2024-02-09T09:17:39Z</time></trkpt>
			<trkpt lat="42.3974100" lon="13.8411200"><ele>1174.034</ele><time>2024-02-09T09:17:39Z</time></trkpt>
			<trkpt lat="42.3974200" lon="13.8411000"><ele>1174.192</ele><time>2024-02-09T09:17:39Z</time></trkpt>
			<trkpt lat="42.3974100" lon="13.8410700"><ele>1173.76</ele><time>2024-02-09T09:17:39Z</time></trkpt>
			<trkpt lat="42.3974000" lon="13.8410400"><ele>1173.328</ele><time>2024-02-09T09:17:39Z</time></trkpt>
			<trkpt lat="42.3973900" lon="13.8410100"><ele>1172.896</ele><time>2024-02-09T09:17:39Z</time></trkpt>
			<trkpt lat="42.3973900" lon="13.8409800"><ele>1172.68</ele><time>2024-02-09T09:17:39Z</time></trkpt>
			<trkpt lat="42.3973700" lon="13.8409700"><ele>1172.176</ele><time>2024-02-09T09:17:39Z</time></trkpt>
			<trkpt lat="42.3973100" lon="13.8408600"><ele>1170.088</ele><time>2024-02-09T09:17:39Z</time></trkpt>
			<trkpt lat="42.3973000" lon="13.8408300"><ele>1169.667</ele><time>2024-02-09T09:17:39Z</time></trkpt>
			<trkpt lat="42.3972700" lon="13.8407100"><ele>1168.727</ele><time>2024-02-09T09:17:39Z</time></trkpt>
			<trkpt lat="42.3972400" lon="13.8405700"><ele>1168.141</ele><time>2024-02-09T09:17:39Z</time></trkpt>
			<trkpt lat="42.3972300" lon="13.8404500"><ele>1168.773</ele><time>2024-02-09T09:17:39Z</time></trkpt>
			<trkpt lat="42.3972300" lon="13.8403300"><ele>1169.589</ele><time>2024-02-09T09:17:39Z</time></trkpt>
			<trkpt lat="42.3972600" lon="13.8402000"><ele>1170.34</ele><time>2024-02-09T09:17:39Z</time></trkpt>
			<trkpt lat="42.3972600" lon="13.8400600"><ele>1171.44</ele><time>2024-02-09T09:17:39Z</time></trkpt>
			<trkpt lat="42.3972000" lon="13.8399600"><ele>1173.615</ele><time>2024-02-09T09:17:39Z</time></trkpt>
			<trkpt lat="42.3971900" lon="13.8398300"><ele>1175.21</ele><time>2024-02-09T09:17:39Z</time></trkpt>
			<trkpt lat="42.3971700" lon="13.8397100"><ele>1176.802</ele><time>2024-02-09T09:17:39Z</time></trkpt>
			<trkpt lat="42.3971900" lon="13.8395300"><ele>1176.946</ele><time>2024-02-09T09:17:39Z</time></trkpt>
			<trkpt lat="42.3971700" lon="13.8395200"><ele>1177.573</ele><time>2024-02-09T09:17:39Z</time></trkpt>
			<trkpt lat="42.3971000" lon="13.8396200"><ele>1178.732</ele><time>2024-02-09T09:17:39Z</time></trkpt>
			<trkpt lat="42.3970100" lon="13.8396400"><ele>1180.413</ele><time>2024-02-09T09:17:39Z</time></trkpt>
			<trkpt lat="42.3969400" lon="13.8395600"><ele>1183.516</ele><time>2024-02-09T09:17:39Z</time></trkpt>
			<trkpt lat="42.3968500" lon="13.8395400"><ele>1184.265</ele><time>2024-02-09T09:17:39Z</time></trkpt>
			<trkpt lat="42.3968200" lon="13.8394900"><ele>1185.692</ele><time>2024-02-09T09:17:39Z</time></trkpt>
			<trkpt lat="42.3968000" lon="13.8394800"><ele>1186.072</ele><time>2024-02-09T09:17:39Z</time></trkpt>
			<trkpt lat="42.3967900" lon="13.8394900"><ele>1185.854</ele><time>2024-02-09T09:17:39Z</time></trkpt>
			<trkpt lat="42.3967700" lon="13.8395100"><ele>1185.395</ele><time>2024-02-09T09:17:39Z</time></trkpt>
			<trkpt lat="42.3967200" lon="13.8395000"><ele>1185.931</ele><time>2024-02-09T09:17:39Z</time></trkpt>
			<trkpt lat="42.3967000" lon="13.8395000"><ele>1186.032</ele><time>2024-02-09T09:17:39Z</time></trkpt>
			<trkpt lat="42.3966900" lon="13.8395200"><ele>1185.453</ele><time>2024-02-09T09:17:39Z</time></trkpt>
			<trkpt lat="42.3966200" lon="13.8394300"><ele>1188.205</ele><time>2024-02-09T09:17:39Z</time></trkpt>
			<trkpt lat="42.3965600" lon="13.8394200"><ele>1188.266</ele><time>2024-02-09T09:17:39Z</time></trkpt>
			<trkpt lat="42.3965400" lon="13.8394200"><ele>1188.2</ele><time>2024-02-09T09:17:39Z</time></trkpt>
			<trkpt lat="42.3965000" lon="13.8393500"><ele>1189.984</ele><time>2024-02-09T09:17:39Z</time></trkpt>
			<trkpt lat="42.3964700" lon="13.8392900"><ele>1191.578</ele><time>2024-02-09T09:17:39Z</time></trkpt>
			<trkpt lat="42.3964500" lon="13.8392800"><ele>1191.826</ele><time>2024-02-09T09:17:39Z</time></trkpt>
			<trkpt lat="42.3964300" lon="13.8392900"><ele>1191.514</ele><time>2024-02-09T09:17:39Z</time></trkpt>
			<trkpt lat="42.3964200" lon="13.8392600"><ele>1192.35</ele><time>2024-02-09T09:17:39Z</time></trkpt>
			<trkpt lat="42.3964000" lon="13.8392400"><ele>1192.899</ele><time>2024-02-09T09:17:39Z</time></trkpt>
			<trkpt lat="42.3963900" lon="13.8392100"><ele>1193.753</ele><time>2024-02-09T09:17:39Z</time></trkpt>
			<trkpt lat="42.3963500" lon="13.8391500"><ele>1195.234</ele><time>2024-02-09T09:17:39Z</time></trkpt>
			<trkpt lat="42.3963400" lon="13.8391100"><ele>1196.424</ele><time>2024-02-09T09:17:39Z</time></trkpt>
			<trkpt lat="42.3963300" lon="13.8390800"><ele>1197.337</ele><time>2024-02-09T09:17:39Z</time></trkpt>
			<trkpt lat="42.3963200" lon="13.8390500"><ele>1198.281</ele><time>2024-02-09T09:17:39Z</time></trkpt>
			<trkpt lat="42.3963200" lon="13.8390200"><ele>1199.252</ele><time>2024-02-09T09:17:39Z</time></trkpt>
			<trkpt lat="42.3963300" lon="13.8389800"><ele>1200.522</ele><time>2024-02-09T09:17:39Z</time></trkpt>
			<trkpt lat="42.3963200" lon="13.8389500"><ele>1201.518</ele><time>2024-02-09T09:17:39Z</time></trkpt>
			<trkpt lat="42.3962200" lon="13.8389400"><ele>1202.297</ele><time>2024-02-09T09:17:39Z</time></trkpt>
			<trkpt lat="42.3961300" lon="13.8389200"><ele>1203.55</ele><time>2024-02-09T09:17:39Z</time></trkpt>
			<trkpt lat="42.3960400" lon="13.8389100"><ele>1208.184</ele><time>2024-02-09T09:17:39Z</time></trkpt>
			<trkpt lat="42.3959500" lon="13.8389000"><ele>1213.8</ele><time>2024-02-09T09:17:39Z</time></trkpt>
			<trkpt lat="42.3959200" lon="13.8389200"><ele>1214.664</ele><time>2024-02-09T09:17:39Z</time></trkpt>
			<trkpt lat="42.3958600" lon="13.8390200"><ele>1213.8</ele><time>2024-02-09T09:17:39Z</time></trkpt>
			<trkpt lat="42.3957800" lon="13.8390300"><ele>1213.298</ele><time>2024-02-09T09:17:39Z</time></trkpt>
			<trkpt lat="42.3957300" lon="13.8390400"><ele>1211.588</ele><time>2024-02-09T09:17:39Z</time></trkpt>
			<trkpt lat="42.3957000" lon="13.8390500"><ele>1210.613</ele><time>2024-02-09T09:17:39Z</time></trkpt>
			<trkpt lat="42.3957000" lon="13.8389900"><ele>1211.442</ele><time>2024-02-09T09:17:39Z</time></trkpt>
			<trkpt lat="42.3957100" lon="13.8389600"><ele>1212.312</ele><time>2024-02-09T09:17:39Z</time></trkpt>
			<trkpt lat="42.3957000" lon="13.8389400"><ele>1212.133</ele><time>2024-02-09T09:17:39Z</time></trkpt>
			<trkpt lat="42.3957100" lon="13.8389000"><ele>1213.274</ele><time>2024-02-09T09:17:39Z</time></trkpt>
			<trkpt lat="42.3957300" lon="13.8388800"><ele>1214.544</ele><time>2024-02-09T09:17:39Z</time></trkpt>
			<trkpt lat="42.3957400" lon="13.8388600"><ele>1214.871</ele><time>2024-02-09T09:17:39Z</time></trkpt>
			<trkpt lat="42.3957500" lon="13.8388300"><ele>1215.073</ele><time>2024-02-09T09:17:39Z</time></trkpt>
			<trkpt lat="42.3957700" lon="13.8388200"><ele>1216.21</ele><time>2024-02-09T09:17:39Z</time></trkpt>
			<trkpt lat="42.3958000" lon="13.8388000"><ele>1217.885</ele><time>2024-02-09T09:17:39Z</time></trkpt>
			<trkpt lat="42.3958000" lon="13.8387600"><ele>1217.401</ele><time>2024-02-09T09:17:39Z</time></trkpt>
			<trkpt lat="42.3958000" lon="13.8387300"><ele>1217.038</ele><time>2024-02-09T09:17:39Z</time></trkpt>
			<trkpt lat="42.3958300" lon="13.8386300"><ele>1217.966</ele><time>2024-02-09T09:17:39Z</time></trkpt>
			<trkpt lat="42.3958400" lon="13.8386000"><ele>1217.99</ele><time>2024-02-09T09:17:39Z</time></trkpt>
			<trkpt lat="42.3958700" lon="13.8385400"><ele>1218.267</ele><time>2024-02-09T09:17:39Z</time></trkpt>
			<trkpt lat="42.3958800" lon="13.8385200"><ele>1218.515</ele><time>2024-02-09T09:17:39Z</time></trkpt>
			<trkpt lat="42.3958900" lon="13.8384900"><ele>1218.842</ele><time>2024-02-09T09:17:39Z</time></trkpt>
			<trkpt lat="42.3959000" lon="13.8384700"><ele>1219.265</ele><time>2024-02-09T09:17:39Z</time></trkpt>
			<trkpt lat="42.3959200" lon="13.8384300"><ele>1220.343</ele><time>2024-02-09T09:17:39Z</time></trkpt>
			<trkpt lat="42.3959300" lon="13.8384000"><ele>1221.079</ele><time>2024-02-09T09:17:39Z</time></trkpt>
			<trkpt lat="42.3959500" lon="13.8383800"><ele>1222.426</ele><time>2024-02-09T09:17:39Z</time></trkpt>
			<trkpt lat="42.3959600" lon="13.8383600"><ele>1223.295</ele><time>2024-02-09T09:17:39Z</time></trkpt>
			<trkpt lat="42.3959700" lon="13.8383400"><ele>1224.243</ele><time>2024-02-09T09:17:39Z</time></trkpt>
			<trkpt lat="42.3959700" lon="13.8383200"><ele>1224.347</ele><time>2024-02-09T09:17:39Z</time></trkpt>
			<trkpt lat="42.3959900" lon="13.8382900"><ele>1225.736</ele><time>2024-02-09T09:17:39Z</time></trkpt>
			<trkpt lat="42.3960000" lon="13.8382800"><ele>1226.438</ele><time>2024-02-09T09:17:39Z</time></trkpt>
			<trkpt lat="42.3960200" lon="13.8382500"><ele>1227.871</ele><time>2024-02-09T09:17:39Z</time></trkpt>
			<trkpt lat="42.3960300" lon="13.8382200"><ele>1228.622</ele><time>2024-02-09T09:17:39Z</time></trkpt>
			<trkpt lat="42.3960400" lon="13.8382000"><ele>1229.37</ele><time>2024-02-09T09:17:39Z</time></trkpt>
			<trkpt lat="42.3960500" lon="13.8381700"><ele>1230.149</ele><time>2024-02-09T09:17:39Z</time></trkpt>
			<trkpt lat="42.3960700" lon="13.8381500"><ele>1231.653</ele><time>2024-02-09T09:17:39Z</time></trkpt>
			<trkpt lat="42.3960900" lon="13.8381400"><ele>1233.146</ele><time>2024-02-09T09:17:39Z</time></trkpt>
			<trkpt lat="42.3960900" lon="13.8381100"><ele>1233.238</ele><time>2024-02-09T09:17:39Z</time></trkpt>
			<trkpt lat="42.3961000" lon="13.8380800"><ele>1234.079</ele><time>2024-02-09T09:17:39Z</time></trkpt>
			<trkpt lat="42.3961100" lon="13.8380600"><ele>1234.9</ele><time>2024-02-09T09:17:39Z</time></trkpt>
			<trkpt lat="42.3961200" lon="13.8380400"><ele>1234.926</ele><time>2024-02-09T09:17:39Z</time></trkpt>
			<trkpt lat="42.3961300" lon="13.8380200"><ele>1234.874</ele><time>2024-02-09T09:17:39Z</time></trkpt>
			<trkpt lat="42.3961400" lon="13.8380000"><ele>1234.862</ele><time>2024-02-09T09:17:39Z</time></trkpt>
			<trkpt lat="42.3961400" lon="13.8379700"><ele>1234.844</ele><time>2024-02-09T09:17:39Z</time></trkpt>
			<trkpt lat="42.3961600" lon="13.8379300"><ele>1235.008</ele><time>2024-02-09T09:17:39Z</time></trkpt>
			<trkpt lat="42.3961600" lon="13.8379100"><ele>1235.038</ele><time>2024-02-09T09:17:39Z</time></trkpt>
			<trkpt lat="42.3961800" lon="13.8378800"><ele>1235.374</ele><time>2024-02-09T09:17:39Z</time></trkpt>
			<trkpt lat="42.3961900" lon="13.8378500"><ele>1235.657</ele><time>2024-02-09T09:17:39Z</time></trkpt>
			<trkpt lat="42.3961900" lon="13.8378200"><ele>1235.795</ele><time>2024-02-09T09:17:39Z</time></trkpt>
			<trkpt lat="42.3961800" lon="13.8378100"><ele>1235.622</ele><time>2024-02-09T09:17:39Z</time></trkpt>
			<trkpt lat="42.3961600" lon="13.8378100"><ele>1235.185</ele><time>2024-02-09T09:17:39Z</time></trkpt>
			<trkpt lat="42.3961600" lon="13.8377800"><ele>1235.229</ele><time>2024-02-09T09:17:39Z</time></trkpt>
			<trkpt lat="42.3962100" lon="13.8376800"><ele>1238.151</ele><time>2024-02-09T09:17:39Z</time></trkpt>
			<trkpt lat="42.3962600" lon="13.8375700"><ele>1241.546</ele><time>2024-02-09T09:17:39Z</time></trkpt>
			<trkpt lat="42.3963500" lon="13.8375600"><ele>1244.504</ele><time>2024-02-09T09:17:39Z</time></trkpt>
			<trkpt lat="42.3963200" lon="13.8375300"><ele>1244.174</ele><time>2024-02-09T09:17:39Z</time></trkpt>
			<trkpt lat="42.3963000" lon="13.8375200"><ele>1243.734</ele><time>2024-02-09T09:17:39Z</time></trkpt>
			<trkpt lat="42.3962100" lon="13.8374700"><ele>1242.848</ele><time>2024-02-09T09:17:39Z</time></trkpt>
			<trkpt lat="42.3962400" lon="13.8373500"><ele>1250.103</ele><time>2024-02-09T09:17:39Z</time></trkpt>
			<trkpt lat="42.3962900" lon="13.8372500"><ele>1256.198</ele><time>2024-02-09T09:17:39Z</time></trkpt>
			<trkpt lat="42.3962400" lon="13.8372200"><ele>1256.984</ele><time>2024-02-09T09:17:39Z</time></trkpt>
			<trkpt lat="42.3962200" lon="13.8372100"><ele>1257.321</ele><time>2024-02-09T09:17:39Z</time></trkpt>
			<trkpt lat="42.3962000" lon="13.8371400"><ele>1261.667</ele><time>2024-02-09T09:17:39Z</time></trkpt>
			<trkpt lat="42.3961100" lon="13.8370900"><ele>1265.855</ele><time>2024-02-09T09:17:39Z</time></trkpt>
			<trkpt lat="42.3961100" lon="13.8370600"><ele>1268.336</ele><time>2024-02-09T09:17:39Z</time></trkpt>
			<trkpt lat="42.3960900" lon="13.8370300"><ele>1269.028</ele><time>2024-02-09T09:17:39Z</time></trkpt>
			<trkpt lat="42.3961000" lon="13.8370000"><ele>1272.376</ele><time>2024-02-09T09:17:39Z</time></trkpt>
			<trkpt lat="42.3961100" lon="13.8369800"><ele>1274.952</ele><time>2024-02-09T09:17:39Z</time></trkpt>
			<trkpt lat="42.3961000" lon="13.8369800"><ele>1274.012</ele><time>2024-02-09T09:17:39Z</time></trkpt>
			<trkpt lat="42.3960900" lon="13.8369500"><ele>1275.499</ele><time>2024-02-09T09:17:39Z</time></trkpt>
			<trkpt lat="42.3960900" lon="13.8369200"><ele>1275.866</ele><time>2024-02-09T09:17:39Z</time></trkpt>
			<trkpt lat="42.3960900" lon="13.8369100"><ele>1275.832</ele><time>2024-02-09T09:17:39Z</time></trkpt>
			<trkpt lat="42.3960700" lon="13.8369200"><ele>1274.01</ele><time>2024-02-09T09:17:39Z</time></trkpt>
			<trkpt lat="42.3960500" lon="13.8369100"><ele>1272.194</ele><time>2024-02-09T09:17:39Z</time></trkpt>
			<trkpt lat="42.3960300" lon="13.8368900"><ele>1270.525</ele><time>2024-02-09T09:17:39Z</time></trkpt>
			<trkpt lat="42.3960200" lon="13.8368800"><ele>1269.745</ele><time>2024-02-09T09:17:39Z</time></trkpt>
			<trkpt lat="42.3960300" lon="13.8368800"><ele>1270.6</ele><time>2024-02-09T09:17:39Z</time></trkpt>
			<trkpt lat="42.3960400" lon="13.8368600"><ele>1271.57</ele><time>2024-02-09T09:17:39Z</time></trkpt>
			<trkpt lat="42.3960500" lon="13.8368300"><ele>1272.505</ele><time>2024-02-09T09:17:39Z</time></trkpt>
			<trkpt lat="42.3960500" lon="13.8368100"><ele>1272.583</ele><time>2024-02-09T09:17:39Z</time></trkpt>
			<trkpt lat="42.3960600" lon="13.8367900"><ele>1273.352</ele><time>2024-02-09T09:17:39Z</time></trkpt>
			<trkpt lat="42.3960800" lon="13.8367700"><ele>1274.705</ele><time>2024-02-09T09:17:39Z</time></trkpt>
			<trkpt lat="42.3961000" lon="13.8367600"><ele>1275.964</ele><time>2024-02-09T09:17:39Z</time></trkpt>
			<trkpt lat="42.3961200" lon="13.8367500"><ele>1276.27</ele><time>2024-02-09T09:17:39Z</time></trkpt>
			<trkpt lat="42.3961300" lon="13.8367200"><ele>1275.691</ele><time>2024-02-09T09:17:39Z</time></trkpt>
			<trkpt lat="42.3961400" lon="13.8366900"><ele>1275.119</ele><time>2024-02-09T09:17:39Z</time></trkpt>
			<trkpt lat="42.3961400" lon="13.8366700"><ele>1274.983</ele><time>2024-02-09T09:17:39Z</time></trkpt>
			<trkpt lat="42.3961400" lon="13.8366400"><ele>1273.974</ele><time>2024-02-09T09:17:39Z</time></trkpt>
			<trkpt lat="42.3961200" lon="13.8366600"><ele>1275.421</ele><time>2024-02-09T09:17:39Z</time></trkpt>
			<trkpt lat="42.3961000" lon="13.8366600"><ele>1275.218</ele><time>2024-02-09T09:17:39Z</time></trkpt>
			<trkpt lat="42.3960200" lon="13.8366100"><ele>1269.626</ele><time>2024-02-09T09:17:39Z</time></trkpt>
			<trkpt lat="42.3959900" lon="13.8365600"><ele>1266.443</ele><time>2024-02-09T09:17:39Z</time></trkpt>
			<trkpt lat="42.3960200" lon="13.8364900"><ele>1265.157</ele><time>2024-02-09T09:17:39Z</time></trkpt>
			<trkpt lat="42.3959900" lon="13.8364700"><ele>1263.161</ele><time>2024-02-09T09:17:39Z</time></trkpt>
			<trkpt lat="42.3960300" lon="13.8364100"><ele>1262.58</ele><time>2024-02-09T09:17:39Z</time></trkpt>
			<trkpt lat="42.3960200" lon="13.8363300"><ele>1259.63</ele><time>2024-02-09T09:17:39Z</time></trkpt>
			<trkpt lat="42.3960200" lon="13.8363100"><ele>1259.031</ele><time>2024-02-09T09:17:39Z</time></trkpt>
			<trkpt lat="42.3960300" lon="13.8362800"><ele>1258.586</ele><time>2024-02-09T09:17:39Z</time></trkpt>
			<trkpt lat="42.3960400" lon="13.8361900"><ele>1256.439</ele><time>2024-02-09T09:17:39Z</time></trkpt>
			<trkpt lat="42.3960400" lon="13.8361500"><ele>1255.283</ele><time>2024-02-09T09:17:39Z</time></trkpt>
			<trkpt lat="42.3960400" lon="13.8361000"><ele>1254.031</ele><time>2024-02-09T09:17:39Z</time></trkpt>
			<trkpt lat="42.3960600" lon="13.8360900"><ele>1254.978</ele><time>2024-02-09T09:17:39Z</time></trkpt>
			<trkpt lat="42.3960600" lon="13.8360600"><ele>1254.606</ele><time>2024-02-09T09:17:39Z</time></trkpt>
			<trkpt lat="42.3960500" lon="13.8360800"><ele>1254.326</ele><time>2024-02-09T09:17:39Z</time></trkpt>
			<trkpt lat="42.3960400" lon="13.8360500"><ele>1253.449</ele><time>2024-02-09T09:17:39Z</time></trkpt>
			<trkpt lat="42.3960500" lon="13.8360300"><ele>1253.725</ele><time>2024-02-09T09:17:39Z</time></trkpt>
			<trkpt lat="42.3960600" lon="13.8360000"><ele>1253.861</ele><time>2024-02-09T09:17:39Z</time></trkpt>
			<trkpt lat="42.3960700" lon="13.8359700"><ele>1253.974</ele><time>2024-02-09T09:17:39Z</time></trkpt>
			<trkpt lat="42.3960800" lon="13.8358900"><ele>1253.403</ele><time>2024-02-09T09:17:39Z</time></trkpt>
			<trkpt lat="42.3960900" lon="13.8358600"><ele>1253.45</ele><time>2024-02-09T09:17:39Z</time></trkpt>
			<trkpt lat="42.3961000" lon="13.8358200"><ele>1253.57</ele><time>2024-02-09T09:17:39Z</time></trkpt>
			<trkpt lat="42.3961000" lon="13.8357900"><ele>1253.682</ele><time>2024-02-09T09:17:39Z</time></trkpt>
			<trkpt lat="42.3961100" lon="13.8357500"><ele>1254.253</ele><time>2024-02-09T09:17:39Z</time></trkpt>
			<trkpt lat="42.3960500" lon="13.8356500"><ele>1252.165</ele><time>2024-02-09T09:17:39Z</time></trkpt>
			<trkpt lat="42.3960700" lon="13.8355900"><ele>1253.23</ele><time>2024-02-09T09:17:39Z</time></trkpt>
			<trkpt lat="42.3960800" lon="13.8355700"><ele>1253.71</ele><time>2024-02-09T09:17:39Z</time></trkpt>
			<trkpt lat="42.3960400" lon="13.8355200"><ele>1252.407</ele><time>2024-02-09T09:17:39Z</time></trkpt>
			<trkpt lat="42.3960200" lon="13.8355000"><ele>1251.726</ele><time>2024-02-09T09:17:39Z</time></trkpt>
			<trkpt lat="42.3959900" lon="13.8353700"><ele>1251.249</ele><time>2024-02-09T09:17:39Z</time></trkpt>
			<trkpt lat="42.3959500" lon="13.8353400"><ele>1249.722</ele><time>2024-02-09T09:17:39Z</time></trkpt>
			<trkpt lat="42.3958500" lon="13.8352900"><ele>1245.673</ele><time>2024-02-09T09:17:39Z</time></trkpt>
			<trkpt lat="42.3958300" lon="13.8352300"><ele>1245.212</ele><time>2024-02-09T09:17:39Z</time></trkpt>
			<trkpt lat="42.3958000" lon="13.8350900"><ele>1245.032</ele><time>2024-02-09T09:17:39Z</time></trkpt>
			<trkpt lat="42.3957700" lon="13.8349700"><ele>1244.816</ele><time>2024-02-09T09:17:39Z</time></trkpt>
			<trkpt lat="42.3957200" lon="13.8348500"><ele>1244.132</ele><time>2024-02-09T09:17:39Z</time></trkpt>
			<trkpt lat="42.3956900" lon="13.8347100"><ele>1244.391</ele><time>2024-02-09T09:17:39Z</time></trkpt>
			<trkpt lat="42.3956500" lon="13.8345800"><ele>1243.59</ele><time>2024-02-09T09:17:39Z</time></trkpt>
			<trkpt lat="42.3955900" lon="13.8344700"><ele>1242.067</ele><time>2024-02-09T09:17:39Z</time></trkpt>
			<trkpt lat="42.3955500" lon="13.8343300"><ele>1241.564</ele><time>2024-02-09T09:17:39Z</time></trkpt>
			<trkpt lat="42.3955100" lon="13.8342000"><ele>1240.628</ele><time>2024-02-09T09:17:39Z</time></trkpt>
			<trkpt lat="42.3954800" lon="13.8340600"><ele>1240.896</ele><time>2024-02-09T09:17:39Z</time></trkpt>
			<trkpt lat="42.3954400" lon="13.8339200"><ele>1240.775</ele><time>2024-02-09T09:17:39Z</time></trkpt>
			<trkpt lat="42.3954000" lon="13.8337900"><ele>1241.182</ele><time>2024-02-09T09:17:39Z</time></trkpt>
			<trkpt lat="42.3953300" lon="13.8336900"><ele>1240.24</ele><time>2024-02-09T09:17:39Z</time></trkpt>
			<trkpt lat="42.3952700" lon="13.8335900"><ele>1239.563</ele><time>2024-02-09T09:17:39Z</time></trkpt>
			<trkpt lat="42.3953000" lon="13.8334700"><ele>1240.961</ele><time>2024-02-09T09:17:39Z</time></trkpt>
			<trkpt lat="42.3952800" lon="13.8333300"><ele>1240.104</ele><time>2024-02-09T09:17:39Z</time></trkpt>
			<trkpt lat="42.3952300" lon="13.8332200"><ele>1238.389</ele><time>2024-02-09T09:17:39Z</time></trkpt>
			<trkpt lat="42.3952300" lon="13.8330900"><ele>1238.711</ele><time>2024-02-09T09:17:39Z</time></trkpt>
			<trkpt lat="42.3952200" lon="13.8330600"><ele>1238.531</ele><time>2024-02-09T09:17:39Z</time></trkpt>
			<trkpt lat="42.3952200" lon="13.8330200"><ele>1238.464</ele><time>2024-02-09T09:17:39Z</time></trkpt>
			<trkpt lat="42.3952200" lon="13.8329900"><ele>1238.397</ele><time>2024-02-09T09:17:39Z</time></trkpt>
			<trkpt lat="42.3952200" lon="13.8329200"><ele>1238.239</ele><time>2024-02-09T09:17:39Z</time></trkpt>
			<trkpt lat="42.3952100" lon="13.8328900"><ele>1237.856</ele><time>2024-02-09T09:17:39Z</time></trkpt>
			<trkpt lat="42.3952500" lon="13.8327600"><ele>1238.866</ele><time>2024-02-09T09:17:39Z</time></trkpt>
			<trkpt lat="42.3952800" lon="13.8327200"><ele>1239.686</ele><time>2024-02-09T09:17:39Z</time></trkpt>
			<trkpt lat="42.3952900" lon="13.8326900"><ele>1239.926</ele><time>2024-02-09T09:17:39Z</time></trkpt>
			<trkpt lat="42.3953100" lon="13.8326700"><ele>1240.687</ele><time>2024-02-09T09:17:39Z</time></trkpt>
			<trkpt lat="42.3953300" lon="13.8326500"><ele>1241.438</ele><time>2024-02-09T09:17:39Z</time></trkpt>
			<trkpt lat="42.3953400" lon="13.8326300"><ele>1241.729</ele><time>2024-02-09T09:17:39Z</time></trkpt>
			<trkpt lat="42.3953600" lon="13.8326100"><ele>1242.461</ele><time>2024-02-09T09:17:39Z</time></trkpt>
			<trkpt lat="42.3953700" lon="13.8325800"><ele>1242.656</ele><time>2024-02-09T09:17:39Z</time></trkpt>
			<trkpt lat="42.3953800" lon="13.8325600"><ele>1242.927</ele><time>2024-02-09T09:17:39Z</time></trkpt>
			<trkpt lat="42.3953900" lon="13.8325300"><ele>1243.108</ele><time>2024-02-09T09:17:39Z</time></trkpt>
			<trkpt lat="42.3954100" lon="13.8325000"><ele>1243.712</ele><time>2024-02-09T09:17:39Z</time></trkpt>
			<trkpt lat="42.3954300" lon="13.8324800"><ele>1244.137</ele><time>2024-02-09T09:17:39Z</time></trkpt>
			<trkpt lat="42.3954700" lon="13.8323600"><ele>1243.086</ele><time>2024-02-09T09:17:39Z</time></trkpt>
			<trkpt lat="42.3954600" lon="13.8322200"><ele>1239.528</ele><time>2024-02-09T09:17:39Z</time></trkpt>
			<trkpt lat="42.3954900" lon="13.8320900"><ele>1238.736</ele><time>2024-02-09T09:17:39Z</time></trkpt>
			<trkpt lat="42.3955000" lon="13.8320100"><ele>1237.944</ele><time>2024-02-09T09:17:39Z</time></trkpt>
			<trkpt lat="42.3954700" lon="13.8319800"><ele>1236.432</ele><time>2024-02-09T09:17:39Z</time></trkpt>
			<trkpt lat="42.3954800" lon="13.8319500"><ele>1236.36</ele><time>2024-02-09T09:17:39Z</time></trkpt>
			<trkpt lat="42.3954700" lon="13.8319200"><ele>1235.507</ele><time>2024-02-09T09:17:39Z</time></trkpt>
			<trkpt lat="42.3954500" lon="13.8319000"><ele>1234.461</ele><time>2024-02-09T09:17:39Z</time></trkpt>
			<trkpt lat="42.3954400" lon="13.8318800"><ele>1233.777</ele><time>2024-02-09T09:17:39Z</time></trkpt>
			<trkpt lat="42.3954400" lon="13.8318600"><ele>1233.446</ele><time>2024-02-09T09:17:39Z</time></trkpt>
			<trkpt lat="42.3954400" lon="13.8318200"><ele>1232.786</ele><time>2024-02-09T09:17:39Z</time></trkpt>
			<trkpt lat="42.3954300" lon="13.8317900"><ele>1231.951</ele><time>2024-02-09T09:17:39Z</time></trkpt>
			<trkpt lat="42.3954000" lon="13.8317800"><ele>1230.772</ele><time>2024-02-09T09:17:39Z</time></trkpt>
			<trkpt lat="42.3953700" lon="13.8317600"><ele>1229.444</ele><time>2024-02-09T09:17:39Z</time></trkpt>
			<trkpt lat="42.3953500" lon="13.8317600"><ele>1228.771</ele><time>2024-02-09T09:17:39Z</time></trkpt>
			<trkpt lat="42.3953200" lon="13.8317500"><ele>1227.614</ele><time>2024-02-09T09:17:39Z</time></trkpt>
			<trkpt lat="42.3953100" lon="13.8317300"><ele>1226.982</ele><time>2024-02-09T09:17:39Z</time></trkpt>
			<trkpt lat="42.3952800" lon="13.8316000"><ele>1223.868</ele><time>2024-02-09T09:17:39Z</time></trkpt>
			<trkpt lat="42.3952900" lon="13.8315600"><ele>1223.442</ele><time>2024-02-09T09:17:39Z</time></trkpt>
			<trkpt lat="42.3953000" lon="13.8315300"><ele>1223.181</ele><time>2024-02-09T09:17:39Z</time></trkpt>
			<trkpt lat="42.3953000" lon="13.8315000"><ele>1222.624</ele><time>2024-02-09T09:17:39Z</time></trkpt>
			<trkpt lat="42.3953000" lon="13.8314500"><ele>1221.695</ele><time>2024-02-09T09:17:39Z</time></trkpt>
			<trkpt lat="42.3953100" lon="13.8313900"><ele>1220.833</ele><time>2024-02-09T09:17:39Z</time></trkpt>
			<trkpt lat="42.3953100" lon="13.8313600"><ele>1220.396</ele><time>2024-02-09T09:17:39Z</time></trkpt>
			<trkpt lat="42.3953100" lon="13.8313300"><ele>1219.964</ele><time>2024-02-09T09:17:39Z</time></trkpt>
			<trkpt lat="42.3953100" lon="13.8313100"><ele>1219.676</ele><time>2024-02-09T09:17:39Z</time></trkpt>
			<trkpt lat="42.3953100" lon="13.8312700"><ele>1219.1</ele><time>2024-02-09T09:17:39Z</time></trkpt>
			<trkpt lat="42.3952200" lon="13.8311900"><ele>1215.621</ele><time>2024-02-09T09:17:39Z</time></trkpt>
			<trkpt lat="42.3951600" lon="13.8311000"><ele>1212.832</ele><time>2024-02-09T09:17:39Z</time></trkpt>
			<trkpt lat="42.3951400" lon="13.8310200"><ele>1210.888</ele><time>2024-02-09T09:17:39Z</time></trkpt>
			<trkpt lat="42.3951400" lon="13.8309500"><ele>1209.628</ele><time>2024-02-09T09:17:39Z</time></trkpt>
			<trkpt lat="42.3951300" lon="13.8309200"><ele>1208.836</ele><time>2024-02-09T09:17:39Z</time></trkpt>
			<trkpt lat="42.3951500" lon="13.8308900"><ele>1208.8</ele><time>2024-02-09T09:17:39Z</time></trkpt>
			<trkpt lat="42.3951700" lon="13.8308700"><ele>1208.944</ele><time>2024-02-09T09:17:39Z</time></trkpt>
			<trkpt lat="42.3951900" lon="13.8308400"><ele>1208.908</ele><time>2024-02-09T09:17:39Z</time></trkpt>
			<trkpt lat="42.3952000" lon="13.8308200"><ele>1208.8</ele><time>2024-02-09T09:17:39Z</time></trkpt>
			<trkpt lat="42.3952200" lon="13.8307900"><ele>1208.764</ele><time>2024-02-09T09:17:39Z</time></trkpt>
			<trkpt lat="42.3952400" lon="13.8307700"><ele>1208.908</ele><time>2024-02-09T09:17:39Z</time></trkpt>
			<trkpt lat="42.3952600" lon="13.8307500"><ele>1209.052</ele><time>2024-02-09T09:17:39Z</time></trkpt>
			<trkpt lat="42.3952800" lon="13.8307200"><ele>1209</ele><time>2024-02-09T09:17:39Z</time></trkpt>
			<trkpt lat="42.3952700" lon="13.8305900"><ele>1206.424</ele><time>2024-02-09T09:17:39Z</time></trkpt>
			<trkpt lat="42.3952900" lon="13.8305700"><ele>1206.48</ele><time>2024-02-09T09:17:39Z</time></trkpt>
			<trkpt lat="42.3952000" lon="13.8305400"><ele>1203.664</ele><time>2024-02-09T09:17:39Z</time></trkpt>
			<trkpt lat="42.3951300" lon="13.8305800"><ele>1202.716</ele><time>2024-02-09T09:17:39Z</time></trkpt>
			<trkpt lat="42.3950900" lon="13.8306200"><ele>1202.428</ele><time>2024-02-09T09:17:39Z</time></trkpt>
			<trkpt lat="42.3950000" lon="13.8306600"><ele>1200.88</ele><time>2024-02-09T09:17:39Z</time></trkpt>
			<trkpt lat="42.3949100" lon="13.8307200"><ele>1198.852</ele><time>2024-02-09T09:17:39Z</time></trkpt>
			<trkpt lat="42.3948400" lon="13.8307200"><ele>1196.435</ele><time>2024-02-09T09:17:39Z</time></trkpt>
			<trkpt lat="42.3948300" lon="13.8306800"><ele>1195.458</ele><time>2024-02-09T09:17:39Z</time></trkpt>
			<trkpt lat="42.3948300" lon="13.8306400"><ele>1194.826</ele><time>2024-02-09T09:17:39Z</time></trkpt>
			<trkpt lat="42.3948300" lon="13.8306100"><ele>1194.352</ele><time>2024-02-09T09:17:39Z</time></trkpt>
			<trkpt lat="42.3948200" lon="13.8305800"><ele>1193.551</ele><time>2024-02-09T09:17:39Z</time></trkpt>
			<trkpt lat="42.3948100" lon="13.8305500"><ele>1192.738</ele><time>2024-02-09T09:17:39Z</time></trkpt>
			<trkpt lat="42.3947900" lon="13.8305000"><ele>1191.147</ele><time>2024-02-09T09:17:39Z</time></trkpt>
			<trkpt lat="42.3947800" lon="13.8304500"><ele>1189.893</ele><time>2024-02-09T09:17:39Z</time></trkpt>
			<trkpt lat="42.3947400" lon="13.8303500"><ele>1186.829</ele><time>2024-02-09T09:17:39Z</time></trkpt>
			<trkpt lat="42.3947000" lon="13.8302200"><ele>1183.688</ele><time>2024-02-09T09:17:39Z</time></trkpt>
			<trkpt lat="42.3946300" lon="13.8301300"><ele>1180.88</ele><time>2024-02-09T09:17:39Z</time></trkpt>
			<trkpt lat="42.3946500" lon="13.8299800"><ele>1179.099</ele><time>2024-02-09T09:17:39Z</time></trkpt>
			<trkpt lat="42.3947200" lon="13.8299100"><ele>1179.335</ele><time>2024-02-09T09:17:39Z</time></trkpt>
			<trkpt lat="42.3948000" lon="13.8298100"><ele>1179.068</ele><time>2024-02-09T09:17:39Z</time></trkpt>
			<trkpt lat="42.3948100" lon="13.8296800"><ele>1176.82</ele><time>2024-02-09T09:17:39Z</time></trkpt>
			<trkpt lat="42.3947300" lon="13.8296100"><ele>1174.12</ele><time>2024-02-09T09:17:39Z</time></trkpt>
			<trkpt lat="42.3946600" lon="13.8295400"><ele>1171.6</ele><time>2024-02-09T09:17:39Z</time></trkpt>
			<trkpt lat="42.3945500" lon="13.8294900"><ele>1168.72</ele><time>2024-02-09T09:17:39Z</time></trkpt>
			<trkpt lat="42.3944500" lon="13.8294500"><ele>1166.2</ele><time>2024-02-09T09:17:39Z</time></trkpt>
			<trkpt lat="42.3943600" lon="13.8293900"><ele>1163.892</ele><time>2024-02-09T09:17:39Z</time></trkpt>
			<trkpt lat="42.3943400" lon="13.8292600"><ele>1162.128</ele><time>2024-02-09T09:17:39Z</time></trkpt>
			<trkpt lat="42.3943400" lon="13.8292400"><ele>1161.912</ele><time>2024-02-09T09:17:39Z</time></trkpt>
			<trkpt lat="42.3943600" lon="13.8292100"><ele>1161.948</ele><time>2024-02-09T09:17:39Z</time></trkpt>
			<trkpt lat="42.3943700" lon="13.8291900"><ele>1161.912</ele><time>2024-02-09T09:17:39Z</time></trkpt>
			<trkpt lat="42.3944400" lon="13.8291000"><ele>1161.964</ele><time>2024-02-09T09:17:39Z</time></trkpt>
			<trkpt lat="42.3945000" lon="13.8289900"><ele>1161.129</ele><time>2024-02-09T09:17:39Z</time></trkpt>
			<trkpt lat="42.3945200" lon="13.8289500"><ele>1160.756</ele><time>2024-02-09T09:17:39Z</time></trkpt>
			<trkpt lat="42.3945300" lon="13.8289400"><ele>1160.717</ele><time>2024-02-09T09:17:39Z</time></trkpt>
			<trkpt lat="42.3945300" lon="13.8289100"><ele>1160.251</ele><time>2024-02-09T09:17:39Z</time></trkpt>
			<trkpt lat="42.3945100" lon="13.8288900"><ele>1159.725</ele><time>2024-02-09T09:17:39Z</time></trkpt>
			<trkpt lat="42.3944900" lon="13.8288800"><ele>1159.364</ele><time>2024-02-09T09:17:39Z</time></trkpt>
			<trkpt lat="42.3944700" lon="13.8288800"><ele>1159.148</ele><time>2024-02-09T09:17:39Z</time></trkpt>
			<trkpt lat="42.3944500" lon="13.8288900"><ele>1159.076</ele><time>2024-02-09T09:17:39Z</time></trkpt>
			<trkpt lat="42.3943700" lon="13.8289600"><ele>1158.883</ele><time>2024-02-09T09:17:39Z</time></trkpt>
			<trkpt lat="42.3943500" lon="13.8289700"><ele>1158.709</ele><time>2024-02-09T09:17:39Z</time></trkpt>
			<trkpt lat="42.3943300" lon="13.8289700"><ele>1158.4</ele><time>2024-02-09T09:17:39Z</time></trkpt>
			<trkpt lat="42.3943000" lon="13.8289800"><ele>1158.061</ele><time>2024-02-09T09:17:39Z</time></trkpt>
			<trkpt lat="42.3942700" lon="13.8289800"><ele>1157.594</ele><time>2024-02-09T09:17:39Z</time></trkpt>
			<trkpt lat="42.3942500" lon="13.8289500"><ele>1156.926</ele><time>2024-02-09T09:17:39Z</time></trkpt>
			<trkpt lat="42.3942300" lon="13.8289400"><ele>1156.506</ele><time>2024-02-09T09:17:39Z</time></trkpt>
			<trkpt lat="42.3942500" lon="13.8289000"><ele>1156.332</ele><time>2024-02-09T09:17:39Z</time></trkpt>
			<trkpt lat="42.3942300" lon="13.8288900"><ele>1155.925</ele><time>2024-02-09T09:17:39Z</time></trkpt>
			<trkpt lat="42.3942100" lon="13.8289000"><ele>1155.75</ele><time>2024-02-09T09:17:39Z</time></trkpt>
			<trkpt lat="42.3941700" lon="13.8288800"><ele>1154.92</ele><time>2024-02-09T09:17:39Z</time></trkpt>
			<trkpt lat="42.3941700" lon="13.8288600"><ele>1154.632</ele><time>2024-02-09T09:17:39Z</time></trkpt>
			<trkpt lat="42.3941500" lon="13.8288400"><ele>1153.957</ele><time>2024-02-09T09:17:39Z</time></trkpt>
			<trkpt lat="42.3941300" lon="13.8288200"><ele>1153.281</ele><time>2024-02-09T09:17:39Z</time></trkpt>
			<trkpt lat="42.3941200" lon="13.8286800"><ele>1151.237</ele><time>2024-02-09T09:17:39Z</time></trkpt>
			<trkpt lat="42.3941000" lon="13.8285600"><ele>1149.392</ele><time>2024-02-09T09:17:39Z</time></trkpt>
			<trkpt lat="42.3940300" lon="13.8284800"><ele>1147.608</ele><time>2024-02-09T09:17:39Z</time></trkpt>
			<trkpt lat="42.3939400" lon="13.8283900"><ele>1145.851</ele><time>2024-02-09T09:17:39Z</time></trkpt>
			<trkpt lat="42.3938600" lon="13.8283200"><ele>1145.005</ele><time>2024-02-09T09:17:39Z</time></trkpt>
			<trkpt lat="42.3938400" lon="13.8282900"><ele>1145.027</ele><time>2024-02-09T09:17:39Z</time></trkpt>
			<trkpt lat="42.3938400" lon="13.8282900"><ele>1145.027</ele><time>2024-02-09T09:17:39Z</time></trkpt>
			<trkpt lat="42.3940400" lon="13.8280400"><ele>1144.37</ele><time>2024-02-09T09:17:39Z</time></trkpt>
			<trkpt lat="42.3941800" lon="13.8280000"><ele>1143.629</ele><time>2024-02-09T09:17:39Z</time></trkpt>
			<trkpt lat="42.3946500" lon="13.8278500"><ele>1141.685</ele><time>2024-02-09T09:17:39Z</time></trkpt>
			<trkpt lat="42.3949400" lon="13.8276700"><ele>1140.192</ele><time>2024-02-09T09:17:39Z</time></trkpt>
			<trkpt lat="42.3950900" lon="13.8274700"><ele>1137.432</ele><time>2024-02-09T09:17:39Z</time></trkpt>
			<trkpt lat="42.3951900" lon="13.8274100"><ele>1137.432</ele><time>2024-02-09T09:17:39Z</time></trkpt>
			<trkpt lat="42.3954300" lon="13.8273100"><ele>1137.676</ele><time>2024-02-09T09:17:39Z</time></trkpt>
			<trkpt lat="42.3963900" lon="13.8270000"><ele>1138.408</ele><time>2024-02-09T09:17:39Z</time></trkpt>
			<trkpt lat="42.3967600" lon="13.8269200"><ele>1137.216</ele><time>2024-02-09T09:17:39Z</time></trkpt>
			<trkpt lat="42.3969400" lon="13.8269800"><ele>1136.086</ele><time>2024-02-09T09:17:39Z</time></trkpt>
			<trkpt lat="42.3971700" lon="13.8270800"><ele>1135.24</ele><time>2024-02-09T09:17:39Z</time></trkpt>
			<trkpt lat="42.3979900" lon="13.8270100"><ele>1133.763</ele><time>2024-02-09T09:17:39Z</time></trkpt>
			<trkpt lat="42.3980900" lon="13.8271100"><ele>1135.874</ele><time>2024-02-09T09:17:39Z</time></trkpt>
			<trkpt lat="42.3981300" lon="13.8271800"><ele>1137.359</ele><time>2024-02-09T09:17:39Z</time></trkpt>
			<trkpt lat="42.3981400" lon="13.8272800"><ele>1140.119</ele><time>2024-02-09T09:17:39Z</time></trkpt>
			<trkpt lat="42.3981700" lon="13.8273700"><ele>1142.651</ele><time>2024-02-09T09:17:39Z</time></trkpt>
			<trkpt lat="42.3982200" lon="13.8274000"><ele>1143.315</ele><time>2024-02-09T09:17:39Z</time></trkpt>
			<trkpt lat="42.3983100" lon="13.8274400"><ele>1144.158</ele><time>2024-02-09T09:17:39Z</time></trkpt>
			<trkpt lat="42.3984900" lon="13.8275200"><ele>1145.52</ele><time>2024-02-09T09:17:39Z</time></trkpt>
			<trkpt lat="42.3986200" lon="13.8275600"><ele>1145.912</ele><time>2024-02-09T09:17:39Z</time></trkpt>
			<trkpt lat="42.3987000" lon="13.8276300"><ele>1147.892</ele><time>2024-02-09T09:17:39Z</time></trkpt>
			<trkpt lat="42.3988000" lon="13.8277200"><ele>1150.448</ele><time>2024-02-09T09:17:39Z</time></trkpt>
			<trkpt lat="42.3988700" lon="13.8278000"><ele>1152.873</ele><time>2024-02-09T09:17:39Z</time></trkpt>
			<trkpt lat="42.3989500" lon="13.8278700"><ele>1154.954</ele><time>2024-02-09T09:17:39Z</time></trkpt>
			<trkpt lat="42.3989900" lon="13.8279000"><ele>1155.716</ele><time>2024-02-09T09:17:39Z</time></trkpt>
			<trkpt lat="42.3990800" lon="13.8279000"><ele>1155.107</ele><time>2024-02-09T09:17:39Z</time></trkpt>
			<trkpt lat="42.3991700" lon="13.8279000"><ele>1154.515</ele><time>2024-02-09T09:17:39Z</time></trkpt>
			<trkpt lat="42.3993600" lon="13.8279200"><ele>1154.74</ele><time>2024-02-09T09:17:39Z</time></trkpt>
			<trkpt lat="42.3995600" lon="13.8279400"><ele>1155.261</ele><time>2024-02-09T09:17:39Z</time></trkpt>
			<trkpt lat="42.3998000" lon="13.8279300"><ele>1156.308</ele><time>2024-02-09T09:17:39Z</time></trkpt>
			<trkpt lat="42.3999100" lon="13.8279900"><ele>1159.485</ele><time>2024-02-09T09:17:39Z</time></trkpt>
			<trkpt lat="42.4001100" lon="13.8280500"><ele>1164.404</ele><time>2024-02-09T09:17:39Z</time></trkpt>
			<trkpt lat="42.4004300" lon="13.8280700"><ele>1168.356</ele><time>2024-02-09T09:17:39Z</time></trkpt>
			<trkpt lat="42.4005900" lon="13.8281100"><ele>1170.153</ele><time>2024-02-09T09:17:39Z</time></trkpt>
			<trkpt lat="42.4007200" lon="13.8281200"><ele>1171.027</ele><time>2024-02-09T09:17:39Z</time></trkpt>
			<trkpt lat="42.4009200" lon="13.8280300"><ele>1170.789</ele><time>2024-02-09T09:17:39Z</time></trkpt>
			<trkpt lat="42.4011000" lon="13.8278600"><ele>1169.816</ele><time>2024-02-09T09:17:39Z</time></trkpt>
			<trkpt lat="42.4013300" lon="13.8277600"><ele>1174.809</ele><time>2024-02-09T09:17:39Z</time></trkpt>
			<trkpt lat="42.4016100" lon="13.8276200"><ele>1181.892</ele><time>2024-02-09T09:17:39Z</time></trkpt>
			<trkpt lat="42.4017400" lon="13.8274300"><ele>1181.993</ele><time>2024-02-09T09:17:39Z</time></trkpt>
			<trkpt lat="42.4018400" lon="13.8272400"><ele>1179.856</ele><time>2024-02-09T09:17:39Z</time></trkpt>
			<trkpt lat="42.4018800" lon="13.8269800"><ele>1175.51</ele><time>2024-02-09T09:17:39Z</time></trkpt>
			<trkpt lat="42.4019100" lon="13.8268100"><ele>1173.444</ele><time>2024-02-09T09:17:39Z</time></trkpt>
			<trkpt lat="42.4019400" lon="13.8266800"><ele>1172.112</ele><time>2024-02-09T09:17:39Z</time></trkpt>
			<trkpt lat="42.4020100" lon="13.8264400"><ele>1167.299</ele><time>2024-02-09T09:17:39Z</time></trkpt>
			<trkpt lat="42.4021200" lon="13.8263800"><ele>1164.941</ele><time>2024-02-09T09:17:39Z</time></trkpt>
			<trkpt lat="42.4021900" lon="13.8263400"><ele>1163.583</ele><time>2024-02-09T09:17:39Z</time></trkpt>
			<trkpt lat="42.4022100" lon="13.8261700"><ele>1160.876</ele><time>2024-02-09T09:17:39Z</time></trkpt>
			<trkpt lat="42.4022000" lon="13.8259900"><ele>1156.808</ele><time>2024-02-09T09:17:39Z</time></trkpt>
			<trkpt lat="42.4022100" lon="13.8258200"><ele>1152.559</ele><time>2024-02-09T09:17:39Z</time></trkpt>
			<trkpt lat="42.4022200" lon="13.8257500"><ele>1151.439</ele><time>2024-02-09T09:17:39Z</time></trkpt>
			<trkpt lat="42.4023300" lon="13.8256400"><ele>1148.238</ele><time>2024-02-09T09:17:39Z</time></trkpt>
			<trkpt lat="42.4024000" lon="13.8255900"><ele>1146.621</ele><time>2024-02-09T09:17:39Z</time></trkpt>
			<trkpt lat="42.4025900" lon="13.8254000"><ele>1139.981</ele><time>2024-02-09T09:17:39Z</time></trkpt>
			<trkpt lat="42.4026400" lon="13.8253200"><ele>1137.041</ele><time>2024-02-09T09:17:39Z</time></trkpt>
			<trkpt lat="42.4026700" lon="13.8252500"><ele>1134.534</ele><time>2024-02-09T09:17:39Z</time></trkpt>
			<trkpt lat="42.4027200" lon="13.8251900"><ele>1132.023</ele><time>2024-02-09T09:17:39Z</time></trkpt>
			<trkpt lat="42.4028200" lon="13.8251900"><ele>1130.496</ele><time>2024-02-09T09:17:39Z</time></trkpt>
			<trkpt lat="42.4031200" lon="13.8250200"><ele>1122.454</ele><time>2024-02-09T09:17:39Z</time></trkpt>
			<trkpt lat="42.4032400" lon="13.8249200"><ele>1118.71</ele><time>2024-02-09T09:17:39Z</time></trkpt>
			<trkpt lat="42.4033300" lon="13.8249200"><ele>1117.601</ele><time>2024-02-09T09:17:39Z</time></trkpt>
			<trkpt lat="42.4035700" lon="13.8248100"><ele>1112.216</ele><time>2024-02-09T09:17:39Z</time></trkpt>
			<trkpt lat="42.4037400" lon="13.8247300"><ele>1108.736</ele><time>2024-02-09T09:17:39Z</time></trkpt>
			<trkpt lat="42.4038400" lon="13.8247200"><ele>1106.848</ele><time>2024-02-09T09:17:39Z</time></trkpt>
			<trkpt lat="42.4039400" lon="13.8247600"><ele>1105.193</ele><time>2024-02-09T09:17:39Z</time></trkpt>
			<trkpt lat="42.4040800" lon="13.8247200"><ele>1101.837</ele><time>2024-02-09T09:17:39Z</time></trkpt>
			<trkpt lat="42.4041700" lon="13.8246900"><ele>1099.36</ele><time>2024-02-09T09:17:39Z</time></trkpt>
			<trkpt lat="42.4043300" lon="13.8246600"><ele>1095.94</ele><time>2024-02-09T09:17:39Z</time></trkpt>
			<trkpt lat="42.4045100" lon="13.8244800"><ele>1089.575</ele><time>2024-02-09T09:17:39Z</time></trkpt>
			<trkpt lat="42.4045900" lon="13.8243600"><ele>1086.428</ele><time>2024-02-09T09:17:39Z</time></trkpt>
			<trkpt lat="42.4046700" lon="13.8242200"><ele>1084.225</ele><time>2024-02-09T09:17:39Z</time></trkpt>
			<trkpt lat="42.4047700" lon="13.8241300"><ele>1081.652</ele><time>2024-02-09T09:17:39Z</time></trkpt>
			<trkpt lat="42.4049400" lon="13.8240600"><ele>1076.878</ele><time>2024-02-09T09:17:39Z</time></trkpt>
			<trkpt lat="42.4049400" lon="13.8240600"><ele>1076.878</ele><time>2024-02-09T09:17:39Z</time></trkpt>
			<trkpt lat="42.4050600" lon="13.8240400"><ele>1073.894</ele><time>2024-02-09T09:17:39Z</time></trkpt>
			<trkpt lat="42.4051800" lon="13.8240700"><ele>1070.85</ele><time>2024-02-09T09:17:39Z</time></trkpt>
			<trkpt lat="42.4052200" lon="13.8241100"><ele>1070.482</ele><time>2024-02-09T09:17:39Z</time></trkpt>
			<trkpt lat="42.4053100" lon="13.8241200"><ele>1068.837</ele><time>2024-02-09T09:17:39Z</time></trkpt>
			<trkpt lat="42.4055700" lon="13.8241400"><ele>1068.034</ele><time>2024-02-09T09:17:39Z</time></trkpt>
			<trkpt lat="42.4057400" lon="13.8241700"><ele>1066.416</ele><time>2024-02-09T09:17:39Z</time></trkpt>
			<trkpt lat="42.4058600" lon="13.8241800"><ele>1064.712</ele><time>2024-02-09T09:17:39Z</time></trkpt>
			<trkpt lat="42.4061300" lon="13.8241900"><ele>1059.164</ele><time>2024-02-09T09:17:39Z</time></trkpt>
			<trkpt lat="42.4062600" lon="13.8242000"><ele>1057.04</ele><time>2024-02-09T09:17:39Z</time></trkpt>
			<trkpt lat="42.4064800" lon="13.8242200"><ele>1053.512</ele><time>2024-02-09T09:17:39Z</time></trkpt>
			<trkpt lat="42.4065900" lon="13.8242300"><ele>1051.748</ele><time>2024-02-09T09:17:39Z</time></trkpt>
			<trkpt lat="42.4068300" lon="13.8242400"><ele>1047.056</ele><time>2024-02-09T09:17:39Z</time></trkpt>
			<trkpt lat="42.4068500" lon="13.8241500"><ele>1044.78</ele><time>2024-02-09T09:17:39Z</time></trkpt>
			<trkpt lat="42.4069300" lon="13.8240500"><ele>1041.61</ele><time>2024-02-09T09:17:39Z</time></trkpt>
			<trkpt lat="42.4070900" lon="13.8239800"><ele>1036.472</ele><time>2024-02-09T09:17:39Z</time></trkpt>
			<trkpt lat="42.4072400" lon="13.8239500"><ele>1032.112</ele><time>2024-02-09T09:17:39Z</time></trkpt>
			<trkpt lat="42.4073800" lon="13.8239800"><ele>1028.245</ele><time>2024-02-09T09:17:39Z</time></trkpt>
			<trkpt lat="42.4074500" lon="13.8239700"><ele>1025.975</ele><time>2024-02-09T09:17:39Z</time></trkpt>
			<trkpt lat="42.4077500" lon="13.8238600"><ele>1016.492</ele><time>2024-02-09T09:17:39Z</time></trkpt>
			<trkpt lat="42.4078800" lon="13.8236700"><ele>1011.402</ele><time>2024-02-09T09:17:39Z</time></trkpt>
			<trkpt lat="42.4078800" lon="13.8236700"><ele>1011.402</ele><time>2024-02-09T09:17:39Z</time></trkpt>
			<trkpt lat="42.4078600" lon="13.8235800"><ele>1011.586</ele><time>2024-02-09T09:17:39Z</time></trkpt>
			<trkpt lat="42.4078400" lon="13.8235200"><ele>1012.027</ele><time>2024-02-09T09:17:39Z</time></trkpt>
			<trkpt lat="42.4078200" lon="13.8234300"><ele>1012.33</ele><time>2024-02-09T09:17:39Z</time></trkpt>
			<trkpt lat="42.4078100" lon="13.8233400"><ele>1012.322</ele><time>2024-02-09T09:17:39Z</time></trkpt>
			<trkpt lat="42.4077900" lon="13.8232700"><ele>1012.736</ele><time>2024-02-09T09:17:39Z</time></trkpt>
			<trkpt lat="42.4077900" lon="13.8232400"><ele>1012.736</ele><time>2024-02-09T09:17:39Z</time></trkpt>
			<trkpt lat="42.4077800" lon="13.8231900"><ele>1012.952</ele><time>2024-02-09T09:17:39Z</time></trkpt>
			<trkpt lat="42.4077800" lon="13.8231100"><ele>1012.952</ele><time>2024-02-09T09:17:39Z</time></trkpt>
			<trkpt lat="42.4077600" lon="13.8229700"><ele>1013.941</ele><time>2024-02-09T09:17:39Z</time></trkpt>
			<trkpt lat="42.4077500" lon="13.8229000"><ele>1014.552</ele><time>2024-02-09T09:17:39Z</time></trkpt>
			<trkpt lat="42.4077500" lon="13.8228700"><ele>1014.736</ele><time>2024-02-09T09:17:39Z</time></trkpt>
			<trkpt lat="42.4077300" lon="13.8227700"><ele>1015.53</ele><time>2024-02-09T09:17:39Z</time></trkpt>
			<trkpt lat="42.4077300" lon="13.8227300"><ele>1015.599</ele><time>2024-02-09T09:17:39Z</time></trkpt>
			<trkpt lat="42.4077500" lon="13.8226800"><ele>1015.546</ele><time>2024-02-09T09:17:39Z</time></trkpt>
			<trkpt lat="42.4077500" lon="13.8226400"><ele>1015.647</ele><time>2024-02-09T09:17:39Z</time></trkpt>
			<trkpt lat="42.4077200" lon="13.8226400"><ele>1015.81</ele><time>2024-02-09T09:17:39Z</time></trkpt>
			<trkpt lat="42.4076600" lon="13.8226700"><ele>1016.166</ele><time>2024-02-09T09:17:39Z</time></trkpt>
			<trkpt lat="42.4076200" lon="13.8226600"><ele>1016.406</ele><time>2024-02-09T09:17:39Z</time></trkpt>
			<trkpt lat="42.4075700" lon="13.8226500"><ele>1016.672</ele><time>2024-02-09T09:17:39Z</time></trkpt>
			<trkpt lat="42.4075400" lon="13.8225700"><ele>1016.395</ele><time>2024-02-09T09:17:39Z</time></trkpt>
			<trkpt lat="42.4074700" lon="13.8223700"><ele>1014.351</ele><time>2024-02-09T09:17:39Z</time></trkpt>
			<trkpt lat="42.4074200" lon="13.8222800"><ele>1013.24</ele><time>2024-02-09T09:17:39Z</time></trkpt>
			<trkpt lat="42.4073900" lon="13.8222100"><ele>1012.15</ele><time>2024-02-09T09:17:39Z</time></trkpt>
			<trkpt lat="42.4073600" lon="13.8221200"><ele>1010.29</ele><time>2024-02-09T09:17:39Z</time></trkpt>
			<trkpt lat="42.4073900" lon="13.8220000"><ele>1007.929</ele><time>2024-02-09T09:17:39Z</time></trkpt>
			<trkpt lat="42.4074100" lon="13.8218900"><ele>1005.857</ele><time>2024-02-09T09:17:39Z</time></trkpt>
			<trkpt lat="42.4074300" lon="13.8217800"><ele>1003.836</ele><time>2024-02-09T09:17:39Z</time></trkpt>
			<trkpt lat="42.4075500" lon="13.8215300"><ele>1000.058</ele><time>2024-02-09T09:17:39Z</time></trkpt>
			<trkpt lat="42.4076600" lon="13.8213400"><ele>996.349</ele><time>2024-02-09T09:17:39Z</time></trkpt>
			<trkpt lat="42.4077400" lon="13.8212500"><ele>995.888</ele><time>2024-02-09T09:17:39Z</time></trkpt>
			<trkpt lat="42.4079500" lon="13.8210600"><ele>992.458</ele><time>2024-02-09T09:17:39Z</time></trkpt>
			<trkpt lat="42.4080800" lon="13.8210000"><ele>990.518</ele><time>2024-02-09T09:17:39Z</time></trkpt>
			<trkpt lat="42.4081400" lon="13.8209300"><ele>987.964</ele><time>2024-02-09T09:17:39Z</time></trkpt>
			<trkpt lat="42.4081500" lon="13.8208600"><ele>986.023</ele><time>2024-02-09T09:17:39Z</time></trkpt>
			<trkpt lat="42.4081100" lon="13.8207900"><ele>984.828</ele><time>2024-02-09T09:17:39Z</time></trkpt>
			<trkpt lat="42.4080500" lon="13.8207500"><ele>984.486</ele><time>2024-02-09T09:17:39Z</time></trkpt>
			<trkpt lat="42.4079500" lon="13.8207000"><ele>983.402</ele><time>2024-02-09T09:17:39Z</time></trkpt>
			<trkpt lat="42.4078400" lon="13.8206400"><ele>982.284</ele><time>2024-02-09T09:17:39Z</time></trkpt>
			<trkpt lat="42.4077400" lon="13.8206100"><ele>980.995</ele><time>2024-02-09T09:17:39Z</time></trkpt>
			<trkpt lat="42.4076700" lon="13.8206300"><ele>979.848</ele><time>2024-02-09T09:17:39Z</time></trkpt>
			<trkpt lat="42.4075000" lon="13.8206900"><ele>977.42</ele><time>2024-02-09T09:17:39Z</time></trkpt>
			<trkpt lat="42.4073900" lon="13.8207000"><ele>975.826</ele><time>2024-02-09T09:17:39Z</time></trkpt>
			<trkpt lat="42.4071900" lon="13.8206600"><ele>971.908</ele><time>2024-02-09T09:17:39Z</time></trkpt>
			<trkpt lat="42.4070200" lon="13.8206000"><ele>968.776</ele><time>2024-02-09T09:17:39Z</time></trkpt>
			<trkpt lat="42.4069500" lon="13.8205200"><ele>966.423</ele><time>2024-02-09T09:17:39Z</time></trkpt>
			<trkpt lat="42.4069400" lon="13.8203800"><ele>963.894</ele><time>2024-02-09T09:17:39Z</time></trkpt>
			<trkpt lat="42.4070000" lon="13.8202800"><ele>962.838</ele><time>2024-02-09T09:17:39Z</time></trkpt>
			<trkpt lat="42.4073900" lon="13.8199600"><ele>956.056</ele><time>2024-02-09T09:17:39Z</time></trkpt>
			<trkpt lat="42.4075900" lon="13.8197400"><ele>953.083</ele><time>2024-02-09T09:17:39Z</time></trkpt>
			<trkpt lat="42.4077200" lon="13.8195700"><ele>950.65</ele><time>2024-02-09T09:17:39Z</time></trkpt>
			<trkpt lat="42.4079300" lon="13.8193800"><ele>943.631</ele><time>2024-02-09T09:17:39Z</time></trkpt>
			<trkpt lat="42.4079400" lon="13.8192800"><ele>942.602</ele><time>2024-02-09T09:17:39Z</time></trkpt>
			<trkpt lat="42.4078100" lon="13.8192600"><ele>942.898</ele><time>2024-02-09T09:17:39Z</time></trkpt>
			<trkpt lat="42.4075300" lon="13.8193300"><ele>939.7</ele><time>2024-02-09T09:17:39Z</time></trkpt>
			<trkpt lat="42.4072000" lon="13.8193100"><ele>936.859</ele><time>2024-02-09T09:17:39Z</time></trkpt>
			<trkpt lat="42.4070900" lon="13.8192200"><ele>936.773</ele><time>2024-02-09T09:17:39Z</time></trkpt>
			<trkpt lat="42.4070100" lon="13.8190500"><ele>934.413</ele><time>2024-02-09T09:17:39Z</time></trkpt>
			<trkpt lat="42.4068700" lon="13.8190200"><ele>933.247</ele><time>2024-02-09T09:17:39Z</time></trkpt>
			<trkpt lat="42.4068100" lon="13.8190300"><ele>932.612</ele><time>2024-02-09T09:17:39Z</time></trkpt>
			<trkpt lat="42.4066500" lon="13.8191000"><ele>931.5</ele><time>2024-02-09T09:17:39Z</time></trkpt>
			<trkpt lat="42.4063500" lon="13.8192000"><ele>928.283</ele><time>2024-02-09T09:17:39Z</time></trkpt>
			<trkpt lat="42.4060100" lon="13.8192600"><ele>925.83</ele><time>2024-02-09T09:17:39Z</time></trkpt>
			<trkpt lat="42.4058700" lon="13.8192700"><ele>924.801</ele><time>2024-02-09T09:17:39Z</time></trkpt>
			<trkpt lat="42.4057700" lon="13.8192500"><ele>923.676</ele><time>2024-02-09T09:17:39Z</time></trkpt>
			<trkpt lat="42.4056700" lon="13.8191800"><ele>921.988</ele><time>2024-02-09T09:17:39Z</time></trkpt>
			<trkpt lat="42.4054700" lon="13.8191600"><ele>920.288</ele><time>2024-02-09T09:17:39Z</time></trkpt>
			<trkpt lat="42.4053400" lon="13.8191300"><ele>918.92</ele><time>2024-02-09T09:17:39Z</time></trkpt>
			<trkpt lat="42.4051800" lon="13.8189600"><ele>916.376</ele><time>2024-02-09T09:17:39Z</time></trkpt>
			<trkpt lat="42.4049200" lon="13.8186600"><ele>914.68</ele><time>2024-02-09T09:17:39Z</time></trkpt>
			<trkpt lat="42.4047000" lon="13.8185000"><ele>916.664</ele><time>2024-02-09T09:17:39Z</time></trkpt>
			<trkpt lat="42.4045400" lon="13.8184000"><ele>919.757</ele><time>2024-02-09T09:17:39Z</time></trkpt>
			<trkpt lat="42.4043100" lon="13.8182100"><ele>923.855</ele><time>2024-02-09T09:17:39Z</time></trkpt>
			<trkpt lat="42.4040000" lon="13.8180800"><ele>925.093</ele><time>2024-02-09T09:17:39Z</time></trkpt>
			<trkpt lat="42.4033900" lon="13.8179900"><ele>916.636</ele><time>2024-02-09T09:17:39Z</time></trkpt>
			<trkpt lat="42.4032300" lon="13.8179100"><ele>914.185</ele><time>2024-02-09T09:17:39Z</time></trkpt>
			<trkpt lat="42.4030500" lon="13.8178700"><ele>912.892</ele><time>2024-02-09T09:17:39Z</time></trkpt>
			<trkpt lat="42.4028700" lon="13.8178800"><ele>909.868</ele><time>2024-02-09T09:17:39Z</time></trkpt>
			<trkpt lat="42.4026200" lon="13.8179700"><ele>906.351</ele><time>2024-02-09T09:17:39Z</time></trkpt>
			<trkpt lat="42.4022800" lon="13.8181200"><ele>906.278</ele><time>2024-02-09T09:17:39Z</time></trkpt>
			<trkpt lat="42.4020500" lon="13.8181900"><ele>909.608</ele><time>2024-02-09T09:17:39Z</time></trkpt>
			<trkpt lat="42.4019400" lon="13.8182000"><ele>909.854</ele><time>2024-02-09T09:17:39Z</time></trkpt>
			<trkpt lat="42.4018000" lon="13.8181800"><ele>909.298</ele><time>2024-02-09T09:17:39Z</time></trkpt>
			<trkpt lat="42.4015900" lon="13.8180900"><ele>905.707</ele><time>2024-02-09T09:17:39Z</time></trkpt>
			<trkpt lat="42.4013400" lon="13.8180300"><ele>900.836</ele><time>2024-02-09T09:17:39Z</time></trkpt>
			<trkpt lat="42.4011400" lon="13.8180800"><ele>899.193</ele><time>2024-02-09T09:17:39Z</time></trkpt>
			<trkpt lat="42.4009100" lon="13.8181900"><ele>898.626</ele><time>2024-02-09T09:17:39Z</time></trkpt>
			<trkpt lat="42.4006900" lon="13.8182800"><ele>896.242</ele><time>2024-02-09T09:17:39Z</time></trkpt>
			<trkpt lat="42.4004900" lon="13.8184200"><ele>895.71</ele><time>2024-02-09T09:17:39Z</time></trkpt>
			<trkpt lat="42.4003200" lon="13.8184700"><ele>896.521</ele><time>2024-02-09T09:17:39Z</time></trkpt>
			<trkpt lat="42.4000800" lon="13.8185100"><ele>895.122</ele><time>2024-02-09T09:17:39Z</time></trkpt>
			<trkpt lat="42.3997400" lon="13.8186000"><ele>894.04</ele><time>2024-02-09T09:17:39Z</time></trkpt>
			<trkpt lat="42.3994700" lon="13.8185500"><ele>896.992</ele><time>2024-02-09T09:17:39Z</time></trkpt>
			<trkpt lat="42.3992000" lon="13.8184700"><ele>901.323</ele><time>2024-02-09T09:17:39Z</time></trkpt>
			<trkpt lat="42.3988800" lon="13.8183400"><ele>910.186</ele><time>2024-02-09T09:17:39Z</time></trkpt>
			<trkpt lat="42.3986800" lon="13.8183400"><ele>913.82</ele><time>2024-02-09T09:17:39Z</time></trkpt>
			<trkpt lat="42.3985300" lon="13.8184400"><ele>916.96</ele><time>2024-02-09T09:17:39Z</time></trkpt>
			<trkpt lat="42.3983900" lon="13.8184400"><ele>918.355</ele><time>2024-02-09T09:17:39Z</time></trkpt>
			<trkpt lat="42.3981800" lon="13.8184400"><ele>921.128</ele><time>2024-02-09T09:17:39Z</time></trkpt>
			<trkpt lat="42.3979100" lon="13.8183800"><ele>921.928</ele><time>2024-02-09T09:17:39Z</time></trkpt>
			<trkpt lat="42.3979100" lon="13.8183800"><ele>921.928</ele><time>2024-02-09T09:17:39Z</time></trkpt>
			<trkpt lat="42.3975600" lon="13.8183300"><ele>926.437</ele><time>2024-02-09T09:17:39Z</time></trkpt>
			<trkpt lat="42.3972300" lon="13.8183200"><ele>933.733</ele><time>2024-02-09T09:17:39Z</time></trkpt>
			<trkpt lat="42.3968200" lon="13.8182600"><ele>943.885</ele><time>2024-02-09T09:17:39Z</time></trkpt>
			<trkpt lat="42.3966700" lon="13.8181100"><ele>944.557</ele><time>2024-02-09T09:17:39Z</time></trkpt>
			<trkpt lat="42.3961700" lon="13.8176200"><ele>936.296</ele><time>2024-02-09T09:17:39Z</time></trkpt>
			<trkpt lat="42.3959300" lon="13.8174900"><ele>934.807</ele><time>2024-02-09T09:17:39Z</time></trkpt>
			<trkpt lat="42.3957100" lon="13.8174800"><ele>935.148</ele><time>2024-02-09T09:17:39Z</time></trkpt>
			<trkpt lat="42.3954200" lon="13.8174400"><ele>937.581</ele><time>2024-02-09T09:17:39Z</time></trkpt>
			<trkpt lat="42.3950500" lon="13.8173400"><ele>937.3</ele><time>2024-02-09T09:17:39Z</time></trkpt>
			<trkpt lat="42.3949400" lon="13.8173800"><ele>936.573</ele><time>2024-02-09T09:17:39Z</time></trkpt>
			<trkpt lat="42.3948600" lon="13.8174900"><ele>937.264</ele><time>2024-02-09T09:17:39Z</time></trkpt>
			<trkpt lat="42.3946800" lon="13.8175900"><ele>937.798</ele><time>2024-02-09T09:17:39Z</time></trkpt>
			<trkpt lat="42.3943600" lon="13.8175900"><ele>938.649</ele><time>2024-02-09T09:17:39Z</time></trkpt>
			<trkpt lat="42.3942000" lon="13.8175200"><ele>937.242</ele><time>2024-02-09T09:17:39Z</time></trkpt>
			<trkpt lat="42.3941300" lon="13.8172900"><ele>937.232</ele><time>2024-02-09T09:17:39Z</time></trkpt>
			<trkpt lat="42.3940900" lon="13.8170700"><ele>937.233</ele><time>2024-02-09T09:17:39Z</time></trkpt>
			<trkpt lat="42.3940000" lon="13.8170300"><ele>939.093</ele><time>2024-02-09T09:17:39Z</time></trkpt>
			<trkpt lat="42.3939100" lon="13.8171200"><ele>941.76</ele><time>2024-02-09T09:17:39Z</time></trkpt>
			<trkpt lat="42.3937900" lon="13.8174300"><ele>947.377</ele><time>2024-02-09T09:17:39Z</time></trkpt>
			<trkpt lat="42.3937400" lon="13.8177000"><ele>951.63</ele><time>2024-02-09T09:17:39Z</time></trkpt>
			<trkpt lat="42.3935400" lon="13.8179400"><ele>959.39</ele><time>2024-02-09T09:17:39Z</time></trkpt>
			<trkpt lat="42.3933100" lon="13.8180900"><ele>968.434</ele><time>2024-02-09T09:17:39Z</time></trkpt>
			<trkpt lat="42.3931100" lon="13.8181700"><ele>973.939</ele><time>2024-02-09T09:17:39Z</time></trkpt>
			<trkpt lat="42.3929700" lon="13.8180300"><ele>979.048</ele><time>2024-02-09T09:17:39Z</time></trkpt>
			<trkpt lat="42.3928400" lon="13.8178400"><ele>982.034</ele><time>2024-02-09T09:17:39Z</time></trkpt>
			<trkpt lat="42.3927300" lon="13.8176700"><ele>986.059</ele><time>2024-02-09T09:17:39Z</time></trkpt>
			<trkpt lat="42.3925300" lon="13.8171600"><ele>987.816</ele><time>2024-02-09T09:17:39Z</time></trkpt>
			<trkpt lat="42.3924000" lon="13.8169100"><ele>991.152</ele><time>2024-02-09T09:17:39Z</time></trkpt>
			<trkpt lat="42.3922500" lon="13.8167400"><ele>991.946</ele><time>2024-02-09T09:17:39Z</time></trkpt>
			<trkpt lat="42.3921800" lon="13.8166100"><ele>991.685</ele><time>2024-02-09T09:17:39Z</time></trkpt>
			<trkpt lat="42.3921400" lon="13.8163700"><ele>989.904</ele><time>2024-02-09T09:17:39Z</time></trkpt>
			<trkpt lat="42.3920900" lon="13.8161300"><ele>990.829</ele><time>2024-02-09T09:17:39Z</time></trkpt>
			<trkpt lat="42.3917200" lon="13.8156600"><ele>1004.952</ele><time>2024-02-09T09:17:39Z</time></trkpt>
			<trkpt lat="42.3916400" lon="13.8156100"><ele>1008.041</ele><time>2024-02-09T09:17:39Z</time></trkpt>
			<trkpt lat="42.3915600" lon="13.8156400"><ele>1010.643</ele><time>2024-02-09T09:17:39Z</time></trkpt>
			<trkpt lat="42.3914500" lon="13.8158000"><ele>1014.214</ele><time>2024-02-09T09:17:39Z</time></trkpt>
			<trkpt lat="42.3913100" lon="13.8160600"><ele>1018.661</ele><time>2024-02-09T09:17:39Z</time></trkpt>
			<trkpt lat="42.3912300" lon="13.8161300"><ele>1021.216</ele><time>2024-02-09T09:17:39Z</time></trkpt>
			<trkpt lat="42.3911300" lon="13.8161200"><ele>1024.42</ele><time>2024-02-09T09:17:39Z</time></trkpt>
			<trkpt lat="42.3909200" lon="13.8158100"><ele>1036.543</ele><time>2024-02-09T09:17:39Z</time></trkpt>
			<trkpt lat="42.3907000" lon="13.8154800"><ele>1044.782</ele><time>2024-02-09T09:17:39Z</time></trkpt>
			<trkpt lat="42.3905300" lon="13.8153900"><ele>1050.487</ele><time>2024-02-09T09:17:39Z</time></trkpt>
			<trkpt lat="42.3903000" lon="13.8153100"><ele>1057.085</ele><time>2024-02-09T09:17:39Z</time></trkpt>
			<trkpt lat="42.3901900" lon="13.8153100"><ele>1059.142</ele><time>2024-02-09T09:17:39Z</time></trkpt>
			<trkpt lat="42.3900400" lon="13.8154800"><ele>1061.838</ele><time>2024-02-09T09:17:39Z</time></trkpt>
			<trkpt lat="42.3899400" lon="13.8155800"><ele>1064.707</ele><time>2024-02-09T09:17:39Z</time></trkpt>
			<trkpt lat="42.3898600" lon="13.8155700"><ele>1066.658</ele><time>2024-02-09T09:17:39Z</time></trkpt>
			<trkpt lat="42.3897300" lon="13.8154700"><ele>1068.897</ele><time>2024-02-09T09:17:39Z</time></trkpt>
			<trkpt lat="42.3894400" lon="13.8152400"><ele>1070.162</ele><time>2024-02-09T09:17:39Z</time></trkpt>
			<trkpt lat="42.3890200" lon="13.8151400"><ele>1080.042</ele><time>2024-02-09T09:17:39Z</time></trkpt>
			<trkpt lat="42.3888300" lon="13.8150600"><ele>1085.996</ele><time>2024-02-09T09:17:39Z</time></trkpt>
			<trkpt lat="42.3887800" lon="13.8149800"><ele>1086.928</ele><time>2024-02-09T09:17:39Z</time></trkpt>
			<trkpt lat="42.3886500" lon="13.8147300"><ele>1089.2</ele><time>2024-02-09T09:17:39Z</time></trkpt>
			<trkpt lat="42.3884800" lon="13.8144300"><ele>1088.885</ele><time>2024-02-09T09:17:39Z</time></trkpt>
			<trkpt lat="42.3882200" lon="13.8143300"><ele>1089.78</ele><time>2024-02-09T09:17:39Z</time></trkpt>
			<trkpt lat="42.3880900" lon="13.8143800"><ele>1090.97</ele><time>2024-02-09T09:17:39Z</time></trkpt>
			<trkpt lat="42.3880100" lon="13.8144600"><ele>1093.831</ele><time>2024-02-09T09:17:39Z</time></trkpt>
			<trkpt lat="42.3877400" lon="13.8147500"><ele>1107.451</ele><time>2024-02-09T09:17:39Z</time></trkpt>
			<trkpt lat="42.3875000" lon="13.8151200"><ele>1111.296</ele><time>2024-02-09T09:17:39Z</time></trkpt>
			<trkpt lat="42.3874900" lon="13.8153500"><ele>1114.392</ele><time>2024-02-09T09:17:39Z</time></trkpt>
			<trkpt lat="42.3874800" lon="13.8154400"><ele>1116.244</ele><time>2024-02-09T09:17:39Z</time></trkpt>
			<trkpt lat="42.3873700" lon="13.8155100"><ele>1119.995</ele><time>2024-02-09T09:17:39Z</time></trkpt>
			<trkpt lat="42.3872000" lon="13.8154700"><ele>1122.307</ele><time>2024-02-09T09:17:39Z</time></trkpt>
			<trkpt lat="42.3868300" lon="13.8153600"><ele>1127.322</ele><time>2024-02-09T09:17:39Z</time></trkpt>
			<trkpt lat="42.3861100" lon="13.8151400"><ele>1132.084</ele><time>2024-02-09T09:17:39Z</time></trkpt>
			<trkpt lat="42.3855300" lon="13.8150700"><ele>1139.566</ele><time>2024-02-09T09:17:39Z</time></trkpt>
			<trkpt lat="42.3853300" lon="13.8151100"><ele>1141.129</ele><time>2024-02-09T09:17:39Z</time></trkpt>
			<trkpt lat="42.3851300" lon="13.8153000"><ele>1148.518</ele><time>2024-02-09T09:17:39Z</time></trkpt>
			<trkpt lat="42.3847600" lon="13.8154600"><ele>1153.993</ele><time>2024-02-09T09:17:39Z</time></trkpt>
			<trkpt lat="42.3845100" lon="13.8155500"><ele>1156.427</ele><time>2024-02-09T09:17:39Z</time></trkpt>
			<trkpt lat="42.3842300" lon="13.8157300"><ele>1161.164</ele><time>2024-02-09T09:17:39Z</time></trkpt>
			<trkpt lat="42.3839400" lon="13.8159500"><ele>1168.679</ele><time>2024-02-09T09:17:39Z</time></trkpt>
			<trkpt lat="42.3837700" lon="13.8161300"><ele>1174.39</ele><time>2024-02-09T09:17:39Z</time></trkpt>
			<trkpt lat="42.3837300" lon="13.8162300"><ele>1177.63</ele><time>2024-02-09T09:17:39Z</time></trkpt>
			<trkpt lat="42.3836800" lon="13.8160100"><ele>1172.23</ele><time>2024-02-09T09:17:39Z</time></trkpt>
			<trkpt lat="42.3836400" lon="13.8160000"><ele>1172.35</ele><time>2024-02-09T09:17:39Z</time></trkpt>
			<trkpt lat="42.3835900" lon="13.8159900"><ele>1172.688</ele><time>2024-02-09T09:17:39Z</time></trkpt>
			<trkpt lat="42.3835700" lon="13.8159800"><ele>1172.76</ele><time>2024-02-09T09:17:39Z</time></trkpt>
			<trkpt lat="42.3835300" lon="13.8159900"><ele>1173.552</ele><time>2024-02-09T09:17:39Z</time></trkpt>
			<trkpt lat="42.3834800" lon="13.8160100"><ele>1174.704</ele><time>2024-02-09T09:17:39Z</time></trkpt>
			<trkpt lat="42.3834100" lon="13.8160400"><ele>1176.36</ele><time>2024-02-09T09:17:39Z</time></trkpt>
			<trkpt lat="42.3833600" lon="13.8160600"><ele>1177.512</ele><time>2024-02-09T09:17:39Z</time></trkpt>
			<trkpt lat="42.3833500" lon="13.8160600"><ele>1177.656</ele><time>2024-02-09T09:17:39Z</time></trkpt>
			<trkpt lat="42.3833400" lon="13.8160600"><ele>1177.8</ele><time>2024-02-09T09:17:39Z</time></trkpt>
			<trkpt lat="42.3833000" lon="13.8160300"><ele>1177.488</ele><time>2024-02-09T09:17:39Z</time></trkpt>
			<trkpt lat="42.3832300" lon="13.8160000"><ele>1177.344</ele><time>2024-02-09T09:17:39Z</time></trkpt>
			<trkpt lat="42.3830600" lon="13.8159300"><ele>1177.056</ele><time>2024-02-09T09:17:39Z</time></trkpt>
			<trkpt lat="42.3829700" lon="13.8159200"><ele>1178.028</ele><time>2024-02-09T09:17:39Z</time></trkpt>
			<trkpt lat="42.3829300" lon="13.8159200"><ele>1178.568</ele><time>2024-02-09T09:17:39Z</time></trkpt>
			<trkpt lat="42.3829300" lon="13.8159200"><ele>1178.568</ele><time>2024-02-09T09:17:39Z</time></trkpt>
			<trkpt lat="42.3829200" lon="13.8159200"><ele>1178.703</ele><time>2024-02-09T09:17:39Z</time></trkpt>
			<trkpt lat="42.3829200" lon="13.8159200"><ele>1178.703</ele><time>2024-02-09T09:17:39Z</time></trkpt>
			<trkpt lat="42.3829100" lon="13.8159300"><ele>1178.979</ele><time>2024-02-09T09:17:39Z</time></trkpt>
			<trkpt lat="42.3829100" lon="13.8159300"><ele>1178.979</ele><time>2024-02-09T09:17:39Z</time></trkpt>
			<trkpt lat="42.3829100" lon="13.8159400"><ele>1179.119</ele><time>2024-02-09T09:17:39Z</time></trkpt>
			<trkpt lat="42.3829100" lon="13.8159500"><ele>1179.26</ele><time>2024-02-09T09:17:39Z</time></trkpt>
			<trkpt lat="42.3829100" lon="13.8159600"><ele>1179.4</ele><time>2024-02-09T09:17:39Z</time></trkpt>
			<trkpt lat="42.3829100" lon="13.8159600"><ele>1179.4</ele><time>2024-02-09T09:17:39Z</time></trkpt>
			<trkpt lat="42.3829000" lon="13.8159700"><ele>1179.65</ele><time>2024-02-09T09:17:39Z</time></trkpt>
			<trkpt lat="42.3828300" lon="13.8160000"><ele>1180.711</ele><time>2024-02-09T09:17:39Z</time></trkpt>
			<trkpt lat="42.3828000" lon="13.8160000"><ele>1180.992</ele><time>2024-02-09T09:17:39Z</time></trkpt>
			<trkpt lat="42.3827800" lon="13.8160000"><ele>1181.179</ele><time>2024-02-09T09:17:39Z</time></trkpt>
			<trkpt lat="42.3827400" lon="13.8160100"><ele>1181.902</ele><time>2024-02-09T09:17:39Z</time></trkpt>
			<trkpt lat="42.3827000" lon="13.8160300"><ele>1182.734</ele><time>2024-02-09T09:17:39Z</time></trkpt>
			<trkpt lat="42.3826900" lon="13.8160300"><ele>1182.904</ele><time>2024-02-09T09:17:39Z</time></trkpt>
			<trkpt lat="42.3826600" lon="13.8160200"><ele>1183.325</ele><time>2024-02-09T09:17:39Z</time></trkpt>
			<trkpt lat="42.3826100" lon="13.8160000"><ele>1183.978</ele><time>2024-02-09T09:17:39Z</time></trkpt>
			<trkpt lat="42.3826000" lon="13.8160000"><ele>1184.144</ele><time>2024-02-09T09:17:39Z</time></trkpt>
			<trkpt lat="42.3826000" lon="13.8160000"><ele>1184.144</ele><time>2024-02-09T09:17:39Z</time></trkpt>
			<trkpt lat="42.3825900" lon="13.8160200"><ele>1184.502</ele><time>2024-02-09T09:17:39Z</time></trkpt>
			<trkpt lat="42.3825600" lon="13.8160600"><ele>1185.408</ele><time>2024-02-09T09:17:39Z</time></trkpt>
			<trkpt lat="42.3825500" lon="13.8160900"><ele>1185.886</ele><time>2024-02-09T09:17:39Z</time></trkpt>
			<trkpt lat="42.3825400" lon="13.8160900"><ele>1186.063</ele><time>2024-02-09T09:17:39Z</time></trkpt>
			<trkpt lat="42.3825400" lon="13.8161100"><ele>1186.269</ele><time>2024-02-09T09:17:39Z</time></trkpt>
			<trkpt lat="42.3825200" lon="13.8161600"><ele>1187.897</ele><time>2024-02-09T09:17:39Z</time></trkpt>
			<trkpt lat="42.3825100" lon="13.8161800"><ele>1188.574</ele><time>2024-02-09T09:17:39Z</time></trkpt>
			<trkpt lat="42.3825100" lon="13.8161800"><ele>1188.574</ele><time>2024-02-09T09:17:39Z</time></trkpt>
			<trkpt lat="42.3825100" lon="13.8161900"><ele>1188.828</ele><time>2024-02-09T09:17:39Z</time></trkpt>
			<trkpt lat="42.3825100" lon="13.8162000"><ele>1189.083</ele><time>2024-02-09T09:17:39Z</time></trkpt>
			<trkpt lat="42.3825200" lon="13.8162200"><ele>1189.44</ele><time>2024-02-09T09:17:39Z</time></trkpt>
			<trkpt lat="42.3825300" lon="13.8162400"><ele>1189.808</ele><time>2024-02-09T09:17:39Z</time></trkpt>
			<trkpt lat="42.3825300" lon="13.8162500"><ele>1190.068</ele><time>2024-02-09T09:17:39Z</time></trkpt>
			<trkpt lat="42.3825300" lon="13.8162500"><ele>1190.068</ele><time>2024-02-09T09:17:39Z</time></trkpt>
			<trkpt lat="42.3825300" lon="13.8162500"><ele>1190.068</ele><time>2024-02-09T09:17:39Z</time></trkpt>
			<trkpt lat="42.3825200" lon="13.8162500"><ele>1190.212</ele><time>2024-02-09T09:17:39Z</time></trkpt>
			<trkpt lat="42.3824900" lon="13.8162300"><ele>1190.377</ele><time>2024-02-09T09:17:39Z</time></trkpt>
			<trkpt lat="42.3824600" lon="13.8162200"><ele>1191.272</ele><time>2024-02-09T09:17:39Z</time></trkpt>
			<trkpt lat="42.3824100" lon="13.8161400"><ele>1191.258</ele><time>2024-02-09T09:17:39Z</time></trkpt>
			<trkpt lat="42.3823400" lon="13.8160500"><ele>1192.549</ele><time>2024-02-09T09:17:39Z</time></trkpt>
			<trkpt lat="42.3823100" lon="13.8159900"><ele>1192.918</ele><time>2024-02-09T09:17:39Z</time></trkpt>
			<trkpt lat="42.3822400" lon="13.8159300"><ele>1194.73</ele><time>2024-02-09T09:17:39Z</time></trkpt>
			<trkpt lat="42.3822200" lon="13.8159000"><ele>1195.088</ele><time>2024-02-09T09:17:39Z</time></trkpt>
			<trkpt lat="42.3822100" lon="13.8158800"><ele>1195.376</ele><time>2024-02-09T09:17:39Z</time></trkpt>
			<trkpt lat="42.3822000" lon="13.8158600"><ele>1195.664</ele><time>2024-02-09T09:17:39Z</time></trkpt>
			<trkpt lat="42.3821900" lon="13.8158500"><ele>1196.096</ele><time>2024-02-09T09:17:39Z</time></trkpt>
			<trkpt lat="42.3821200" lon="13.8158000"><ele>1199.547</ele><time>2024-02-09T09:17:39Z</time></trkpt>
			<trkpt lat="42.3819800" lon="13.8156500"><ele>1204.414</ele><time>2024-02-09T09:17:39Z</time></trkpt>
			<trkpt lat="42.3819000" lon="13.8155800"><ele>1206.142</ele><time>2024-02-09T09:17:39Z</time></trkpt>
			<trkpt lat="42.3817000" lon="13.8154400"><ele>1210.87</ele><time>2024-02-09T09:17:39Z</time></trkpt>
			<trkpt lat="42.3816100" lon="13.8153900"><ele>1213.346</ele><time>2024-02-09T09:17:39Z</time></trkpt>
			<trkpt lat="42.3815700" lon="13.8153700"><ele>1214.604</ele><time>2024-02-09T09:17:39Z</time></trkpt>
			<trkpt lat="42.3814200" lon="13.8153300"><ele>1219.875</ele><time>2024-02-09T09:17:39Z</time></trkpt>
			<trkpt lat="42.3814000" lon="13.8153200"><ele>1220.466</ele><time>2024-02-09T09:17:39Z</time></trkpt>
			<trkpt lat="42.3813500" lon="13.8152700"><ele>1221.565</ele><time>2024-02-09T09:17:39Z</time></trkpt>
			<trkpt lat="42.3812600" lon="13.8152000"><ele>1223.689</ele><time>2024-02-09T09:17:39Z</time></trkpt>
			<trkpt lat="42.3812100" lon="13.8151500"><ele>1223.978</ele><time>2024-02-09T09:17:39Z</time></trkpt>
			<trkpt lat="42.3811700" lon="13.8151200"><ele>1224.171</ele><time>2024-02-09T09:17:39Z</time></trkpt>
			<trkpt lat="42.3811600" lon="13.8151200"><ele>1224.44</ele><time>2024-02-09T09:17:39Z</time></trkpt>
			<trkpt lat="42.3811400" lon="13.8151200"><ele>1224.977</ele><time>2024-02-09T09:17:39Z</time></trkpt>
			<trkpt lat="42.3811300" lon="13.8151200"><ele>1225.245</ele><time>2024-02-09T09:17:39Z</time></trkpt>
			<trkpt lat="42.3810800" lon="13.8151700"><ele>1228.69</ele><time>2024-02-09T09:17:39Z</time></trkpt>
			<trkpt lat="42.3810400" lon="13.8152100"><ele>1231.358</ele><time>2024-02-09T09:17:39Z</time></trkpt>
			<trkpt lat="42.3810200" lon="13.8152100"><ele>1231.932</ele><time>2024-02-09T09:17:39Z</time></trkpt>
			<trkpt lat="42.3809700" lon="13.8152300"><ele>1234.014</ele><time>2024-02-09T09:17:39Z</time></trkpt>
			<trkpt lat="42.3809500" lon="13.8152300"><ele>1234.567</ele><time>2024-02-09T09:17:39Z</time></trkpt>
			<trkpt lat="42.3809300" lon="13.8152400"><ele>1235.423</ele><time>2024-02-09T09:17:39Z</time></trkpt>
			<trkpt lat="42.3809100" lon="13.8152500"><ele>1236.258</ele><time>2024-02-09T09:17:39Z</time></trkpt>
			<trkpt lat="42.3809000" lon="13.8152500"><ele>1236.524</ele><time>2024-02-09T09:17:39Z</time></trkpt>
			<trkpt lat="42.3809000" lon="13.8152500"><ele>1236.524</ele><time>2024-02-09T09:17:39Z</time></trkpt>
			<trkpt lat="42.3808900" lon="13.8152400"><ele>1236.509</ele><time>2024-02-09T09:17:39Z</time></trkpt>
			<trkpt lat="42.3808800" lon="13.8152200"><ele>1236.228</ele><time>2024-02-09T09:17:39Z</time></trkpt>
			<trkpt lat="42.3808500" lon="13.8151700"><ele>1235.771</ele><time>2024-02-09T09:17:39Z</time></trkpt>
			<trkpt lat="42.3808400" lon="13.8151600"><ele>1235.823</ele><time>2024-02-09T09:17:39Z</time></trkpt>
			<trkpt lat="42.3808100" lon="13.8151400"><ele>1235.863</ele><time>2024-02-09T09:17:39Z</time></trkpt>
			<trkpt lat="42.3807900" lon="13.8151400"><ele>1236.151</ele><time>2024-02-09T09:17:39Z</time></trkpt>
			<trkpt lat="42.3807700" lon="13.8151400"><ele>1236.438</ele><time>2024-02-09T09:17:39Z</time></trkpt>
			<trkpt lat="42.3807300" lon="13.8151500"><ele>1237.238</ele><time>2024-02-09T09:17:39Z</time></trkpt>
			<trkpt lat="42.3806600" lon="13.8151900"><ele>1239.054</ele><time>2024-02-09T09:17:39Z</time></trkpt>
			<trkpt lat="42.3806400" lon="13.8151900"><ele>1239.316</ele><time>2024-02-09T09:17:39Z</time></trkpt>
			<trkpt lat="42.3805900" lon="13.8152100"><ele>1240.347</ele><time>2024-02-09T09:17:39Z</time></trkpt>
			<trkpt lat="42.3805600" lon="13.8152200"><ele>1240.905</ele><time>2024-02-09T09:17:39Z</time></trkpt>
			<trkpt lat="42.3805300" lon="13.8152300"><ele>1241.359</ele><time>2024-02-09T09:17:39Z</time></trkpt>
			<trkpt lat="42.3805100" lon="13.8152400"><ele>1241.662</ele><time>2024-02-09T09:17:39Z</time></trkpt>
			<trkpt lat="42.3805000" lon="13.8152500"><ele>1241.86</ele><time>2024-02-09T09:17:39Z</time></trkpt>
			<trkpt lat="42.3805000" lon="13.8152600"><ele>1241.982</ele><time>2024-02-09T09:17:39Z</time></trkpt>
			<trkpt lat="42.3804900" lon="13.8152700"><ele>1242.149</ele><time>2024-02-09T09:17:39Z</time></trkpt>
			<trkpt lat="42.3804900" lon="13.8152900"><ele>1242.51</ele><time>2024-02-09T09:17:39Z</time></trkpt>
			<trkpt lat="42.3804800" lon="13.8152900"><ele>1242.548</ele><time>2024-02-09T09:17:39Z</time></trkpt>
			<trkpt lat="42.3804500" lon="13.8152900"><ele>1242.661</ele><time>2024-02-09T09:17:39Z</time></trkpt>
			<trkpt lat="42.3803300" lon="13.8153100"><ele>1243.602</ele><time>2024-02-09T09:17:39Z</time></trkpt>
			<trkpt lat="42.3802500" lon="13.8153100"><ele>1244.242</ele><time>2024-02-09T09:17:39Z</time></trkpt>
			<trkpt lat="42.3802400" lon="13.8153100"><ele>1244.397</ele><time>2024-02-09T09:17:39Z</time></trkpt>
			<trkpt lat="42.3802200" lon="13.8153200"><ele>1244.914</ele><time>2024-02-09T09:17:39Z</time></trkpt>
			<trkpt lat="42.3802000" lon="13.8153500"><ele>1245.783</ele><time>2024-02-09T09:17:39Z</time></trkpt>
			<trkpt lat="42.3801300" lon="13.8154000"><ele>1247.336</ele><time>2024-02-09T09:17:39Z</time></trkpt>
			<trkpt lat="42.3800700" lon="13.8154300"><ele>1248.117</ele><time>2024-02-09T09:17:39Z</time></trkpt>
			<trkpt lat="42.3800300" lon="13.8154600"><ele>1248.541</ele><time>2024-02-09T09:17:39Z</time></trkpt>
			<trkpt lat="42.3799700" lon="13.8155200"><ele>1249.401</ele><time>2024-02-09T09:17:39Z</time></trkpt>
			<trkpt lat="42.3799600" lon="13.8155300"><ele>1249.577</ele><time>2024-02-09T09:17:39Z</time></trkpt>
			<trkpt lat="42.3799300" lon="13.8155400"><ele>1250.051</ele><time>2024-02-09T09:17:39Z</time></trkpt>
			<trkpt lat="42.3799200" lon="13.8155400"><ele>1250.209</ele><time>2024-02-09T09:17:39Z</time></trkpt>
			<trkpt lat="42.3799100" lon="13.8155400"><ele>1250.367</ele><time>2024-02-09T09:17:39Z</time></trkpt>
			<trkpt lat="42.3798800" lon="13.8155300"><ele>1250.914</ele><time>2024-02-09T09:17:39Z</time></trkpt>
			<trkpt lat="42.3798600" lon="13.8155300"><ele>1251.249</ele><time>2024-02-09T09:17:39Z</time></trkpt>
			<trkpt lat="42.3798000" lon="13.8155400"><ele>1252.106</ele><time>2024-02-09T09:17:39Z</time></trkpt>
			<trkpt lat="42.3797400" lon="13.8155500"><ele>1252.855</ele><time>2024-02-09T09:17:39Z</time></trkpt>
			<trkpt lat="42.3797300" lon="13.8155500"><ele>1253.004</ele><time>2024-02-09T09:17:39Z</time></trkpt>
			<trkpt lat="42.3797000" lon="13.8155400"><ele>1253.812</ele><time>2024-02-09T09:17:39Z</time></trkpt>
			<trkpt lat="42.3796700" lon="13.8155400"><ele>1254.453</ele><time>2024-02-09T09:17:39Z</time></trkpt>
			<trkpt lat="42.3796600" lon="13.8155400"><ele>1254.667</ele><time>2024-02-09T09:17:39Z</time></trkpt>
			<trkpt lat="42.3796600" lon="13.8155400"><ele>1254.667</ele><time>2024-02-09T09:17:39Z</time></trkpt>
			<trkpt lat="42.3796200" lon="13.8155800"><ele>1255.968</ele><time>2024-02-09T09:17:39Z</time></trkpt>
			<trkpt lat="42.3795900" lon="13.8156100"><ele>1257.527</ele><time>2024-02-09T09:17:39Z</time></trkpt>
			<trkpt lat="42.3795800" lon="13.8156300"><ele>1258.347</ele><time>2024-02-09T09:17:39Z</time></trkpt>
			<trkpt lat="42.3795700" lon="13.8156300"><ele>1258.553</ele><time>2024-02-09T09:17:39Z</time></trkpt>
			<trkpt lat="42.3795700" lon="13.8156300"><ele>1258.553</ele><time>2024-02-09T09:17:39Z</time></trkpt>
			<trkpt lat="42.3795600" lon="13.8156300"><ele>1258.759</ele><time>2024-02-09T09:17:39Z</time></trkpt>
			<trkpt lat="42.3795000" lon="13.8156000"><ele>1259.112</ele><time>2024-02-09T09:17:39Z</time></trkpt>
			<trkpt lat="42.3794800" lon="13.8155900"><ele>1259.24</ele><time>2024-02-09T09:17:39Z</time></trkpt>
			<trkpt lat="42.3794800" lon="13.8155900"><ele>1259.24</ele><time>2024-02-09T09:17:39Z</time></trkpt>
			<trkpt lat="42.3794800" lon="13.8155900"><ele>1259.24</ele><time>2024-02-09T09:17:39Z</time></trkpt>
			<trkpt lat="42.3794800" lon="13.8155900"><ele>1259.24</ele><time>2024-02-09T09:17:39Z</time></trkpt>
			<trkpt lat="42.3794700" lon="13.8155900"><ele>1259.451</ele><time>2024-02-09T09:17:39Z</time></trkpt>
			<trkpt lat="42.3794700" lon="13.8156000"><ele>1259.743</ele><time>2024-02-09T09:17:39Z</time></trkpt>
			<trkpt lat="42.3794700" lon="13.8156100"><ele>1260.034</ele><time>2024-02-09T09:17:39Z</time></trkpt>
			<trkpt lat="42.3794700" lon="13.8156200"><ele>1260.325</ele><time>2024-02-09T09:17:39Z</time></trkpt>
			<trkpt lat="42.3794600" lon="13.8156400"><ele>1261.113</ele><time>2024-02-09T09:17:39Z</time></trkpt>
			<trkpt lat="42.3794600" lon="13.8156400"><ele>1261.113</ele><time>2024-02-09T09:17:39Z</time></trkpt>
			<trkpt lat="42.3794600" lon="13.8156500"><ele>1261.403</ele><time>2024-02-09T09:17:39Z</time></trkpt>
			<trkpt lat="42.3794500" lon="13.8156500"><ele>1261.607</ele><time>2024-02-09T09:17:39Z</time></trkpt>
			<trkpt lat="42.3794500" lon="13.8156400"><ele>1261.318</ele><time>2024-02-09T09:17:39Z</time></trkpt>
			<trkpt lat="42.3794400" lon="13.8156400"><ele>1261.517</ele><time>2024-02-09T09:17:39Z</time></trkpt>
			<trkpt lat="42.3794000" lon="13.8156100"><ele>1261.399</ele><time>2024-02-09T09:17:39Z</time></trkpt>
			<trkpt lat="42.3793500" lon="13.8155700"><ele>1261.134</ele><time>2024-02-09T09:17:39Z</time></trkpt>
			<trkpt lat="42.3793300" lon="13.8155600"><ele>1261.195</ele><time>2024-02-09T09:17:39Z</time></trkpt>
			<trkpt lat="42.3793200" lon="13.8155600"><ele>1261.375</ele><time>2024-02-09T09:17:39Z</time></trkpt>
			<trkpt lat="42.3793200" lon="13.8155700"><ele>1261.679</ele><time>2024-02-09T09:17:39Z</time></trkpt>
			<trkpt lat="42.3793100" lon="13.8155700"><ele>1261.861</ele><time>2024-02-09T09:17:39Z</time></trkpt>
			<trkpt lat="42.3793000" lon="13.8155700"><ele>1262.043</ele><time>2024-02-09T09:17:39Z</time></trkpt>
			<trkpt lat="42.3792900" lon="13.8155700"><ele>1262.225</ele><time>2024-02-09T09:17:39Z</time></trkpt>
			<trkpt lat="42.3792800" lon="13.8155500"><ele>1262.024</ele><time>2024-02-09T09:17:39Z</time></trkpt>
			<trkpt lat="42.3792000" lon="13.8155000"><ele>1263.872</ele><time>2024-02-09T09:17:39Z</time></trkpt>
			<trkpt lat="42.3791300" lon="13.8154700"><ele>1265.408</ele><time>2024-02-09T09:17:39Z</time></trkpt>
			<trkpt lat="42.3790600" lon="13.8154500"><ele>1267.064</ele><time>2024-02-09T09:17:39Z</time></trkpt>
			<trkpt lat="42.3790500" lon="13.8154600"><ele>1267.208</ele><time>2024-02-09T09:17:39Z</time></trkpt>
			<trkpt lat="42.3790400" lon="13.8154600"><ele>1267.424</ele><time>2024-02-09T09:17:39Z</time></trkpt>
			<trkpt lat="42.3790200" lon="13.8155000"><ele>1267.568</ele><time>2024-02-09T09:17:39Z</time></trkpt>
			<trkpt lat="42.3789800" lon="13.8155200"><ele>1268.288</ele><time>2024-02-09T09:17:39Z</time></trkpt>
			<trkpt lat="42.3789400" lon="13.8155300"><ele>1269.08</ele><time>2024-02-09T09:17:39Z</time></trkpt>
			<trkpt lat="42.3789200" lon="13.8155300"><ele>1269.512</ele><time>2024-02-09T09:17:39Z</time></trkpt>
			<trkpt lat="42.3788900" lon="13.8155300"><ele>1270.16</ele><time>2024-02-09T09:17:39Z</time></trkpt>
			<trkpt lat="42.3788500" lon="13.8155500"><ele>1271.146</ele><time>2024-02-09T09:17:39Z</time></trkpt>
			<trkpt lat="42.3788300" lon="13.8155500"><ele>1271.715</ele><time>2024-02-09T09:17:39Z</time></trkpt>
			<trkpt lat="42.3788000" lon="13.8155400"><ele>1272.582</ele><time>2024-02-09T09:17:39Z</time></trkpt>
			<trkpt lat="42.3787300" lon="13.8154900"><ele>1274.373</ele><time>2024-02-09T09:17:39Z</time></trkpt>
			<trkpt lat="42.3786200" lon="13.8154500"><ele>1276.665</ele><time>2024-02-09T09:17:39Z</time></trkpt>
			<trkpt lat="42.3785800" lon="13.8154200"><ele>1277.159</ele><time>2024-02-09T09:17:39Z</time></trkpt>
			<trkpt lat="42.3785500" lon="13.8154000"><ele>1277.464</ele><time>2024-02-09T09:17:39Z</time></trkpt>
			<trkpt lat="42.3785200" lon="13.8153700"><ele>1277.524</ele><time>2024-02-09T09:17:39Z</time></trkpt>
			<trkpt lat="42.3785000" lon="13.8153300"><ele>1277.14</ele><time>2024-02-09T09:17:39Z</time></trkpt>
			<trkpt lat="42.3785000" lon="13.8153200"><ele>1276.96</ele><time>2024-02-09T09:17:39Z</time></trkpt>
			<trkpt lat="42.3785000" lon="13.8153200"><ele>1276.96</ele><time>2024-02-09T09:17:39Z</time></trkpt>
			<trkpt lat="42.3784900" lon="13.8153300"><ele>1277.282</ele><time>2024-02-09T09:17:39Z</time></trkpt>
			<trkpt lat="42.3784900" lon="13.8153300"><ele>1277.282</ele><time>2024-02-09T09:17:39Z</time></trkpt>
			<trkpt lat="42.3784900" lon="13.8153400"><ele>1277.468</ele><time>2024-02-09T09:17:39Z</time></trkpt>
			<trkpt lat="42.3785000" lon="13.8153700"><ele>1277.86</ele><time>2024-02-09T09:17:39Z</time></trkpt>
			<trkpt lat="42.3785000" lon="13.8153900"><ele>1278.22</ele><time>2024-02-09T09:17:39Z</time></trkpt>
			<trkpt lat="42.3785000" lon="13.8154000"><ele>1278.4</ele><time>2024-02-09T09:17:39Z</time></trkpt>
			<trkpt lat="42.3785000" lon="13.8154000"><ele>1278.4</ele><time>2024-02-09T09:17:39Z</time></trkpt>
			<trkpt lat="42.3784900" lon="13.8154000"><ele>1278.587</ele><time>2024-02-09T09:17:39Z</time></trkpt>
			<trkpt lat="42.3784900" lon="13.8153900"><ele>1278.401</ele><time>2024-02-09T09:17:39Z</time></trkpt>
			<trkpt lat="42.3784600" lon="13.8153700"><ele>1278.531</ele><time>2024-02-09T09:17:39Z</time></trkpt>
			<trkpt lat="42.3784300" lon="13.8153500"><ele>1278.584</ele><time>2024-02-09T09:17:39Z</time></trkpt>
			<trkpt lat="42.3784200" lon="13.8153500"><ele>1278.738</ele><time>2024-02-09T09:17:39Z</time></trkpt>
			<trkpt lat="42.3783700" lon="13.8153400"><ele>1279.248</ele><time>2024-02-09T09:17:39Z</time></trkpt>
			<trkpt lat="42.3783700" lon="13.8153400"><ele>1279.248</ele><time>2024-02-09T09:17:39Z</time></trkpt>
			<trkpt lat="42.3783600" lon="13.8153400"><ele>1279.396</ele><time>2024-02-09T09:17:39Z</time></trkpt>
			<trkpt lat="42.3783500" lon="13.8153300"><ele>1279.268</ele><time>2024-02-09T09:17:39Z</time></trkpt>
			<trkpt lat="42.3783200" lon="13.8153100"><ele>1279.168</ele><time>2024-02-09T09:17:39Z</time></trkpt>
			<trkpt lat="42.3783200" lon="13.8153000"><ele>1278.88</ele><time>2024-02-09T09:17:39Z</time></trkpt>
			<trkpt lat="42.3783100" lon="13.8153000"><ele>1279.06</ele><time>2024-02-09T09:17:39Z</time></trkpt>
			<trkpt lat="42.3783000" lon="13.8152900"><ele>1278.952</ele><time>2024-02-09T09:17:39Z</time></trkpt>
			<trkpt lat="42.3783000" lon="13.8152900"><ele>1278.952</ele><time>2024-02-09T09:17:39Z</time></trkpt>
			<trkpt lat="42.3783000" lon="13.8152900"><ele>1278.952</ele><time>2024-02-09T09:17:39Z</time></trkpt>
			<trkpt lat="42.3782900" lon="13.8153000"><ele>1279.42</ele><time>2024-02-09T09:17:39Z</time></trkpt>
			<trkpt lat="42.3782700" lon="13.8153100"><ele>1280.068</ele><time>2024-02-09T09:17:39Z</time></trkpt>
			<trkpt lat="42.3782500" lon="13.8153200"><ele>1280.716</ele><time>2024-02-09T09:17:39Z</time></trkpt>
			<trkpt lat="42.3782400" lon="13.8153200"><ele>1280.896</ele><time>2024-02-09T09:17:39Z</time></trkpt>
			<trkpt lat="42.3782300" lon="13.8153100"><ele>1280.788</ele><time>2024-02-09T09:17:39Z</time></trkpt>
			<trkpt lat="42.3782100" lon="13.8152900"><ele>1280.572</ele><time>2024-02-09T09:17:39Z</time></trkpt>
			<trkpt lat="42.3782000" lon="13.8152900"><ele>1280.752</ele><time>2024-02-09T09:17:39Z</time></trkpt>
			<trkpt lat="42.3781300" lon="13.8153000"><ele>1282.3</ele><time>2024-02-09T09:17:39Z</time></trkpt>
			<trkpt lat="42.3781100" lon="13.8152900"><ele>1282.372</ele><time>2024-02-09T09:17:39Z</time></trkpt>
			<trkpt lat="42.3780600" lon="13.8152900"><ele>1283.272</ele><time>2024-02-09T09:17:39Z</time></trkpt>
			<trkpt lat="42.3780400" lon="13.8152900"><ele>1283.63</ele><time>2024-02-09T09:17:39Z</time></trkpt>
			<trkpt lat="42.3780400" lon="13.8152800"><ele>1283.344</ele><time>2024-02-09T09:17:39Z</time></trkpt>
			<trkpt lat="42.3780300" lon="13.8152800"><ele>1283.523</ele><time>2024-02-09T09:17:39Z</time></trkpt>
			<trkpt lat="42.3779900" lon="13.8152600"><ele>1284.379</ele><time>2024-02-09T09:17:39Z</time></trkpt>
			<trkpt lat="42.3779600" lon="13.8152500"><ele>1284.945</ele><time>2024-02-09T09:17:39Z</time></trkpt>
			<trkpt lat="42.3779400" lon="13.8152500"><ele>1285.247</ele><time>2024-02-09T09:17:39Z</time></trkpt>
			<trkpt lat="42.3779300" lon="13.8152400"><ele>1285.448</ele><time>2024-02-09T09:17:39Z</time></trkpt>
			<trkpt lat="42.3779200" lon="13.8152300"><ele>1285.629</ele><time>2024-02-09T09:17:39Z</time></trkpt>
			<trkpt lat="42.3779100" lon="13.8152300"><ele>1285.759</ele><time>2024-02-09T09:17:39Z</time></trkpt>
			<trkpt lat="42.3779000" lon="13.8152200"><ele>1285.908</ele><time>2024-02-09T09:17:39Z</time></trkpt>
			<trkpt lat="42.3778900" lon="13.8152100"><ele>1286.037</ele><time>2024-02-09T09:17:39Z</time></trkpt>
			<trkpt lat="42.3778800" lon="13.8152000"><ele>1286.144</ele><time>2024-02-09T09:17:39Z</time></trkpt>
			<trkpt lat="42.3778600" lon="13.8151700"><ele>1286.275</ele><time>2024-02-09T09:17:39Z</time></trkpt>
			<trkpt lat="42.3778500" lon="13.8151400"><ele>1286.244</ele><time>2024-02-09T09:17:39Z</time></trkpt>
			<trkpt lat="42.3778300" lon="13.8150600"><ele>1285.887</ele><time>2024-02-09T09:17:39Z</time></trkpt>
			<trkpt lat="42.3778100" lon="13.8150400"><ele>1285.646</ele><time>2024-02-09T09:17:39Z</time></trkpt>
			<trkpt lat="42.3778100" lon="13.8150300"><ele>1285.572</ele><time>2024-02-09T09:17:39Z</time></trkpt>
			<trkpt lat="42.3778000" lon="13.8149900"><ele>1285.639</ele><time>2024-02-09T09:17:39Z</time></trkpt>
			<trkpt lat="42.3778000" lon="13.8149900"><ele>1285.639</ele><time>2024-02-09T09:17:39Z</time></trkpt>
			<trkpt lat="42.3776300" lon="13.8148900"><ele>1291.505</ele><time>2024-02-09T09:17:39Z</time></trkpt>
			<trkpt lat="42.3775100" lon="13.8148100"><ele>1293.642</ele><time>2024-02-09T09:17:39Z</time></trkpt>
			<trkpt lat="42.3772400" lon="13.8145900"><ele>1300.796</ele><time>2024-02-09T09:17:39Z</time></trkpt>
			<trkpt lat="42.3771300" lon="13.8145100"><ele>1304.809</ele><time>2024-02-09T09:17:39Z</time></trkpt>
			<trkpt lat="42.3769000" lon="13.8143500"><ele>1314.254</ele><time>2024-02-09T09:17:39Z</time></trkpt>
			<trkpt lat="42.3768200" lon="13.8142400"><ele>1317.03</ele><time>2024-02-09T09:17:39Z</time></trkpt>
			<trkpt lat="42.3767600" lon="13.8141700"><ele>1318.348</ele><time>2024-02-09T09:17:39Z</time></trkpt>
			<trkpt lat="42.3767000" lon="13.8139700"><ele>1320.182</ele><time>2024-02-09T09:17:39Z</time></trkpt>
			<trkpt lat="42.3766800" lon="13.8138200"><ele>1322.364</ele><time>2024-02-09T09:17:39Z</time></trkpt>
			<trkpt lat="42.3766100" lon="13.8136900"><ele>1327.197</ele><time>2024-02-09T09:17:39Z</time></trkpt>
			<trkpt lat="42.3765400" lon="13.8136800"><ele>1328.238</ele><time>2024-02-09T09:17:39Z</time></trkpt>
			<trkpt lat="42.3763500" lon="13.8134500"><ele>1332.028</ele><time>2024-02-09T09:17:39Z</time></trkpt>
			<trkpt lat="42.3762000" lon="13.8132100"><ele>1338.313</ele><time>2024-02-09T09:17:39Z</time></trkpt>
			<trkpt lat="42.3760500" lon="13.8130500"><ele>1341.92</ele><time>2024-02-09T09:17:39Z</time></trkpt>
			<trkpt lat="42.3759000" lon="13.8130500"><ele>1343.54</ele><time>2024-02-09T09:17:39Z</time></trkpt>
			<trkpt lat="42.3756400" lon="13.8130600"><ele>1348.317</ele><time>2024-02-09T09:17:39Z</time></trkpt>
			<trkpt lat="42.3756000" lon="13.8130700"><ele>1349.527</ele><time>2024-02-09T09:17:39Z</time></trkpt>
			<trkpt lat="42.3755200" lon="13.8130500"><ele>1351.462</ele><time>2024-02-09T09:17:39Z</time></trkpt>
			<trkpt lat="42.3754700" lon="13.8131000"><ele>1354.483</ele><time>2024-02-09T09:17:39Z</time></trkpt>
			<trkpt lat="42.3754300" lon="13.8131400"><ele>1357.01</ele><time>2024-02-09T09:17:39Z</time></trkpt>
			<trkpt lat="42.3753700" lon="13.8131000"><ele>1357.852</ele><time>2024-02-09T09:17:39Z</time></trkpt>
			<trkpt lat="42.3752600" lon="13.8130800"><ele>1361.151</ele><time>2024-02-09T09:17:39Z</time></trkpt>
			<trkpt lat="42.3752300" lon="13.8130700"><ele>1362.005</ele><time>2024-02-09T09:17:39Z</time></trkpt>
			<trkpt lat="42.3751500" lon="13.8130000"><ele>1364.74</ele><time>2024-02-09T09:17:39Z</time></trkpt>
			<trkpt lat="42.3751200" lon="13.8129100"><ele>1365.764</ele><time>2024-02-09T09:17:39Z</time></trkpt>
			<trkpt lat="42.3749400" lon="13.8127900"><ele>1369.422</ele><time>2024-02-09T09:17:39Z</time></trkpt>
			<trkpt lat="42.3749300" lon="13.8127200"><ele>1369.46</ele><time>2024-02-09T09:17:39Z</time></trkpt>
			<trkpt lat="42.3749000" lon="13.8126200"><ele>1369.956</ele><time>2024-02-09T09:17:39Z</time></trkpt>
			<trkpt lat="42.3748700" lon="13.8125500"><ele>1370.424</ele><time>2024-02-09T09:17:39Z</time></trkpt>
			<trkpt lat="42.3748500" lon="13.8124800"><ele>1371.142</ele><time>2024-02-09T09:17:39Z</time></trkpt>
			<trkpt lat="42.3748200" lon="13.8124600"><ele>1371.984</ele><time>2024-02-09T09:17:39Z</time></trkpt>
			<trkpt lat="42.3746700" lon="13.8123200"><ele>1374.505</ele><time>2024-02-09T09:17:39Z</time></trkpt>
			<trkpt lat="42.3746300" lon="13.8122900"><ele>1374.666</ele><time>2024-02-09T09:17:39Z</time></trkpt>
			<trkpt lat="42.3745200" lon="13.8122500"><ele>1374.509</ele><time>2024-02-09T09:17:39Z</time></trkpt>
			<trkpt lat="42.3743700" lon="13.8122200"><ele>1375.404</ele><time>2024-02-09T09:17:39Z</time></trkpt>
			<trkpt lat="42.3743600" lon="13.8122200"><ele>1375.581</ele><time>2024-02-09T09:17:39Z</time></trkpt>
			<trkpt lat="42.3742800" lon="13.8122900"><ele>1378.08</ele><time>2024-02-09T09:17:39Z</time></trkpt>
			<trkpt lat="42.3742100" lon="13.8122400"><ele>1378.53</ele><time>2024-02-09T09:17:39Z</time></trkpt>
			<trkpt lat="42.3741400" lon="13.8121700"><ele>1379.504</ele><time>2024-02-09T09:17:39Z</time></trkpt>
			<trkpt lat="42.3741300" lon="13.8121600"><ele>1379.674</ele><time>2024-02-09T09:17:39Z</time></trkpt>
			<trkpt lat="42.3740500" lon="13.8120500"><ele>1380.478</ele><time>2024-02-09T09:17:39Z</time></trkpt>
			<trkpt lat="42.3739900" lon="13.8119500"><ele>1380.323</ele><time>2024-02-09T09:17:39Z</time></trkpt>
			<trkpt lat="42.3739400" lon="13.8118800"><ele>1380.381</ele><time>2024-02-09T09:17:39Z</time></trkpt>
			<trkpt lat="42.3738100" lon="13.8116800"><ele>1380.232</ele><time>2024-02-09T09:17:39Z</time></trkpt>
			<trkpt lat="42.3735200" lon="13.8112000"><ele>1382.089</ele><time>2024-02-09T09:17:39Z</time></trkpt>
			<trkpt lat="42.3732200" lon="13.8107000"><ele>1385.145</ele><time>2024-02-09T09:17:39Z</time></trkpt>
			<trkpt lat="42.3729600" lon="13.8103000"><ele>1387.97</ele><time>2024-02-09T09:17:39Z</time></trkpt>
			<trkpt lat="42.3728700" lon="13.8101600"><ele>1389.209</ele><time>2024-02-09T09:17:39Z</time></trkpt>
			<trkpt lat="42.3728000" lon="13.8100300"><ele>1388.4</ele><time>2024-02-09T09:17:39Z</time></trkpt>
			<trkpt lat="42.3726300" lon="13.8097600"><ele>1392.49</ele><time>2024-02-09T09:17:39Z</time></trkpt>
			<trkpt lat="42.3725900" lon="13.8096600"><ele>1392.958</ele><time>2024-02-09T09:17:39Z</time></trkpt>
			<trkpt lat="42.3725600" lon="13.8095700"><ele>1392.814</ele><time>2024-02-09T09:17:39Z</time></trkpt>
			<trkpt lat="42.3725400" lon="13.8095000"><ele>1392.203</ele><time>2024-02-09T09:17:39Z</time></trkpt>
			<trkpt lat="42.3724900" lon="13.8092400"><ele>1389.979</ele><time>2024-02-09T09:17:39Z</time></trkpt>
			<trkpt lat="42.3724500" lon="13.8090900"><ele>1390.161</ele><time>2024-02-09T09:17:39Z</time></trkpt>
			<trkpt lat="42.3724500" lon="13.8090600"><ele>1389.77</ele><time>2024-02-09T09:17:39Z</time></trkpt>
			<trkpt lat="42.3724300" lon="13.8090000"><ele>1389.463</ele><time>2024-02-09T09:17:39Z</time></trkpt>
			<trkpt lat="42.3723900" lon="13.8089200"><ele>1388.811</ele><time>2024-02-09T09:17:39Z</time></trkpt>
			<trkpt lat="42.3723400" lon="13.8088400"><ele>1388.296</ele><time>2024-02-09T09:17:39Z</time></trkpt>
			<trkpt lat="42.3722900" lon="13.8087600"><ele>1387.627</ele><time>2024-02-09T09:17:39Z</time></trkpt>
			<trkpt lat="42.3722500" lon="13.8086700"><ele>1386.233</ele><time>2024-02-09T09:17:39Z</time></trkpt>
			<trkpt lat="42.3720000" lon="13.8083000"><ele>1382.552</ele><time>2024-02-09T09:17:39Z</time></trkpt>
			<trkpt lat="42.3720000" lon="13.8083000"><ele>1382.552</ele><time>2024-02-09T09:17:39Z</time></trkpt>
			<trkpt lat="42.3718900" lon="13.8081700"><ele>1381.101</ele><time>2024-02-09T09:17:39Z</time></trkpt>
			<trkpt lat="42.3718100" lon="13.8080000"><ele>1380.032</ele><time>2024-02-09T09:17:39Z</time></trkpt>
			<trkpt lat="42.3717000" lon="13.8076800"><ele>1378.93</ele><time>2024-02-09T09:17:39Z</time></trkpt>
			<trkpt lat="42.3715400" lon="13.8073900"><ele>1377.544</ele><time>2024-02-09T09:17:39Z</time></trkpt>
			<trkpt lat="42.3714200" lon="13.8071600"><ele>1376.938</ele><time>2024-02-09T09:17:39Z</time></trkpt>
			<trkpt lat="42.3713100" lon="13.8069500"><ele>1376.02</ele><time>2024-02-09T09:17:39Z</time></trkpt>
			<trkpt lat="42.3712300" lon="13.8067600"><ele>1375.62</ele><time>2024-02-09T09:17:39Z</time></trkpt>
			<trkpt lat="42.3711300" lon="13.8065200"><ele>1375.068</ele><time>2024-02-09T09:17:39Z</time></trkpt>
			<trkpt lat="42.3710600" lon="13.8062800"><ele>1374.496</ele><time>2024-02-09T09:17:39Z</time></trkpt>
			<trkpt lat="42.3709800" lon="13.8060300"><ele>1373.862</ele><time>2024-02-09T09:17:39Z</time></trkpt>
			<trkpt lat="42.3709000" lon="13.8056900"><ele>1373.24</ele><time>2024-02-09T09:17:39Z</time></trkpt>
			<trkpt lat="42.3708500" lon="13.8054600"><ele>1372.737</ele><time>2024-02-09T09:17:39Z</time></trkpt>
			<trkpt lat="42.3708300" lon="13.8052200"><ele>1371.792</ele><time>2024-02-09T09:17:39Z</time></trkpt>
			<trkpt lat="42.3707100" lon="13.8049600"><ele>1370.936</ele><time>2024-02-09T09:17:39Z</time></trkpt>
			<trkpt lat="42.3705500" lon="13.8046400"><ele>1370.29</ele><time>2024-02-09T09:17:39Z</time></trkpt>
			<trkpt lat="42.3704000" lon="13.8044300"><ele>1370.463</ele><time>2024-02-09T09:17:39Z</time></trkpt>
			<trkpt lat="42.3702500" lon="13.8043100"><ele>1369.952</ele><time>2024-02-09T09:17:39Z</time></trkpt>
			<trkpt lat="42.3702000" lon="13.8041800"><ele>1369.733</ele><time>2024-02-09T09:17:39Z</time></trkpt>
			<trkpt lat="42.3701400" lon="13.8039500"><ele>1369.504</ele><time>2024-02-09T09:17:39Z</time></trkpt>
			<trkpt lat="42.3700400" lon="13.8037100"><ele>1369.237</ele><time>2024-02-09T09:17:39Z</time></trkpt>
			<trkpt lat="42.3699700" lon="13.8035600"><ele>1368.892</ele><time>2024-02-09T09:17:39Z</time></trkpt>
			<trkpt lat="42.3698700" lon="13.8034000"><ele>1368.532</ele><time>2024-02-09T09:17:39Z</time></trkpt>
			<trkpt lat="42.3698500" lon="13.8033600"><ele>1368.46</ele><time>2024-02-09T09:17:39Z</time></trkpt>
			<trkpt lat="42.3697500" lon="13.8029900"><ele>1368.683</ele><time>2024-02-09T09:17:39Z</time></trkpt>
			<trkpt lat="42.3696900" lon="13.8027900"><ele>1368.734</ele><time>2024-02-09T09:17:39Z</time></trkpt>
			<trkpt lat="42.3696400" lon="13.8025700"><ele>1369.461</ele><time>2024-02-09T09:17:39Z</time></trkpt>
			<trkpt lat="42.3696100" lon="13.8023800"><ele>1369.641</ele><time>2024-02-09T09:17:39Z</time></trkpt>
			<trkpt lat="42.3696000" lon="13.8021500"><ele>1369.831</ele><time>2024-02-09T09:17:39Z</time></trkpt>
			<trkpt lat="42.3696000" lon="13.8018700"><ele>1370.102</ele><time>2024-02-09T09:17:39Z</time></trkpt>
			<trkpt lat="42.3695900" lon="13.8017900"><ele>1369.986</ele><time>2024-02-09T09:17:39Z</time></trkpt>
			<trkpt lat="42.3695800" lon="13.8016100"><ele>1370.184</ele><time>2024-02-09T09:17:39Z</time></trkpt>
			<trkpt lat="42.3695800" lon="13.8014600"><ele>1370.987</ele><time>2024-02-09T09:17:39Z</time></trkpt>
			<trkpt lat="42.3695800" lon="13.8013800"><ele>1371.448</ele><time>2024-02-09T09:17:39Z</time></trkpt>
			<trkpt lat="42.3695800" lon="13.8013100"><ele>1372.081</ele><time>2024-02-09T09:17:39Z</time></trkpt>
			<trkpt lat="42.3695800" lon="13.8012100"><ele>1372.986</ele><time>2024-02-09T09:17:39Z</time></trkpt>
			<trkpt lat="42.3696000" lon="13.8010000"><ele>1374.824</ele><time>2024-02-09T09:17:39Z</time></trkpt>
			<trkpt lat="42.3696300" lon="13.8008300"><ele>1376.36</ele><time>2024-02-09T09:17:39Z</time></trkpt>
			<trkpt lat="42.3696600" lon="13.8005800"><ele>1378.448</ele><time>2024-02-09T09:17:39Z</time></trkpt>
			<trkpt lat="42.3696800" lon="13.8004100"><ele>1379.567</ele><time>2024-02-09T09:17:39Z</time></trkpt>
			<trkpt lat="42.3696900" lon="13.8003700"><ele>1379.956</ele><time>2024-02-09T09:17:39Z</time></trkpt>
			<trkpt lat="42.3696800" lon="13.8003400"><ele>1379.682</ele><time>2024-02-09T09:17:39Z</time></trkpt>
			<trkpt lat="42.3696500" lon="13.8002600"><ele>1379.385</ele><time>2024-02-09T09:17:39Z</time></trkpt>
			<trkpt lat="42.3696300" lon="13.8001800"><ele>1380.925</ele><time>2024-02-09T09:17:39Z</time></trkpt>
			<trkpt lat="42.3696100" lon="13.8001300"><ele>1381.707</ele><time>2024-02-09T09:17:39Z</time></trkpt>
			<trkpt lat="42.3695800" lon="13.8000900"><ele>1381.982</ele><time>2024-02-09T09:17:39Z</time></trkpt>
			<trkpt lat="42.3695500" lon="13.8000700"><ele>1381.74</ele><time>2024-02-09T09:17:39Z</time></trkpt>
			<trkpt lat="42.3695400" lon="13.8000500"><ele>1382.03</ele><time>2024-02-09T09:17:39Z</time></trkpt>
			<trkpt lat="42.3695800" lon="13.8000300"><ele>1383.605</ele><time>2024-02-09T09:17:39Z</time></trkpt>
			<trkpt lat="42.3696200" lon="13.8000300"><ele>1384.628</ele><time>2024-02-09T09:17:39Z</time></trkpt>
			<trkpt lat="42.3696600" lon="13.8000400"><ele>1385.392</ele><time>2024-02-09T09:17:39Z</time></trkpt>
			<trkpt lat="42.3697100" lon="13.8000600"><ele>1386.17</ele><time>2024-02-09T09:17:39Z</time></trkpt>
			<trkpt lat="42.3697300" lon="13.8000800"><ele>1386.236</ele><time>2024-02-09T09:17:39Z</time></trkpt>
			<trkpt lat="42.3697400" lon="13.8001000"><ele>1386.089</ele><time>2024-02-09T09:17:39Z</time></trkpt>
			<trkpt lat="42.3697700" lon="13.8001200"><ele>1386.7</ele><time>2024-02-09T09:17:39Z</time></trkpt>
			<trkpt lat="42.3697900" lon="13.8001400"><ele>1387.041</ele><time>2024-02-09T09:17:39Z</time></trkpt>
			<trkpt lat="42.3698200" lon="13.8001700"><ele>1387.688</ele><time>2024-02-09T09:17:39Z</time></trkpt>
			<trkpt lat="42.3698500" lon="13.8001500"><ele>1389.179</ele><time>2024-02-09T09:17:39Z</time></trkpt>
			<trkpt lat="42.3698700" lon="13.8001600"><ele>1389.837</ele><time>2024-02-09T09:17:39Z</time></trkpt>
			<trkpt lat="42.3698900" lon="13.8001800"><ele>1390.432</ele><time>2024-02-09T09:17:39Z</time></trkpt>
			<trkpt lat="42.3699300" lon="13.8001900"><ele>1392.029</ele><time>2024-02-09T09:17:39Z</time></trkpt>
			<trkpt lat="42.3699600" lon="13.8002500"><ele>1393.085</ele><time>2024-02-09T09:17:39Z</time></trkpt>
			<trkpt lat="42.3699700" lon="13.8003000"><ele>1393.488</ele><time>2024-02-09T09:17:39Z</time></trkpt>
			<trkpt lat="42.3700000" lon="13.8003800"><ele>1395</ele><time>2024-02-09T09:17:39Z</time></trkpt>
			<trkpt lat="42.3700300" lon="13.8004200"><ele>1396.296</ele><time>2024-02-09T09:17:39Z</time></trkpt>
			<trkpt lat="42.3700400" lon="13.8004700"><ele>1396.728</ele><time>2024-02-09T09:17:39Z</time></trkpt>
			<trkpt lat="42.3700400" lon="13.8005300"><ele>1396.728</ele><time>2024-02-09T09:17:39Z</time></trkpt>
			<trkpt lat="42.3700300" lon="13.8006100"><ele>1396.296</ele><time>2024-02-09T09:17:39Z</time></trkpt>
			<trkpt lat="42.3700500" lon="13.8006600"><ele>1397.16</ele><time>2024-02-09T09:17:39Z</time></trkpt>
			<trkpt lat="42.3700700" lon="13.8007200"><ele>1398.024</ele><time>2024-02-09T09:17:39Z</time></trkpt>
			<trkpt lat="42.3700900" lon="13.8007900"><ele>1398.888</ele><time>2024-02-09T09:17:39Z</time></trkpt>
			<trkpt lat="42.3701100" lon="13.8007400"><ele>1399.752</ele><time>2024-02-09T09:17:39Z</time></trkpt>
			<trkpt lat="42.3701200" lon="13.8006700"><ele>1400.184</ele><time>2024-02-09T09:17:39Z</time></trkpt>
			<trkpt lat="42.3701500" lon="13.8005900"><ele>1401.48</ele><time>2024-02-09T09:17:39Z</time></trkpt>
			<trkpt lat="42.3701800" lon="13.8005100"><ele>1402.776</ele><time>2024-02-09T09:17:39Z</time></trkpt>
			<trkpt lat="42.3701900" lon="13.8004300"><ele>1403.208</ele><time>2024-02-09T09:17:39Z</time></trkpt>
			<trkpt lat="42.3702100" lon="13.8003800"><ele>1404.072</ele><time>2024-02-09T09:17:39Z</time></trkpt>
			<trkpt lat="42.3702300" lon="13.8003400"><ele>1404.936</ele><time>2024-02-09T09:17:39Z</time></trkpt>
			<trkpt lat="42.3702500" lon="13.8003000"><ele>1405.8</ele><time>2024-02-09T09:17:39Z</time></trkpt>
			<trkpt lat="42.3702800" lon="13.8002200"><ele>1407.126</ele><time>2024-02-09T09:17:39Z</time></trkpt>
			<trkpt lat="42.3702900" lon="13.8001600"><ele>1407.685</ele><time>2024-02-09T09:17:39Z</time></trkpt>
			<trkpt lat="42.3703100" lon="13.8000800"><ele>1408.773</ele><time>2024-02-09T09:17:39Z</time></trkpt>
			<trkpt lat="42.3703300" lon="13.7999900"><ele>1409.93</ele><time>2024-02-09T09:17:39Z</time></trkpt>
			<trkpt lat="42.3703600" lon="13.7999400"><ele>1411.984</ele><time>2024-02-09T09:17:39Z</time></trkpt>
			<trkpt lat="42.3704000" lon="13.7999200"><ele>1414.118</ele><time>2024-02-09T09:17:39Z</time></trkpt>
			<trkpt lat="42.3704300" lon="13.7998300"><ele>1415.991</ele><time>2024-02-09T09:17:39Z</time></trkpt>
			<trkpt lat="42.3704700" lon="13.7997500"><ele>1417.866</ele><time>2024-02-09T09:17:39Z</time></trkpt>
			<trkpt lat="42.3705100" lon="13.7997400"><ele>1419.372</ele><time>2024-02-09T09:17:39Z</time></trkpt>
			<trkpt lat="42.3705300" lon="13.7996900"><ele>1420.471</ele><time>2024-02-09T09:17:39Z</time></trkpt>
			<trkpt lat="42.3705200" lon="13.7996500"><ele>1420.633</ele><time>2024-02-09T09:17:39Z</time></trkpt>
			<trkpt lat="42.3705300" lon="13.7995900"><ele>1421.683</ele><time>2024-02-09T09:17:39Z</time></trkpt>
			<trkpt lat="42.3705100" lon="13.7995000"><ele>1422.285</ele><time>2024-02-09T09:17:39Z</time></trkpt>
			<trkpt lat="42.3704400" lon="13.7994200"><ele>1422.347</ele><time>2024-02-09T09:17:39Z</time></trkpt>
			<trkpt lat="42.3704500" lon="13.7994000"><ele>1423.259</ele><time>2024-02-09T09:17:39Z</time></trkpt>
			<trkpt lat="42.3704700" lon="13.7993900"><ele>1424.052</ele><time>2024-02-09T09:17:39Z</time></trkpt>
			<trkpt lat="42.3705700" lon="13.7994100"><ele>1425.76</ele><time>2024-02-09T09:17:39Z</time></trkpt>
			<trkpt lat="42.3705900" lon="13.7994300"><ele>1425.832</ele><time>2024-02-09T09:17:39Z</time></trkpt>
			<trkpt lat="42.3706200" lon="13.7994400"><ele>1426.682</ele><time>2024-02-09T09:17:39Z</time></trkpt>
			<trkpt lat="42.3706900" lon="13.7994300"><ele>1429.643</ele><time>2024-02-09T09:17:39Z</time></trkpt>
			<trkpt lat="42.3707500" lon="13.7991800"><ele>1435.889</ele><time>2024-02-09T09:17:39Z</time></trkpt>
			<trkpt lat="42.3708400" lon="13.7990700"><ele>1437.919</ele><time>2024-02-09T09:17:39Z</time></trkpt>
			<trkpt lat="42.3709400" lon="13.7989500"><ele>1441.801</ele><time>2024-02-09T09:17:39Z</time></trkpt>
			<trkpt lat="42.3709600" lon="13.7987600"><ele>1445.09</ele><time>2024-02-09T09:17:39Z</time></trkpt>
			<trkpt lat="42.3709300" lon="13.7985700"><ele>1448.77</ele><time>2024-02-09T09:17:39Z</time></trkpt>
			<trkpt lat="42.3709600" lon="13.7984600"><ele>1451.568</ele><time>2024-02-09T09:17:39Z</time></trkpt>
			<trkpt lat="42.3709900" lon="13.7982600"><ele>1455.215</ele><time>2024-02-09T09:17:39Z</time></trkpt>
			<trkpt lat="42.3710200" lon="13.7981700"><ele>1455.941</ele><time>2024-02-09T09:17:39Z</time></trkpt>
			<trkpt lat="42.3710600" lon="13.7979600"><ele>1459.361</ele><time>2024-02-09T09:17:39Z</time></trkpt>
			<trkpt lat="42.3710600" lon="13.7978700"><ele>1461.834</ele><time>2024-02-09T09:17:39Z</time></trkpt>
			<trkpt lat="42.3710400" lon="13.7978700"><ele>1462.026</ele><time>2024-02-09T09:17:39Z</time></trkpt>
			<trkpt lat="42.3710100" lon="13.7978300"><ele>1463.361</ele><time>2024-02-09T09:17:39Z</time></trkpt>
			<trkpt lat="42.3709500" lon="13.7978700"><ele>1462.889</ele><time>2024-02-09T09:17:39Z</time></trkpt>
			<trkpt lat="42.3709200" lon="13.7978600"><ele>1463.415</ele><time>2024-02-09T09:17:39Z</time></trkpt>
			<trkpt lat="42.3709200" lon="13.7978200"><ele>1464.369</ele><time>2024-02-09T09:17:39Z</time></trkpt>
			<trkpt lat="42.3709700" lon="13.7977500"><ele>1465.619</ele><time>2024-02-09T09:17:39Z</time></trkpt>
			<trkpt lat="42.3709800" lon="13.7977300"><ele>1465.957</ele><time>2024-02-09T09:17:39Z</time></trkpt>
			<trkpt lat="42.3709900" lon="13.7974400"><ele>1472.195</ele><time>2024-02-09T09:17:39Z</time></trkpt>
			<trkpt lat="42.3709900" lon="13.7974300"><ele>1472.458</ele><time>2024-02-09T09:17:39Z</time></trkpt>
			<trkpt lat="42.3710000" lon="13.7973700"><ele>1473.77</ele><time>2024-02-09T09:17:39Z</time></trkpt>
			<trkpt lat="42.3709800" lon="13.7972500"><ele>1477.506</ele><time>2024-02-09T09:17:39Z</time></trkpt>
			<trkpt lat="42.3710000" lon="13.7970300"><ele>1482.029</ele><time>2024-02-09T09:17:39Z</time></trkpt>
			<trkpt lat="42.3709700" lon="13.7969500"><ele>1484.421</ele><time>2024-02-09T09:17:39Z</time></trkpt>
			<trkpt lat="42.3710000" lon="13.7967600"><ele>1487.32</ele><time>2024-02-09T09:17:39Z</time></trkpt>
			<trkpt lat="42.3710000" lon="13.7967400"><ele>1487.68</ele><time>2024-02-09T09:17:39Z</time></trkpt>
			<trkpt lat="42.3709900" lon="13.7966100"><ele>1488.927</ele><time>2024-02-09T09:17:39Z</time></trkpt>
			<trkpt lat="42.3710500" lon="13.7964500"><ele>1490.404</ele><time>2024-02-09T09:17:39Z</time></trkpt>
			<trkpt lat="42.3710600" lon="13.7963600"><ele>1491.453</ele><time>2024-02-09T09:17:39Z</time></trkpt>
			<trkpt lat="42.3710700" lon="13.7961900"><ele>1493.562</ele><time>2024-02-09T09:17:39Z</time></trkpt>
			<trkpt lat="42.3711500" lon="13.7960600"><ele>1496.368</ele><time>2024-02-09T09:17:39Z</time></trkpt>
			<trkpt lat="42.3712400" lon="13.7958400"><ele>1497.952</ele><time>2024-02-09T09:17:39Z</time></trkpt>
			<trkpt lat="42.3713000" lon="13.7957200"><ele>1498.816</ele><time>2024-02-09T09:17:39Z</time></trkpt>
			<trkpt lat="42.3713200" lon="13.7957000"><ele>1498.96</ele><time>2024-02-09T09:17:39Z</time></trkpt>
			<trkpt lat="42.3713900" lon="13.7956700"><ele>1499.154</ele><time>2024-02-09T09:17:39Z</time></trkpt>
			<trkpt lat="42.3714400" lon="13.7956400"><ele>1498.344</ele><time>2024-02-09T09:17:39Z</time></trkpt>
			<trkpt lat="42.3714600" lon="13.7956100"><ele>1498.122</ele><time>2024-02-09T09:17:39Z</time></trkpt>
			<trkpt lat="42.3715000" lon="13.7954700"><ele>1498.401</ele><time>2024-02-09T09:17:39Z</time></trkpt>
			<trkpt lat="42.3715100" lon="13.7953800"><ele>1499.004</ele><time>2024-02-09T09:17:39Z</time></trkpt>
			<trkpt lat="42.3715600" lon="13.7952900"><ele>1498.583</ele><time>2024-02-09T09:17:39Z</time></trkpt>
			<trkpt lat="42.3716400" lon="13.7952400"><ele>1497.08</ele><time>2024-02-09T09:17:39Z</time></trkpt>
			<trkpt lat="42.3716600" lon="13.7952100"><ele>1496.9</ele><time>2024-02-09T09:17:39Z</time></trkpt>
			<trkpt lat="42.3717000" lon="13.7951700"><ele>1496.371</ele><time>2024-02-09T09:17:39Z</time></trkpt>
			<trkpt lat="42.3717500" lon="13.7951700"><ele>1495.18</ele><time>2024-02-09T09:17:39Z</time></trkpt>
			<trkpt lat="42.3718500" lon="13.7950200"><ele>1494.776</ele><time>2024-02-09T09:17:39Z</time></trkpt>
			<trkpt lat="42.3719200" lon="13.7948600"><ele>1498.02</ele><time>2024-02-09T09:17:39Z</time></trkpt>
			<trkpt lat="42.3719600" lon="13.7948300"><ele>1498.241</ele><time>2024-02-09T09:17:39Z</time></trkpt>
			<trkpt lat="42.3720100" lon="13.7947800"><ele>1499.086</ele><time>2024-02-09T09:17:39Z</time></trkpt>
			<trkpt lat="42.3720500" lon="13.7946800"><ele>1501.79</ele><time>2024-02-09T09:17:39Z</time></trkpt>
			<trkpt lat="42.3721300" lon="13.7946400"><ele>1501.794</ele><time>2024-02-09T09:17:39Z</time></trkpt>
			<trkpt lat="42.3722100" lon="13.7945800"><ele>1502.295</ele><time>2024-02-09T09:17:39Z</time></trkpt>
			<trkpt lat="42.3722800" lon="13.7945900"><ele>1500.144</ele><time>2024-02-09T09:17:39Z</time></trkpt>
			<trkpt lat="42.3723800" lon="13.7945900"><ele>1497.264</ele><time>2024-02-09T09:17:39Z</time></trkpt>
			<trkpt lat="42.3724000" lon="13.7946000"><ele>1496.4</ele><time>2024-02-09T09:17:39Z</time></trkpt>
			<trkpt lat="42.3724100" lon="13.7945900"><ele>1496.4</ele><time>2024-02-09T09:17:39Z</time></trkpt>
			<trkpt lat="42.3724200" lon="13.7944900"><ele>1498.992</ele><time>2024-02-09T09:17:39Z</time></trkpt>
			<trkpt lat="42.3724200" lon="13.7944200"><ele>1500.832</ele><time>2024-02-09T09:17:39Z</time></trkpt>
			<trkpt lat="42.3724600" lon="13.7944200"><ele>1499.68</ele><time>2024-02-09T09:17:39Z</time></trkpt>
			<trkpt lat="42.3724800" lon="13.7944000"><ele>1499.536</ele><time>2024-02-09T09:17:39Z</time></trkpt>
			<trkpt lat="42.3725200" lon="13.7942400"><ele>1502.723</ele><time>2024-02-09T09:17:39Z</time></trkpt>
			<trkpt lat="42.3725300" lon="13.7942200"><ele>1503.301</ele><time>2024-02-09T09:17:39Z</time></trkpt>
			<trkpt lat="42.3725400" lon="13.7940900"><ele>1505.916</ele><time>2024-02-09T09:17:39Z</time></trkpt>
			<trkpt lat="42.3725200" lon="13.7940300"><ele>1506.713</ele><time>2024-02-09T09:17:39Z</time></trkpt>
			<trkpt lat="42.3725100" lon="13.7938900"><ele>1509.088</ele><time>2024-02-09T09:17:39Z</time></trkpt>
			<trkpt lat="42.3725100" lon="13.7938400"><ele>1509.636</ele><time>2024-02-09T09:17:39Z</time></trkpt>
			<trkpt lat="42.3725700" lon="13.7937800"><ele>1510.932</ele><time>2024-02-09T09:17:39Z</time></trkpt>
			<trkpt lat="42.3726200" lon="13.7936800"><ele>1512.552</ele><time>2024-02-09T09:17:39Z</time></trkpt>
			<trkpt lat="42.3726500" lon="13.7936300"><ele>1513.416</ele><time>2024-02-09T09:17:39Z</time></trkpt>
			<trkpt lat="42.3726700" lon="13.7935700"><ele>1514.806</ele><time>2024-02-09T09:17:39Z</time></trkpt>
			<trkpt lat="42.3726600" lon="13.7935500"><ele>1515.201</ele><time>2024-02-09T09:17:39Z</time></trkpt>
			<trkpt lat="42.3726300" lon="13.7934800"><ele>1516.768</ele><time>2024-02-09T09:17:39Z</time></trkpt>
			<trkpt lat="42.3726000" lon="13.7933700"><ele>1519.642</ele><time>2024-02-09T09:17:39Z</time></trkpt>
			<trkpt lat="42.3726000" lon="13.7932800"><ele>1520.763</ele><time>2024-02-09T09:17:39Z</time></trkpt>
			<trkpt lat="42.3726200" lon="13.7932000"><ele>1520.841</ele><time>2024-02-09T09:17:39Z</time></trkpt>
			<trkpt lat="42.3726200" lon="13.7931200"><ele>1521.004</ele><time>2024-02-09T09:17:39Z</time></trkpt>
			<trkpt lat="42.3726500" lon="13.7930500"><ele>1520.949</ele><time>2024-02-09T09:17:39Z</time></trkpt>
			<trkpt lat="42.3726700" lon="13.7930000"><ele>1521.054</ele><time>2024-02-09T09:17:39Z</time></trkpt>
			<trkpt lat="42.3726900" lon="13.7929200"><ele>1521.274</ele><time>2024-02-09T09:17:39Z</time></trkpt>
			<trkpt lat="42.3726800" lon="13.7928300"><ele>1521.802</ele><time>2024-02-09T09:17:39Z</time></trkpt>
			<trkpt lat="42.3726700" lon="13.7927500"><ele>1522.125</ele><time>2024-02-09T09:17:39Z</time></trkpt>
			<trkpt lat="42.3726600" lon="13.7926700"><ele>1522.107</ele><time>2024-02-09T09:17:39Z</time></trkpt>
			<trkpt lat="42.3726800" lon="13.7925600"><ele>1521.78</ele><time>2024-02-09T09:17:39Z</time></trkpt>
			<trkpt lat="42.3727100" lon="13.7924300"><ele>1520.984</ele><time>2024-02-09T09:17:39Z</time></trkpt>
			<trkpt lat="42.3727200" lon="13.7923600"><ele>1520.408</ele><time>2024-02-09T09:17:39Z</time></trkpt>
			<trkpt lat="42.3727000" lon="13.7923200"><ele>1520.264</ele><time>2024-02-09T09:17:39Z</time></trkpt>
			<trkpt lat="42.3727000" lon="13.7922100"><ele>1519.484</ele><time>2024-02-09T09:17:39Z</time></trkpt>
			<trkpt lat="42.3726900" lon="13.7920800"><ele>1518.77</ele><time>2024-02-09T09:17:39Z</time></trkpt>
			<trkpt lat="42.3726900" lon="13.7920500"><ele>1518.588</ele><time>2024-02-09T09:17:39Z</time></trkpt>
			<trkpt lat="42.3726800" lon="13.7919500"><ele>1518.089</ele><time>2024-02-09T09:17:39Z</time></trkpt>
			<trkpt lat="42.3726600" lon="13.7918100"><ele>1518.551</ele><time>2024-02-09T09:17:39Z</time></trkpt>
			<trkpt lat="42.3726400" lon="13.7917500"><ele>1518.841</ele><time>2024-02-09T09:17:39Z</time></trkpt>
			<trkpt lat="42.3726400" lon="13.7917000"><ele>1518.932</ele><time>2024-02-09T09:17:39Z</time></trkpt>
			<trkpt lat="42.3725700" lon="13.7915600"><ele>1519.977</ele><time>2024-02-09T09:17:39Z</time></trkpt>
			<trkpt lat="42.3725700" lon="13.7915100"><ele>1520.202</ele><time>2024-02-09T09:17:39Z</time></trkpt>
			<trkpt lat="42.3725300" lon="13.7914000"><ele>1520.848</ele><time>2024-02-09T09:17:39Z</time></trkpt>
			<trkpt lat="42.3725200" lon="13.7912600"><ele>1521.392</ele><time>2024-02-09T09:17:39Z</time></trkpt>
			<trkpt lat="42.3725100" lon="13.7911800"><ele>1521.716</ele><time>2024-02-09T09:17:39Z</time></trkpt>
			<trkpt lat="42.3724900" lon="13.7910900"><ele>1522.072</ele><time>2024-02-09T09:17:39Z</time></trkpt>
			<trkpt lat="42.3725100" lon="13.7910000"><ele>1521.964</ele><time>2024-02-09T09:17:39Z</time></trkpt>
			<trkpt lat="42.3725300" lon="13.7909400"><ele>1521.892</ele><time>2024-02-09T09:17:39Z</time></trkpt>
			<trkpt lat="42.3725800" lon="13.7908800"><ele>1521.712</ele><time>2024-02-09T09:17:39Z</time></trkpt>
			<trkpt lat="42.3726400" lon="13.7907700"><ele>1521.839</ele><time>2024-02-09T09:17:39Z</time></trkpt>
			<trkpt lat="42.3726900" lon="13.7907200"><ele>1522.003</ele><time>2024-02-09T09:17:39Z</time></trkpt>
			<trkpt lat="42.3727900" lon="13.7906600"><ele>1522.248</ele><time>2024-02-09T09:17:39Z</time></trkpt>
			<trkpt lat="42.3728100" lon="13.7906200"><ele>1522.536</ele><time>2024-02-09T09:17:39Z</time></trkpt>
			<trkpt lat="42.3727900" lon="13.7905500"><ele>1523.04</ele><time>2024-02-09T09:17:39Z</time></trkpt>
			<trkpt lat="42.3728000" lon="13.7905200"><ele>1523.256</ele><time>2024-02-09T09:17:39Z</time></trkpt>
			<trkpt lat="42.3727900" lon="13.7904100"><ele>1524.048</ele><time>2024-02-09T09:17:39Z</time></trkpt>
			<trkpt lat="42.3727700" lon="13.7903800"><ele>1524.246</ele><time>2024-02-09T09:17:39Z</time></trkpt>
			<trkpt lat="42.3727600" lon="13.7903400"><ele>1524.502</ele><time>2024-02-09T09:17:39Z</time></trkpt>
			<trkpt lat="42.3727000" lon="13.7901200"><ele>1524.879</ele><time>2024-02-09T09:17:39Z</time></trkpt>
			<trkpt lat="42.3726300" lon="13.7899800"><ele>1525.077</ele><time>2024-02-09T09:17:39Z</time></trkpt>
			<trkpt lat="42.3726200" lon="13.7899200"><ele>1525.327</ele><time>2024-02-09T09:17:39Z</time></trkpt>
			<trkpt lat="42.3726000" lon="13.7898000"><ele>1525.922</ele><time>2024-02-09T09:17:39Z</time></trkpt>
			<trkpt lat="42.3726800" lon="13.7894900"><ele>1528.459</ele><time>2024-02-09T09:17:39Z</time></trkpt>
			<trkpt lat="42.3727400" lon="13.7893000"><ele>1529.732</ele><time>2024-02-09T09:17:39Z</time></trkpt>
			<trkpt lat="42.3727500" lon="13.7891000"><ele>1532.172</ele><time>2024-02-09T09:17:39Z</time></trkpt>
			<trkpt lat="42.3727300" lon="13.7890800"><ele>1532.905</ele><time>2024-02-09T09:17:39Z</time></trkpt>
			<trkpt lat="42.3727800" lon="13.7887700"><ele>1539.292</ele><time>2024-02-09T09:17:39Z</time></trkpt>
			<trkpt lat="42.3728000" lon="13.7886000"><ele>1541.2</ele><time>2024-02-09T09:17:39Z</time></trkpt>
			<trkpt lat="42.3728300" lon="13.7885100"><ele>1542.28</ele><time>2024-02-09T09:17:39Z</time></trkpt>
			<trkpt lat="42.3729000" lon="13.7883600"><ele>1544.152</ele><time>2024-02-09T09:17:39Z</time></trkpt>
			<trkpt lat="42.3729200" lon="13.7883000"><ele>1544.691</ele><time>2024-02-09T09:17:39Z</time></trkpt>
			<trkpt lat="42.3729400" lon="13.7881100"><ele>1545.722</ele><time>2024-02-09T09:17:39Z</time></trkpt>
			<trkpt lat="42.3729600" lon="13.7879900"><ele>1545.926</ele><time>2024-02-09T09:17:39Z</time></trkpt>
			<trkpt lat="42.3729900" lon="13.7878500"><ele>1545.609</ele><time>2024-02-09T09:17:39Z</time></trkpt>
			<trkpt lat="42.3729900" lon="13.7878000"><ele>1545.514</ele><time>2024-02-09T09:17:39Z</time></trkpt>
			<trkpt lat="42.3729700" lon="13.7877700"><ele>1545.508</ele><time>2024-02-09T09:17:39Z</time></trkpt>
			<trkpt lat="42.3729500" lon="13.7877400"><ele>1545.306</ele><time>2024-02-09T09:17:39Z</time></trkpt>
			<trkpt lat="42.3729100" lon="13.7876000"><ele>1544.556</ele><time>2024-02-09T09:17:39Z</time></trkpt>
			<trkpt lat="42.3729000" lon="13.7875800"><ele>1544.639</ele><time>2024-02-09T09:17:39Z</time></trkpt>
			<trkpt lat="42.3728300" lon="13.7874600"><ele>1546.11</ele><time>2024-02-09T09:17:39Z</time></trkpt>
			<trkpt lat="42.3727800" lon="13.7873200"><ele>1547.27</ele><time>2024-02-09T09:17:39Z</time></trkpt>
			<trkpt lat="42.3726500" lon="13.7871200"><ele>1547.644</ele><time>2024-02-09T09:17:39Z</time></trkpt>
			<trkpt lat="42.3726200" lon="13.7870600"><ele>1546.888</ele><time>2024-02-09T09:17:39Z</time></trkpt>
			<trkpt lat="42.3726500" lon="13.7869500"><ele>1543.36</ele><time>2024-02-09T09:17:39Z</time></trkpt>
			<trkpt lat="42.3726400" lon="13.7868200"><ele>1546.379</ele><time>2024-02-09T09:17:39Z</time></trkpt>
			<trkpt lat="42.3725800" lon="13.7866800"><ele>1551.777</ele><time>2024-02-09T09:17:39Z</time></trkpt>
			<trkpt lat="42.3725900" lon="13.7866600"><ele>1551.888</ele><time>2024-02-09T09:17:39Z</time></trkpt>
			<trkpt lat="42.3726400" lon="13.7865800"><ele>1551.677</ele><time>2024-02-09T09:17:39Z</time></trkpt>
			<trkpt lat="42.3726500" lon="13.7864300"><ele>1554.32</ele><time>2024-02-09T09:17:39Z</time></trkpt>
			<trkpt lat="42.3727000" lon="13.7863100"><ele>1555.633</ele><time>2024-02-09T09:17:39Z</time></trkpt>
			<trkpt lat="42.3727700" lon="13.7862100"><ele>1556.368</ele><time>2024-02-09T09:17:39Z</time></trkpt>
			<trkpt lat="42.3727900" lon="13.7861700"><ele>1556.952</ele><time>2024-02-09T09:17:39Z</time></trkpt>
			<trkpt lat="42.3728500" lon="13.7860600"><ele>1558.072</ele><time>2024-02-09T09:17:39Z</time></trkpt>
			<trkpt lat="42.3728700" lon="13.7859800"><ele>1559.333</ele><time>2024-02-09T09:17:39Z</time></trkpt>
			<trkpt lat="42.3729700" lon="13.7857900"><ele>1561.668</ele><time>2024-02-09T09:17:39Z</time></trkpt>
			<trkpt lat="42.3730100" lon="13.7857100"><ele>1563.515</ele><time>2024-02-09T09:17:39Z</time></trkpt>
			<trkpt lat="42.3730400" lon="13.7856300"><ele>1565.671</ele><time>2024-02-09T09:17:39Z</time></trkpt>
			<trkpt lat="42.3730800" lon="13.7855400"><ele>1567.832</ele><time>2024-02-09T09:17:39Z</time></trkpt>
			<trkpt lat="42.3730900" lon="13.7854800"><ele>1569.308</ele><time>2024-02-09T09:17:39Z</time></trkpt>
			<trkpt lat="42.3731000" lon="13.7854300"><ele>1570.496</ele><time>2024-02-09T09:17:39Z</time></trkpt>
			<trkpt lat="42.3731100" lon="13.7853800"><ele>1571.684</ele><time>2024-02-09T09:17:39Z</time></trkpt>
			<trkpt lat="42.3731300" lon="13.7853700"><ele>1571.468</ele><time>2024-02-09T09:17:39Z</time></trkpt>
			<trkpt lat="42.3731800" lon="13.7853000"><ele>1572.224</ele><time>2024-02-09T09:17:39Z</time></trkpt>
			<trkpt lat="42.3732000" lon="13.7852900"><ele>1572.008</ele><time>2024-02-09T09:17:39Z</time></trkpt>
			<trkpt lat="42.3732700" lon="13.7852300"><ele>1572.488</ele><time>2024-02-09T09:17:39Z</time></trkpt>
			<trkpt lat="42.3733100" lon="13.7851400"><ele>1575.044</ele><time>2024-02-09T09:17:39Z</time></trkpt>
			<trkpt lat="42.3733500" lon="13.7850900"><ele>1575.836</ele><time>2024-02-09T09:17:39Z</time></trkpt>
			<trkpt lat="42.3734800" lon="13.7850200"><ele>1573.928</ele><time>2024-02-09T09:17:39Z</time></trkpt>
			<trkpt lat="42.3735600" lon="13.7849200"><ele>1574.72</ele><time>2024-02-09T09:17:39Z</time></trkpt>
			<trkpt lat="42.3736500" lon="13.7848900"><ele>1572.56</ele><time>2024-02-09T09:17:39Z</time></trkpt>
			<trkpt lat="42.3737600" lon="13.7848100"><ele>1571.48</ele><time>2024-02-09T09:17:39Z</time></trkpt>
			<trkpt lat="42.3739100" lon="13.7846700"><ele>1571.142</ele><time>2024-02-09T09:17:39Z</time></trkpt>
			<trkpt lat="42.3739800" lon="13.7846100"><ele>1570.375</ele><time>2024-02-09T09:17:39Z</time></trkpt>
			<trkpt lat="42.3740400" lon="13.7845600"><ele>1569.578</ele><time>2024-02-09T09:17:39Z</time></trkpt>
			<trkpt lat="42.3740700" lon="13.7844700"><ele>1571.572</ele><time>2024-02-09T09:17:39Z</time></trkpt>
			<trkpt lat="42.3741600" lon="13.7843900"><ele>1570.65</ele><time>2024-02-09T09:17:39Z</time></trkpt>
			<trkpt lat="42.3742500" lon="13.7842600"><ele>1572.769</ele><time>2024-02-09T09:17:39Z</time></trkpt>
			<trkpt lat="42.3742900" lon="13.7841700"><ele>1574.977</ele><time>2024-02-09T09:17:39Z</time></trkpt>
			<trkpt lat="42.3743700" lon="13.7840800"><ele>1574.962</ele><time>2024-02-09T09:17:39Z</time></trkpt>
			<trkpt lat="42.3744200" lon="13.7840100"><ele>1575.924</ele><time>2024-02-09T09:17:39Z</time></trkpt>
			<trkpt lat="42.3745200" lon="13.7838900"><ele>1578.324</ele><time>2024-02-09T09:17:39Z</time></trkpt>
			<trkpt lat="42.3746100" lon="13.7838400"><ele>1578.255</ele><time>2024-02-09T09:17:39Z</time></trkpt>
			<trkpt lat="42.3746900" lon="13.7838400"><ele>1576.476</ele><time>2024-02-09T09:17:39Z</time></trkpt>
			<trkpt lat="42.3747900" lon="13.7838500"><ele>1573.238</ele><time>2024-02-09T09:17:39Z</time></trkpt>
			<trkpt lat="42.3748900" lon="13.7837800"><ele>1572.721</ele><time>2024-02-09T09:17:39Z</time></trkpt>
			<trkpt lat="42.3750000" lon="13.7835400"><ele>1576.768</ele><time>2024-02-09T09:17:39Z</time></trkpt>
			<trkpt lat="42.3750700" lon="13.7833700"><ele>1576.555</ele><time>2024-02-09T09:17:39Z</time></trkpt>
			<trkpt lat="42.3751000" lon="13.7832300"><ele>1577.102</ele><time>2024-02-09T09:17:39Z</time></trkpt>
			<trkpt lat="42.3751200" lon="13.7830600"><ele>1578.071</ele><time>2024-02-09T09:17:39Z</time></trkpt>
			<trkpt lat="42.3751300" lon="13.7830200"><ele>1577.924</ele><time>2024-02-09T09:17:39Z</time></trkpt>
			<trkpt lat="42.3751700" lon="13.7827700"><ele>1577.273</ele><time>2024-02-09T09:17:39Z</time></trkpt>
			<trkpt lat="42.3752200" lon="13.7825200"><ele>1574.939</ele><time>2024-02-09T09:17:39Z</time></trkpt>
			<trkpt lat="42.3752300" lon="13.7823700"><ele>1574.876</ele><time>2024-02-09T09:17:39Z</time></trkpt>
			<trkpt lat="42.3752900" lon="13.7821200"><ele>1572.928</ele><time>2024-02-09T09:17:39Z</time></trkpt>
			<trkpt lat="42.3753100" lon="13.7820600"><ele>1572.424</ele><time>2024-02-09T09:17:39Z</time></trkpt>
			<trkpt lat="42.3753600" lon="13.7817600"><ele>1573.106</ele><time>2024-02-09T09:17:39Z</time></trkpt>
			<trkpt lat="42.3753800" lon="13.7816300"><ele>1573.48</ele><time>2024-02-09T09:17:39Z</time></trkpt>
			<trkpt lat="42.3754700" lon="13.7813300"><ele>1571.281</ele><time>2024-02-09T09:17:39Z</time></trkpt>
			<trkpt lat="42.3755400" lon="13.7811700"><ele>1568.56</ele><time>2024-02-09T09:17:39Z</time></trkpt>
			<trkpt lat="42.3755600" lon="13.7810600"><ele>1567.713</ele><time>2024-02-09T09:17:39Z</time></trkpt>
			<trkpt lat="42.3756100" lon="13.7809400"><ele>1566.374</ele><time>2024-02-09T09:17:39Z</time></trkpt>
			<trkpt lat="42.3755700" lon="13.7807100"><ele>1566.371</ele><time>2024-02-09T09:17:39Z</time></trkpt>
			<trkpt lat="42.3755300" lon="13.7806400"><ele>1567.556</ele><time>2024-02-09T09:17:39Z</time></trkpt>
			<trkpt lat="42.3755500" lon="13.7805700"><ele>1566.314</ele><time>2024-02-09T09:17:39Z</time></trkpt>
			<trkpt lat="42.3755500" lon="13.7804800"><ele>1565.988</ele><time>2024-02-09T09:17:39Z</time></trkpt>
			<trkpt lat="42.3755600" lon="13.7804200"><ele>1565.472</ele><time>2024-02-09T09:17:39Z</time></trkpt>
			<trkpt lat="42.3755900" lon="13.7803300"><ele>1564.917</ele><time>2024-02-09T09:17:39Z</time></trkpt>
			<trkpt lat="42.3756200" lon="13.7802600"><ele>1564.536</ele><time>2024-02-09T09:17:39Z</time></trkpt>
			<trkpt lat="42.3756300" lon="13.7802000"><ele>1564.464</ele><time>2024-02-09T09:17:39Z</time></trkpt>
			<trkpt lat="42.3756500" lon="13.7800900"><ele>1564.32</ele><time>2024-02-09T09:17:39Z</time></trkpt>
			<trkpt lat="42.3756800" lon="13.7800500"><ele>1564.104</ele><time>2024-02-09T09:17:39Z</time></trkpt>
			<trkpt lat="42.3757000" lon="13.7799700"><ele>1563.956</ele><time>2024-02-09T09:17:39Z</time></trkpt>
			<trkpt lat="42.3757200" lon="13.7799000"><ele>1563.75</ele><time>2024-02-09T09:17:39Z</time></trkpt>
			<trkpt lat="42.3757500" lon="13.7798000"><ele>1563.312</ele><time>2024-02-09T09:17:39Z</time></trkpt>
			<trkpt lat="42.3757700" lon="13.7797400"><ele>1562.947</ele><time>2024-02-09T09:17:39Z</time></trkpt>
			<trkpt lat="42.3758000" lon="13.7796800"><ele>1562.48</ele><time>2024-02-09T09:17:39Z</time></trkpt>
			<trkpt lat="42.3758300" lon="13.7796200"><ele>1562.048</ele><time>2024-02-09T09:17:39Z</time></trkpt>
			<trkpt lat="42.3758500" lon="13.7795600"><ele>1561.905</ele><time>2024-02-09T09:17:39Z</time></trkpt>
			<trkpt lat="42.3758800" lon="13.7794600"><ele>1561.673</ele><time>2024-02-09T09:17:39Z</time></trkpt>
			<trkpt lat="42.3758700" lon="13.7793700"><ele>1561.736</ele><time>2024-02-09T09:17:39Z</time></trkpt>
			<trkpt lat="42.3759000" lon="13.7792800"><ele>1561.52</ele><time>2024-02-09T09:17:39Z</time></trkpt>
			<trkpt lat="42.3759400" lon="13.7792000"><ele>1561.232</ele><time>2024-02-09T09:17:39Z</time></trkpt>
			<trkpt lat="42.3759400" lon="13.7790800"><ele>1561.304</ele><time>2024-02-09T09:17:39Z</time></trkpt>
			<trkpt lat="42.3759800" lon="13.7789700"><ele>1560.904</ele><time>2024-02-09T09:17:39Z</time></trkpt>
			<trkpt lat="42.3760200" lon="13.7788700"><ele>1560.221</ele><time>2024-02-09T09:17:39Z</time></trkpt>
			<trkpt lat="42.3760500" lon="13.7787700"><ele>1559.212</ele><time>2024-02-09T09:17:39Z</time></trkpt>
			<trkpt lat="42.3761000" lon="13.7786800"><ele>1557.716</ele><time>2024-02-09T09:17:39Z</time></trkpt>
			<trkpt lat="42.3761500" lon="13.7785700"><ele>1557.781</ele><time>2024-02-09T09:17:39Z</time></trkpt>
			<trkpt lat="42.3761800" lon="13.7784800"><ele>1558.692</ele><time>2024-02-09T09:17:39Z</time></trkpt>
			<trkpt lat="42.3761900" lon="13.7784300"><ele>1559.067</ele><time>2024-02-09T09:17:39Z</time></trkpt>
			<trkpt lat="42.3762200" lon="13.7783800"><ele>1559.367</ele><time>2024-02-09T09:17:39Z</time></trkpt>
			<trkpt lat="42.3762600" lon="13.7782900"><ele>1559.598</ele><time>2024-02-09T09:17:39Z</time></trkpt>
			<trkpt lat="42.3762900" lon="13.7782200"><ele>1559.529</ele><time>2024-02-09T09:17:39Z</time></trkpt>
			<trkpt lat="42.3763000" lon="13.7781200"><ele>1559.535</ele><time>2024-02-09T09:17:39Z</time></trkpt>
			<trkpt lat="42.3763300" lon="13.7779900"><ele>1560.29</ele><time>2024-02-09T09:17:39Z</time></trkpt>
			<trkpt lat="42.3763600" lon="13.7778700"><ele>1561.929</ele><time>2024-02-09T09:17:39Z</time></trkpt>
			<trkpt lat="42.3764100" lon="13.7777500"><ele>1563.344</ele><time>2024-02-09T09:17:39Z</time></trkpt>
			<trkpt lat="42.3764300" lon="13.7776500"><ele>1564.148</ele><time>2024-02-09T09:17:39Z</time></trkpt>
			<trkpt lat="42.3764400" lon="13.7776000"><ele>1564.53</ele><time>2024-02-09T09:17:39Z</time></trkpt>
			<trkpt lat="42.3764100" lon="13.7775000"><ele>1565.076</ele><time>2024-02-09T09:17:39Z</time></trkpt>
			<trkpt lat="42.3764400" lon="13.7774300"><ele>1566.809</ele><time>2024-02-09T09:17:39Z</time></trkpt>
			<trkpt lat="42.3765000" lon="13.7772600"><ele>1570.411</ele><time>2024-02-09T09:17:39Z</time></trkpt>
			<trkpt lat="42.3765300" lon="13.7771400"><ele>1572.163</ele><time>2024-02-09T09:17:39Z</time></trkpt>
			<trkpt lat="42.3765900" lon="13.7770200"><ele>1573.138</ele><time>2024-02-09T09:17:39Z</time></trkpt>
			<trkpt lat="42.3766300" lon="13.7769800"><ele>1573.11</ele><time>2024-02-09T09:17:39Z</time></trkpt>
			<trkpt lat="42.3767100" lon="13.7768600"><ele>1574.247</ele><time>2024-02-09T09:17:39Z</time></trkpt>
			<trkpt lat="42.3767100" lon="13.7768200"><ele>1575.134</ele><time>2024-02-09T09:17:39Z</time></trkpt>
			<trkpt lat="42.3767500" lon="13.7766800"><ele>1577.798</ele><time>2024-02-09T09:17:39Z</time></trkpt>
			<trkpt lat="42.3767500" lon="13.7766500"><ele>1578.244</ele><time>2024-02-09T09:17:39Z</time></trkpt>
			<trkpt lat="42.3767600" lon="13.7766000"><ele>1578.551</ele><time>2024-02-09T09:17:39Z</time></trkpt>
			<trkpt lat="42.3767800" lon="13.7765700"><ele>1578.536</ele><time>2024-02-09T09:17:39Z</time></trkpt>
			<trkpt lat="42.3767900" lon="13.7765100"><ele>1578.859</ele><time>2024-02-09T09:17:39Z</time></trkpt>
			<trkpt lat="42.3768600" lon="13.7763600"><ele>1578.8</ele><time>2024-02-09T09:17:39Z</time></trkpt>
			<trkpt lat="42.3768900" lon="13.7762500"><ele>1579.382</ele><time>2024-02-09T09:17:39Z</time></trkpt>
			<trkpt lat="42.3769400" lon="13.7761600"><ele>1579.539</ele><time>2024-02-09T09:17:39Z</time></trkpt>
			<trkpt lat="42.3769900" lon="13.7761200"><ele>1579.084</ele><time>2024-02-09T09:17:39Z</time></trkpt>
			<trkpt lat="42.3770700" lon="13.7760900"><ele>1578.147</ele><time>2024-02-09T09:17:39Z</time></trkpt>
			<trkpt lat="42.3771500" lon="13.7760600"><ele>1577.444</ele><time>2024-02-09T09:17:39Z</time></trkpt>
			<trkpt lat="42.3772800" lon="13.7760000"><ele>1577.758</ele><time>2024-02-09T09:17:39Z</time></trkpt>
			<trkpt lat="42.3773400" lon="13.7759400"><ele>1578.952</ele><time>2024-02-09T09:17:39Z</time></trkpt>
			<trkpt lat="42.3773700" lon="13.7758900"><ele>1579.834</ele><time>2024-02-09T09:17:39Z</time></trkpt>
			<trkpt lat="42.3773800" lon="13.7758100"><ele>1581.141</ele><time>2024-02-09T09:17:39Z</time></trkpt>
			<trkpt lat="42.3774000" lon="13.7756900"><ele>1582.309</ele><time>2024-02-09T09:17:39Z</time></trkpt>
			<trkpt lat="42.3773900" lon="13.7756400"><ele>1583.011</ele><time>2024-02-09T09:17:39Z</time></trkpt>
			<trkpt lat="42.3773800" lon="13.7755800"><ele>1583.87</ele><time>2024-02-09T09:17:39Z</time></trkpt>
			<trkpt lat="42.3773900" lon="13.7755200"><ele>1584.439</ele><time>2024-02-09T09:17:39Z</time></trkpt>
			<trkpt lat="42.3774100" lon="13.7754800"><ele>1584.517</ele><time>2024-02-09T09:17:39Z</time></trkpt>
			<trkpt lat="42.3774200" lon="13.7754000"><ele>1585.205</ele><time>2024-02-09T09:17:39Z</time></trkpt>
			<trkpt lat="42.3774300" lon="13.7753600"><ele>1585.378</ele><time>2024-02-09T09:17:39Z</time></trkpt>
			<trkpt lat="42.3774400" lon="13.7753200"><ele>1585.509</ele><time>2024-02-09T09:17:39Z</time></trkpt>
			<trkpt lat="42.3774500" lon="13.7753100"><ele>1585.304</ele><time>2024-02-09T09:17:39Z</time></trkpt>
			<trkpt lat="42.3774600" lon="13.7752900"><ele>1585.183</ele><time>2024-02-09T09:17:39Z</time></trkpt>
			<trkpt lat="42.3775000" lon="13.7752200"><ele>1583.584</ele><time>2024-02-09T09:17:39Z</time></trkpt>
			<trkpt lat="42.3775400" lon="13.7751900"><ele>1583.618</ele><time>2024-02-09T09:17:39Z</time></trkpt>
			<trkpt lat="42.3775500" lon="13.7751500"><ele>1583.289</ele><time>2024-02-09T09:17:39Z</time></trkpt>
			<trkpt lat="42.3775400" lon="13.7750800"><ele>1582.598</ele><time>2024-02-09T09:17:39Z</time></trkpt>
			<trkpt lat="42.3775300" lon="13.7749900"><ele>1581.801</ele><time>2024-02-09T09:17:39Z</time></trkpt>
			<trkpt lat="42.3775400" lon="13.7749100"><ele>1580.975</ele><time>2024-02-09T09:17:39Z</time></trkpt>
			<trkpt lat="42.3775500" lon="13.7748300"><ele>1580.045</ele><time>2024-02-09T09:17:39Z</time></trkpt>
			<trkpt lat="42.3775700" lon="13.7747600"><ele>1578.931</ele><time>2024-02-09T09:17:39Z</time></trkpt>
			<trkpt lat="42.3775600" lon="13.7747200"><ele>1578.699</ele><time>2024-02-09T09:17:39Z</time></trkpt>
			<trkpt lat="42.3775700" lon="13.7746700"><ele>1578.346</ele><time>2024-02-09T09:17:39Z</time></trkpt>
			<trkpt lat="42.3776000" lon="13.7745700"><ele>1577.248</ele><time>2024-02-09T09:17:39Z</time></trkpt>
			<trkpt lat="42.3776500" lon="13.7744500"><ele>1575.172</ele><time>2024-02-09T09:17:39Z</time></trkpt>
			<trkpt lat="42.3776400" lon="13.7743400"><ele>1574.715</ele><time>2024-02-09T09:17:39Z</time></trkpt>
			<trkpt lat="42.3776100" lon="13.7742900"><ele>1575.208</ele><time>2024-02-09T09:17:39Z</time></trkpt>
			<trkpt lat="42.3775900" lon="13.7742700"><ele>1575.607</ele><time>2024-02-09T09:17:39Z</time></trkpt>
			<trkpt lat="42.3775700" lon="13.7742500"><ele>1575.985</ele><time>2024-02-09T09:17:39Z</time></trkpt>
			<trkpt lat="42.3775600" lon="13.7742300"><ele>1576.074</ele><time>2024-02-09T09:17:39Z</time></trkpt>
			<trkpt lat="42.3775500" lon="13.7742100"><ele>1576.152</ele><time>2024-02-09T09:17:39Z</time></trkpt>
			<trkpt lat="42.3775400" lon="13.7741800"><ele>1576.122</ele><time>2024-02-09T09:17:39Z</time></trkpt>
			<trkpt lat="42.3775200" lon="13.7741600"><ele>1576.258</ele><time>2024-02-09T09:17:39Z</time></trkpt>
			<trkpt lat="42.3775000" lon="13.7741500"><ele>1576.4</ele><time>2024-02-09T09:17:39Z</time></trkpt>
			<trkpt lat="42.3774900" lon="13.7741300"><ele>1575.86</ele><time>2024-02-09T09:17:39Z</time></trkpt>
			<trkpt lat="42.3774700" lon="13.7741200"><ele>1575.86</ele><time>2024-02-09T09:17:39Z</time></trkpt>
			<trkpt lat="42.3774500" lon="13.7740900"><ele>1575.14</ele><time>2024-02-09T09:17:39Z</time></trkpt>
			<trkpt lat="42.3774400" lon="13.7740600"><ele>1574.24</ele><time>2024-02-09T09:17:39Z</time></trkpt>
			<trkpt lat="42.3774300" lon="13.7740400"><ele>1573.7</ele><time>2024-02-09T09:17:39Z</time></trkpt>
			<trkpt lat="42.3774100" lon="13.7740400"><ele>1574.06</ele><time>2024-02-09T09:17:39Z</time></trkpt>
			<trkpt lat="42.3773900" lon="13.7740500"><ele>1574.78</ele><time>2024-02-09T09:17:39Z</time></trkpt>
			<trkpt lat="42.3773700" lon="13.7740500"><ele>1575.14</ele><time>2024-02-09T09:17:39Z</time></trkpt>
			<trkpt lat="42.3773500" lon="13.7740600"><ele>1575.86</ele><time>2024-02-09T09:17:39Z</time></trkpt>
			<trkpt lat="42.3773300" lon="13.7740800"><ele>1576.94</ele><time>2024-02-09T09:17:39Z</time></trkpt>
			<trkpt lat="42.3773100" lon="13.7740900"><ele>1577.66</ele><time>2024-02-09T09:17:39Z</time></trkpt>
			<trkpt lat="42.3772900" lon="13.7741100"><ele>1578.74</ele><time>2024-02-09T09:17:39Z</time></trkpt>
			<trkpt lat="42.3772800" lon="13.7741200"><ele>1579.28</ele><time>2024-02-09T09:17:39Z</time></trkpt>
			<trkpt lat="42.3772500" lon="13.7741200"><ele>1579.82</ele><time>2024-02-09T09:17:39Z</time></trkpt>
			<trkpt lat="42.3772300" lon="13.7741200"><ele>1580.18</ele><time>2024-02-09T09:17:39Z</time></trkpt>
			<trkpt lat="42.3772500" lon="13.7741400"><ele>1580.54</ele><time>2024-02-09T09:17:39Z</time></trkpt>
			<trkpt lat="42.3772600" lon="13.7741800"><ele>1581.547</ele><time>2024-02-09T09:17:39Z</time></trkpt>
			<trkpt lat="42.3772400" lon="13.7742200"><ele>1582.615</ele><time>2024-02-09T09:17:39Z</time></trkpt>
			<trkpt lat="42.3772300" lon="13.7742300"><ele>1582.987</ele><time>2024-02-09T09:17:39Z</time></trkpt>
			<trkpt lat="42.3772100" lon="13.7742400"><ele>1583.695</ele><time>2024-02-09T09:17:39Z</time></trkpt>
			<trkpt lat="42.3771900" lon="13.7742500"><ele>1584.498</ele><time>2024-02-09T09:17:39Z</time></trkpt>
			<trkpt lat="42.3771700" lon="13.7742500"><ele>1585.117</ele><time>2024-02-09T09:17:39Z</time></trkpt>
			<trkpt lat="42.3771700" lon="13.7742800"><ele>1585.697</ele><time>2024-02-09T09:17:39Z</time></trkpt>
			<trkpt lat="42.3771700" lon="13.7743100"><ele>1586.278</ele><time>2024-02-09T09:17:39Z</time></trkpt>
			<trkpt lat="42.3771600" lon="13.7743300"><ele>1586.995</ele><time>2024-02-09T09:17:39Z</time></trkpt>
			<trkpt lat="42.3771400" lon="13.7743200"><ele>1587.455</ele><time>2024-02-09T09:17:39Z</time></trkpt>
			<trkpt lat="42.3771200" lon="13.7743100"><ele>1587.904</ele><time>2024-02-09T09:17:39Z</time></trkpt>
			<trkpt lat="42.3771000" lon="13.7743000"><ele>1588.342</ele><time>2024-02-09T09:17:39Z</time></trkpt>
			<trkpt lat="42.3770800" lon="13.7742800"><ele>1588.554</ele><time>2024-02-09T09:17:39Z</time></trkpt>
			<trkpt lat="42.3770600" lon="13.7742700"><ele>1588.966</ele><time>2024-02-09T09:17:39Z</time></trkpt>
			<trkpt lat="42.3770500" lon="13.7743000"><ele>1589.955</ele><time>2024-02-09T09:17:39Z</time></trkpt>
			<trkpt lat="42.3770300" lon="13.7743100"><ele>1590.83</ele><time>2024-02-09T09:17:39Z</time></trkpt>
			<trkpt lat="42.3770200" lon="13.7743200"><ele>1591.388</ele><time>2024-02-09T09:17:39Z</time></trkpt>
			<trkpt lat="42.3770000" lon="13.7743200"><ele>1592.043</ele><time>2024-02-09T09:17:39Z</time></trkpt>
			<trkpt lat="42.3769800" lon="13.7743100"><ele>1592.456</ele><time>2024-02-09T09:17:39Z</time></trkpt>
			<trkpt lat="42.3769600" lon="13.7743100"><ele>1593.106</ele><time>2024-02-09T09:17:39Z</time></trkpt>
			<trkpt lat="42.3769300" lon="13.7743000"><ele>1593.855</ele><time>2024-02-09T09:17:39Z</time></trkpt>
			<trkpt lat="42.3769200" lon="13.7742800"><ele>1593.7</ele><time>2024-02-09T09:17:39Z</time></trkpt>
			<trkpt lat="42.3769100" lon="13.7743000"><ele>1594.54</ele><time>2024-02-09T09:17:39Z</time></trkpt>
			<trkpt lat="42.3769000" lon="13.7743300"><ele>1595.622</ele><time>2024-02-09T09:17:39Z</time></trkpt>
			<trkpt lat="42.3769000" lon="13.7743500"><ele>1596.114</ele><time>2024-02-09T09:17:39Z</time></trkpt>
			<trkpt lat="42.3768800" lon="13.7743700"><ele>1597.274</ele><time>2024-02-09T09:17:39Z</time></trkpt>
			<trkpt lat="42.3768600" lon="13.7743800"><ele>1598.183</ele><time>2024-02-09T09:17:39Z</time></trkpt>
			<trkpt lat="42.3768400" lon="13.7743800"><ele>1598.847</ele><time>2024-02-09T09:17:39Z</time></trkpt>
			<trkpt lat="42.3768200" lon="13.7743900"><ele>1599.748</ele><time>2024-02-09T09:17:39Z</time></trkpt>
			<trkpt lat="42.3768000" lon="13.7743900"><ele>1600.41</ele><time>2024-02-09T09:17:39Z</time></trkpt>
			<trkpt lat="42.3767800" lon="13.7744000"><ele>1601.303</ele><time>2024-02-09T09:17:39Z</time></trkpt>
			<trkpt lat="42.3767700" lon="13.7744300"><ele>1602.321</ele><time>2024-02-09T09:17:39Z</time></trkpt>
			<trkpt lat="42.3767500" lon="13.7744500"><ele>1603.38</ele><time>2024-02-09T09:17:39Z</time></trkpt>
			<trkpt lat="42.3767300" lon="13.7744400"><ele>1603.848</ele><time>2024-02-09T09:17:39Z</time></trkpt>
			<trkpt lat="42.3767100" lon="13.7744300"><ele>1604.276</ele><time>2024-02-09T09:17:39Z</time></trkpt>
			<trkpt lat="42.3766900" lon="13.7744200"><ele>1604.709</ele><time>2024-02-09T09:17:39Z</time></trkpt>
			<trkpt lat="42.3767000" lon="13.7744400"><ele>1604.822</ele><time>2024-02-09T09:17:39Z</time></trkpt>
			<trkpt lat="42.3766900" lon="13.7744700"><ele>1605.612</ele><time>2024-02-09T09:17:39Z</time></trkpt>
			<trkpt lat="42.3766700" lon="13.7744900"><ele>1606.548</ele><time>2024-02-09T09:17:39Z</time></trkpt>
			<trkpt lat="42.3766500" lon="13.7745100"><ele>1607.445</ele><time>2024-02-09T09:17:39Z</time></trkpt>
			<trkpt lat="42.3766700" lon="13.7745400"><ele>1607.268</ele><time>2024-02-09T09:17:39Z</time></trkpt>
			<trkpt lat="42.3766700" lon="13.7745700"><ele>1607.7</ele><time>2024-02-09T09:17:39Z</time></trkpt>
			<trkpt lat="42.3766400" lon="13.7745800"><ele>1608.584</ele><time>2024-02-09T09:17:39Z</time></trkpt>
			<trkpt lat="42.3766300" lon="13.7745900"><ele>1608.932</ele><time>2024-02-09T09:17:39Z</time></trkpt>
			<trkpt lat="42.3766300" lon="13.7746200"><ele>1609.264</ele><time>2024-02-09T09:17:39Z</time></trkpt>
			<trkpt lat="42.3766300" lon="13.7746500"><ele>1609.596</ele><time>2024-02-09T09:17:39Z</time></trkpt>
			<trkpt lat="42.3766300" lon="13.7746800"><ele>1609.928</ele><time>2024-02-09T09:17:39Z</time></trkpt>
			<trkpt lat="42.3766100" lon="13.7747100"><ele>1610.499</ele><time>2024-02-09T09:17:39Z</time></trkpt>
			<trkpt lat="42.3765900" lon="13.7747200"><ele>1610.811</ele><time>2024-02-09T09:17:39Z</time></trkpt>
			<trkpt lat="42.3765700" lon="13.7747300"><ele>1610.942</ele><time>2024-02-09T09:17:39Z</time></trkpt>
			<trkpt lat="42.3765500" lon="13.7747300"><ele>1611.16</ele><time>2024-02-09T09:17:39Z</time></trkpt>
			<trkpt lat="42.3765400" lon="13.7747200"><ele>1611.362</ele><time>2024-02-09T09:17:39Z</time></trkpt>
			<trkpt lat="42.3765200" lon="13.7747200"><ele>1611.582</ele><time>2024-02-09T09:17:39Z</time></trkpt>
			<trkpt lat="42.3765000" lon="13.7747100"><ele>1611.809</ele><time>2024-02-09T09:17:39Z</time></trkpt>
			<trkpt lat="42.3764700" lon="13.7747000"><ele>1612.2</ele><time>2024-02-09T09:17:39Z</time></trkpt>
			<trkpt lat="42.3764500" lon="13.7746900"><ele>1612.509</ele><time>2024-02-09T09:17:39Z</time></trkpt>
			<trkpt lat="42.3763600" lon="13.7746600"><ele>1614.319</ele><time>2024-02-09T09:17:39Z</time></trkpt>
			<trkpt lat="42.3763400" lon="13.7746400"><ele>1614.996</ele><time>2024-02-09T09:17:39Z</time></trkpt>
			<trkpt lat="42.3763200" lon="13.7746400"><ele>1615.449</ele><time>2024-02-09T09:17:39Z</time></trkpt>
			<trkpt lat="42.3762700" lon="13.7746000"><ele>1617.076</ele><time>2024-02-09T09:17:39Z</time></trkpt>
			<trkpt lat="42.3762400" lon="13.7746000"><ele>1617.772</ele><time>2024-02-09T09:17:39Z</time></trkpt>
			<trkpt lat="42.3762100" lon="13.7746100"><ele>1618.336</ele><time>2024-02-09T09:17:39Z</time></trkpt>
			<trkpt lat="42.3761900" lon="13.7746000"><ele>1618.931</ele><time>2024-02-09T09:17:39Z</time></trkpt>
			<trkpt lat="42.3761700" lon="13.7746000"><ele>1619.395</ele><time>2024-02-09T09:17:39Z</time></trkpt>
			<trkpt lat="42.3761500" lon="13.7745800"><ele>1620.136</ele><time>2024-02-09T09:17:39Z</time></trkpt>
			<trkpt lat="42.3761400" lon="13.7745600"><ele>1620.651</ele><time>2024-02-09T09:17:39Z</time></trkpt>
			<trkpt lat="42.3761300" lon="13.7745300"><ele>1621.313</ele><time>2024-02-09T09:17:39Z</time></trkpt>
			<trkpt lat="42.3761100" lon="13.7745200"><ele>1621.937</ele><time>2024-02-09T09:17:39Z</time></trkpt>
			<trkpt lat="42.3761100" lon="13.7745500"><ele>1621.506</ele><time>2024-02-09T09:17:39Z</time></trkpt>
			<trkpt lat="42.3761000" lon="13.7745600"><ele>1621.593</ele><time>2024-02-09T09:17:39Z</time></trkpt>
			<trkpt lat="42.3760900" lon="13.7745300"><ele>1622.247</ele><time>2024-02-09T09:17:39Z</time></trkpt>
			<trkpt lat="42.3760700" lon="13.7745400"><ele>1622.563</ele><time>2024-02-09T09:17:39Z</time></trkpt>
			<trkpt lat="42.3760600" lon="13.7745500"><ele>1622.654</ele><time>2024-02-09T09:17:39Z</time></trkpt>
			<trkpt lat="42.3760300" lon="13.7745700"><ele>1623.076</ele><time>2024-02-09T09:17:39Z</time></trkpt>
			<trkpt lat="42.3760100" lon="13.7745700"><ele>1623.541</ele><time>2024-02-09T09:17:39Z</time></trkpt>
			<trkpt lat="42.3759800" lon="13.7746400"><ele>1623.348</ele><time>2024-02-09T09:17:39Z</time></trkpt>
			<trkpt lat="42.3759600" lon="13.7746600"><ele>1623.582</ele><time>2024-02-09T09:17:39Z</time></trkpt>
			<trkpt lat="42.3759400" lon="13.7746800"><ele>1623.826</ele><time>2024-02-09T09:17:39Z</time></trkpt>
			<trkpt lat="42.3758500" lon="13.7747200"><ele>1625.604</ele><time>2024-02-09T09:17:39Z</time></trkpt>
			<trkpt lat="42.3757600" lon="13.7747500"><ele>1628.487</ele><time>2024-02-09T09:17:39Z</time></trkpt>
			<trkpt lat="42.3757100" lon="13.7748600"><ele>1629.504</ele><time>2024-02-09T09:17:39Z</time></trkpt>
			<trkpt lat="42.3756400" lon="13.7749500"><ele>1630.999</ele><time>2024-02-09T09:17:39Z</time></trkpt>
			<trkpt lat="42.3756000" lon="13.7750600"><ele>1631.107</ele><time>2024-02-09T09:17:39Z</time></trkpt>
			<trkpt lat="42.3755100" lon="13.7751100"><ele>1632.83</ele><time>2024-02-09T09:17:39Z</time></trkpt>
			<trkpt lat="42.3754200" lon="13.7751400"><ele>1634.412</ele><time>2024-02-09T09:17:39Z</time></trkpt>
			<trkpt lat="42.3753900" lon="13.7751500"><ele>1634.908</ele><time>2024-02-09T09:17:39Z</time></trkpt>
			<trkpt lat="42.3753700" lon="13.7751500"><ele>1635.335</ele><time>2024-02-09T09:17:39Z</time></trkpt>
			<trkpt lat="42.3753400" lon="13.7751600"><ele>1635.81</ele><time>2024-02-09T09:17:39Z</time></trkpt>
			<trkpt lat="42.3752600" lon="13.7751100"><ele>1638.443</ele><time>2024-02-09T09:17:39Z</time></trkpt>
			<trkpt lat="42.3752000" lon="13.7750800"><ele>1640.439</ele><time>2024-02-09T09:17:39Z</time></trkpt>
			<trkpt lat="42.3751800" lon="13.7750800"><ele>1640.923</ele><time>2024-02-09T09:17:39Z</time></trkpt>
			<trkpt lat="42.3751700" lon="13.7750500"><ele>1641.746</ele><time>2024-02-09T09:17:39Z</time></trkpt>
			<trkpt lat="42.3751600" lon="13.7750200"><ele>1642.577</ele><time>2024-02-09T09:17:39Z</time></trkpt>
			<trkpt lat="42.3751700" lon="13.7749900"><ele>1642.846</ele><time>2024-02-09T09:17:39Z</time></trkpt>
			<trkpt lat="42.3751600" lon="13.7749600"><ele>1643.483</ele><time>2024-02-09T09:17:39Z</time></trkpt>
			<trkpt lat="42.3751500" lon="13.7749400"><ele>1643.985</ele><time>2024-02-09T09:17:39Z</time></trkpt>
			<trkpt lat="42.3751400" lon="13.7749100"><ele>1644.607</ele><time>2024-02-09T09:17:39Z</time></trkpt>
			<trkpt lat="42.3751200" lon="13.7748900"><ele>1645.335</ele><time>2024-02-09T09:17:39Z</time></trkpt>
			<trkpt lat="42.3751000" lon="13.7748800"><ele>1645.932</ele><time>2024-02-09T09:17:39Z</time></trkpt>
			<trkpt lat="42.3750900" lon="13.7748600"><ele>1646.407</ele><time>2024-02-09T09:17:39Z</time></trkpt>
			<trkpt lat="42.3751100" lon="13.7748500"><ele>1646.062</ele><time>2024-02-09T09:17:39Z</time></trkpt>
			<trkpt lat="42.3751200" lon="13.7748200"><ele>1646.2</ele><time>2024-02-09T09:17:39Z</time></trkpt>
			<trkpt lat="42.3751200" lon="13.7747800"><ele>1646.694</ele><time>2024-02-09T09:17:39Z</time></trkpt>
			<trkpt lat="42.3750900" lon="13.7747600"><ele>1647.604</ele><time>2024-02-09T09:17:39Z</time></trkpt>
			<trkpt lat="42.3750800" lon="13.7747500"><ele>1647.943</ele><time>2024-02-09T09:17:39Z</time></trkpt>
			<trkpt lat="42.3750600" lon="13.7747400"><ele>1648.498</ele><time>2024-02-09T09:17:39Z</time></trkpt>
			<trkpt lat="42.3750400" lon="13.7747200"><ele>1649.122</ele><time>2024-02-09T09:17:39Z</time></trkpt>
			<trkpt lat="42.3750200" lon="13.7747100"><ele>1649.486</ele><time>2024-02-09T09:17:39Z</time></trkpt>
			<trkpt lat="42.3750000" lon="13.7747100"><ele>1649.912</ele><time>2024-02-09T09:17:39Z</time></trkpt>
			<trkpt lat="42.3749800" lon="13.7746900"><ele>1649.984</ele><time>2024-02-09T09:17:39Z</time></trkpt>
			<trkpt lat="42.3749600" lon="13.7746800"><ele>1650.128</ele><time>2024-02-09T09:17:39Z</time></trkpt>
			<trkpt lat="42.3749300" lon="13.7746800"><ele>1650.452</ele><time>2024-02-09T09:17:39Z</time></trkpt>
			<trkpt lat="42.3749100" lon="13.7746800"><ele>1650.668</ele><time>2024-02-09T09:17:39Z</time></trkpt>
			<trkpt lat="42.3748800" lon="13.7746900"><ele>1651.064</ele><time>2024-02-09T09:17:39Z</time></trkpt>
			<trkpt lat="42.3748500" lon="13.7746900"><ele>1651.388</ele><time>2024-02-09T09:17:39Z</time></trkpt>
			<trkpt lat="42.3748300" lon="13.7747000"><ele>1651.676</ele><time>2024-02-09T09:17:39Z</time></trkpt>
			<trkpt lat="42.3748100" lon="13.7747000"><ele>1651.892</ele><time>2024-02-09T09:17:39Z</time></trkpt>
			<trkpt lat="42.3747900" lon="13.7747000"><ele>1652.108</ele><time>2024-02-09T09:17:39Z</time></trkpt>
			<trkpt lat="42.3747700" lon="13.7747000"><ele>1652.324</ele><time>2024-02-09T09:17:39Z</time></trkpt>
			<trkpt lat="42.3747500" lon="13.7747000"><ele>1652.54</ele><time>2024-02-09T09:17:39Z</time></trkpt>
			<trkpt lat="42.3747300" lon="13.7746800"><ele>1652.612</ele><time>2024-02-09T09:17:39Z</time></trkpt>
			<trkpt lat="42.3747100" lon="13.7746600"><ele>1652.67</ele><time>2024-02-09T09:17:39Z</time></trkpt>
			<trkpt lat="42.3747000" lon="13.7746400"><ele>1652.639</ele><time>2024-02-09T09:17:39Z</time></trkpt>
			<trkpt lat="42.3746900" lon="13.7746100"><ele>1652.565</ele><time>2024-02-09T09:17:39Z</time></trkpt>
			<trkpt lat="42.3746800" lon="13.7745800"><ele>1652.513</ele><time>2024-02-09T09:17:39Z</time></trkpt>
			<trkpt lat="42.3746700" lon="13.7745500"><ele>1652.486</ele><time>2024-02-09T09:17:39Z</time></trkpt>
			<trkpt lat="42.3746600" lon="13.7745200"><ele>1652.481</ele><time>2024-02-09T09:17:39Z</time></trkpt>
			<trkpt lat="42.3746100" lon="13.7745000"><ele>1653.178</ele><time>2024-02-09T09:17:39Z</time></trkpt>
			<trkpt lat="42.3745900" lon="13.7744900"><ele>1653.474</ele><time>2024-02-09T09:17:39Z</time></trkpt>
			<trkpt lat="42.3745700" lon="13.7744900"><ele>1653.798</ele><time>2024-02-09T09:17:39Z</time></trkpt>
			<trkpt lat="42.3745500" lon="13.7745100"><ele>1654.133</ele><time>2024-02-09T09:17:39Z</time></trkpt>
			<trkpt lat="42.3745300" lon="13.7745100"><ele>1654.442</ele><time>2024-02-09T09:17:39Z</time></trkpt>
			<trkpt lat="42.3745100" lon="13.7745200"><ele>1654.741</ele><time>2024-02-09T09:17:39Z</time></trkpt>
			<trkpt lat="42.3744900" lon="13.7745200"><ele>1655.042</ele><time>2024-02-09T09:17:39Z</time></trkpt>
			<trkpt lat="42.3744700" lon="13.7745200"><ele>1655.343</ele><time>2024-02-09T09:17:39Z</time></trkpt>
			<trkpt lat="42.3744500" lon="13.7745400"><ele>1655.577</ele><time>2024-02-09T09:17:39Z</time></trkpt>
			<trkpt lat="42.3744300" lon="13.7745300"><ele>1655.864</ele><time>2024-02-09T09:17:39Z</time></trkpt>
			<trkpt lat="42.3744100" lon="13.7745300"><ele>1656.102</ele><time>2024-02-09T09:17:39Z</time></trkpt>
			<trkpt lat="42.3743900" lon="13.7745400"><ele>1656.311</ele><time>2024-02-09T09:17:39Z</time></trkpt>
			<trkpt lat="42.3743800" lon="13.7745500"><ele>1656.404</ele><time>2024-02-09T09:17:39Z</time></trkpt>
			<trkpt lat="42.3743600" lon="13.7745600"><ele>1656.622</ele><time>2024-02-09T09:17:39Z</time></trkpt>
			<trkpt lat="42.3743300" lon="13.7745500"><ele>1657.013</ele><time>2024-02-09T09:17:39Z</time></trkpt>
			<trkpt lat="42.3743200" lon="13.7745500"><ele>1657.134</ele><time>2024-02-09T09:17:39Z</time></trkpt>
			<trkpt lat="42.3742900" lon="13.7745400"><ele>1657.515</ele><time>2024-02-09T09:17:39Z</time></trkpt>
			<trkpt lat="42.3742700" lon="13.7745400"><ele>1657.756</ele><time>2024-02-09T09:17:39Z</time></trkpt>
			<trkpt lat="42.3742400" lon="13.7745300"><ele>1658.127</ele><time>2024-02-09T09:17:39Z</time></trkpt>
			<trkpt lat="42.3742300" lon="13.7745200"><ele>1658.254</ele><time>2024-02-09T09:17:39Z</time></trkpt>
			<trkpt lat="42.3742100" lon="13.7745100"><ele>1658.495</ele><time>2024-02-09T09:17:39Z</time></trkpt>
			<trkpt lat="42.3741900" lon="13.7745100"><ele>1658.728</ele><time>2024-02-09T09:17:39Z</time></trkpt>
			<trkpt lat="42.3741700" lon="13.7745100"><ele>1658.961</ele><time>2024-02-09T09:17:39Z</time></trkpt>
			<trkpt lat="42.3741500" lon="13.7745000"><ele>1659.36</ele><time>2024-02-09T09:17:39Z</time></trkpt>
			<trkpt lat="42.3741300" lon="13.7744700"><ele>1659.792</ele><time>2024-02-09T09:17:39Z</time></trkpt>
			<trkpt lat="42.3741100" lon="13.7744600"><ele>1660.224</ele><time>2024-02-09T09:17:39Z</time></trkpt>
			<trkpt lat="42.3740900" lon="13.7744500"><ele>1660.656</ele><time>2024-02-09T09:17:39Z</time></trkpt>
			<trkpt lat="42.3740700" lon="13.7744500"><ele>1661.088</ele><time>2024-02-09T09:17:39Z</time></trkpt>
			<trkpt lat="42.3740600" lon="13.7744500"><ele>1661.304</ele><time>2024-02-09T09:17:39Z</time></trkpt>
			<trkpt lat="42.3740300" lon="13.7744500"><ele>1661.952</ele><time>2024-02-09T09:17:39Z</time></trkpt>
			<trkpt lat="42.3740000" lon="13.7744500"><ele>1662.6</ele><time>2024-02-09T09:17:39Z</time></trkpt>
			<trkpt lat="42.3739900" lon="13.7744400"><ele>1662.81</ele><time>2024-02-09T09:17:39Z</time></trkpt>
			<trkpt lat="42.3739700" lon="13.7744200"><ele>1663.222</ele><time>2024-02-09T09:17:39Z</time></trkpt>
			<trkpt lat="42.3739500" lon="13.7744100"><ele>1663.653</ele><time>2024-02-09T09:17:39Z</time></trkpt>
			<trkpt lat="42.3739300" lon="13.7743900"><ele>1664.083</ele><time>2024-02-09T09:17:39Z</time></trkpt>
			<trkpt lat="42.3739100" lon="13.7743700"><ele>1664.524</ele><time>2024-02-09T09:17:39Z</time></trkpt>
			<trkpt lat="42.3738900" lon="13.7743600"><ele>1664.975</ele><time>2024-02-09T09:17:39Z</time></trkpt>
			<trkpt lat="42.3738700" lon="13.7743700"><ele>1665.544</ele><time>2024-02-09T09:17:39Z</time></trkpt>
			<trkpt lat="42.3738500" lon="13.7743600"><ele>1666.12</ele><time>2024-02-09T09:17:39Z</time></trkpt>
			<trkpt lat="42.3738300" lon="13.7743600"><ele>1666.696</ele><time>2024-02-09T09:17:39Z</time></trkpt>
			<trkpt lat="42.3738100" lon="13.7743500"><ele>1667.272</ele><time>2024-02-09T09:17:39Z</time></trkpt>
			<trkpt lat="42.3737900" lon="13.7743600"><ele>1667.848</ele><time>2024-02-09T09:17:39Z</time></trkpt>
			<trkpt lat="42.3737800" lon="13.7743800"><ele>1668.136</ele><time>2024-02-09T09:17:39Z</time></trkpt>
			<trkpt lat="42.3737600" lon="13.7743800"><ele>1668.712</ele><time>2024-02-09T09:17:39Z</time></trkpt>
			<trkpt lat="42.3737300" lon="13.7743900"><ele>1669.576</ele><time>2024-02-09T09:17:39Z</time></trkpt>
			<trkpt lat="42.3737100" lon="13.7743900"><ele>1670.152</ele><time>2024-02-09T09:17:39Z</time></trkpt>
			<trkpt lat="42.3737000" lon="13.7744100"><ele>1670.44</ele><time>2024-02-09T09:17:39Z</time></trkpt>
			<trkpt lat="42.3736800" lon="13.7744200"><ele>1671.016</ele><time>2024-02-09T09:17:39Z</time></trkpt>
			<trkpt lat="42.3736500" lon="13.7744300"><ele>1671.88</ele><time>2024-02-09T09:17:39Z</time></trkpt>
			<trkpt lat="42.3736300" lon="13.7744400"><ele>1672.456</ele><time>2024-02-09T09:17:39Z</time></trkpt>
			<trkpt lat="42.3736100" lon="13.7744400"><ele>1673.032</ele><time>2024-02-09T09:17:39Z</time></trkpt>
			<trkpt lat="42.3735900" lon="13.7744400"><ele>1673.608</ele><time>2024-02-09T09:17:39Z</time></trkpt>
			<trkpt lat="42.3735700" lon="13.7744400"><ele>1674.184</ele><time>2024-02-09T09:17:39Z</time></trkpt>
			<trkpt lat="42.3735500" lon="13.7744500"><ele>1674.756</ele><time>2024-02-09T09:17:39Z</time></trkpt>
			<trkpt lat="42.3735300" lon="13.7744500"><ele>1675.33</ele><time>2024-02-09T09:17:39Z</time></trkpt>
			<trkpt lat="42.3735100" lon="13.7744600"><ele>1675.892</ele><time>2024-02-09T09:17:39Z</time></trkpt>
			<trkpt lat="42.3734900" lon="13.7744700"><ele>1676.448</ele><time>2024-02-09T09:17:39Z</time></trkpt>
			<trkpt lat="42.3734800" lon="13.7744900"><ele>1676.699</ele><time>2024-02-09T09:17:39Z</time></trkpt>
			<trkpt lat="42.3734600" lon="13.7745100"><ele>1677.224</ele><time>2024-02-09T09:17:39Z</time></trkpt>
			<trkpt lat="42.3734500" lon="13.7745300"><ele>1677.461</ele><time>2024-02-09T09:17:39Z</time></trkpt>
			<trkpt lat="42.3734200" lon="13.7745300"><ele>1678.292</ele><time>2024-02-09T09:17:39Z</time></trkpt>
			<trkpt lat="42.3734000" lon="13.7745300"><ele>1678.846</ele><time>2024-02-09T09:17:39Z</time></trkpt>
			<trkpt lat="42.3733800" lon="13.7745100"><ele>1679.46</ele><time>2024-02-09T09:17:39Z</time></trkpt>
			<trkpt lat="42.3733600" lon="13.7745000"><ele>1680.051</ele><time>2024-02-09T09:17:39Z</time></trkpt>
			<trkpt lat="42.3733400" lon="13.7745000"><ele>1680.613</ele><time>2024-02-09T09:17:39Z</time></trkpt>
			<trkpt lat="42.3733200" lon="13.7744900"><ele>1681.212</ele><time>2024-02-09T09:17:39Z</time></trkpt>
			<trkpt lat="42.3733000" lon="13.7744900"><ele>1681.776</ele><time>2024-02-09T09:17:39Z</time></trkpt>
			<trkpt lat="42.3732800" lon="13.7744900"><ele>1682.341</ele><time>2024-02-09T09:17:39Z</time></trkpt>
			<trkpt lat="42.3732600" lon="13.7744800"><ele>1682.95</ele><time>2024-02-09T09:17:39Z</time></trkpt>
			<trkpt lat="42.3732400" lon="13.7744700"><ele>1683.565</ele><time>2024-02-09T09:17:39Z</time></trkpt>
			<trkpt lat="42.3732200" lon="13.7744600"><ele>1684.185</ele><time>2024-02-09T09:17:39Z</time></trkpt>
			<trkpt lat="42.3732000" lon="13.7744500"><ele>1684.81</ele><time>2024-02-09T09:17:39Z</time></trkpt>
			<trkpt lat="42.3731800" lon="13.7744400"><ele>1685.407</ele><time>2024-02-09T09:17:39Z</time></trkpt>
			<trkpt lat="42.3731600" lon="13.7744400"><ele>1685.982</ele><time>2024-02-09T09:17:39Z</time></trkpt>
			<trkpt lat="42.3731500" lon="13.7744200"><ele>1686.222</ele><time>2024-02-09T09:17:39Z</time></trkpt>
			<trkpt lat="42.3731300" lon="13.7744100"><ele>1686.765</ele><time>2024-02-09T09:17:39Z</time></trkpt>
			<trkpt lat="42.3731200" lon="13.7743800"><ele>1686.966</ele><time>2024-02-09T09:17:39Z</time></trkpt>
			<trkpt lat="42.3731000" lon="13.7743700"><ele>1687.495</ele><time>2024-02-09T09:17:39Z</time></trkpt>
			<trkpt lat="42.3730800" lon="13.7743700"><ele>1688.052</ele><time>2024-02-09T09:17:39Z</time></trkpt>
			<trkpt lat="42.3730600" lon="13.7743600"><ele>1688.573</ele><time>2024-02-09T09:17:39Z</time></trkpt>
			<trkpt lat="42.3730600" lon="13.7743400"><ele>1688.502</ele><time>2024-02-09T09:17:39Z</time></trkpt>
			<trkpt lat="42.3730400" lon="13.7743200"><ele>1688.938</ele><time>2024-02-09T09:17:39Z</time></trkpt>
			<trkpt lat="42.3730200" lon="13.7743100"><ele>1689.408</ele><time>2024-02-09T09:17:39Z</time></trkpt>
			<trkpt lat="42.3730000" lon="13.7742900"><ele>1689.866</ele><time>2024-02-09T09:17:39Z</time></trkpt>
			<trkpt lat="42.3729800" lon="13.7742700"><ele>1690.346</ele><time>2024-02-09T09:17:39Z</time></trkpt>
			<trkpt lat="42.3729600" lon="13.7742600"><ele>1690.857</ele><time>2024-02-09T09:17:39Z</time></trkpt>
			<trkpt lat="42.3729400" lon="13.7742500"><ele>1691.378</ele><time>2024-02-09T09:17:39Z</time></trkpt>
			<trkpt lat="42.3729100" lon="13.7742500"><ele>1692.178</ele><time>2024-02-09T09:17:39Z</time></trkpt>
			<trkpt lat="42.3728900" lon="13.7742500"><ele>1692.71</ele><time>2024-02-09T09:17:39Z</time></trkpt>
			<trkpt lat="42.3728700" lon="13.7742600"><ele>1693.231</ele><time>2024-02-09T09:17:39Z</time></trkpt>
			<trkpt lat="42.3728500" lon="13.7742600"><ele>1693.759</ele><time>2024-02-09T09:17:39Z</time></trkpt>
			<trkpt lat="42.3728300" lon="13.7742700"><ele>1694.264</ele><time>2024-02-09T09:17:39Z</time></trkpt>
			<trkpt lat="42.3728000" lon="13.7742800"><ele>1695.017</ele><time>2024-02-09T09:17:39Z</time></trkpt>
			<trkpt lat="42.3727800" lon="13.7742800"><ele>1695.535</ele><time>2024-02-09T09:17:39Z</time></trkpt>
			<trkpt lat="42.3727600" lon="13.7742600"><ele>1695.919</ele><time>2024-02-09T09:17:39Z</time></trkpt>
			<trkpt lat="42.3727400" lon="13.7742600"><ele>1696.207</ele><time>2024-02-09T09:17:39Z</time></trkpt>
			<trkpt lat="42.3727200" lon="13.7742600"><ele>1696.494</ele><time>2024-02-09T09:17:39Z</time></trkpt>
			<trkpt lat="42.3727000" lon="13.7742600"><ele>1696.782</ele><time>2024-02-09T09:17:39Z</time></trkpt>
			<trkpt lat="42.3726800" lon="13.7742500"><ele>1697.143</ele><time>2024-02-09T09:17:39Z</time></trkpt>
			<trkpt lat="42.3726600" lon="13.7742300"><ele>1697.602</ele><time>2024-02-09T09:17:39Z</time></trkpt>
			<trkpt lat="42.3726400" lon="13.7742200"><ele>1698.002</ele><time>2024-02-09T09:17:39Z</time></trkpt>
			<trkpt lat="42.3726200" lon="13.7742000"><ele>1698.516</ele><time>2024-02-09T09:17:39Z</time></trkpt>
			<trkpt lat="42.3726000" lon="13.7742000"><ele>1698.85</ele><time>2024-02-09T09:17:39Z</time></trkpt>
			<trkpt lat="42.3725800" lon="13.7741800"><ele>1699.409</ele><time>2024-02-09T09:17:39Z</time></trkpt>
			<trkpt lat="42.3725600" lon="13.7741800"><ele>1699.759</ele><time>2024-02-09T09:17:39Z</time></trkpt>
			<trkpt lat="42.3725400" lon="13.7741800"><ele>1700.109</ele><time>2024-02-09T09:17:39Z</time></trkpt>
			<trkpt lat="42.3725200" lon="13.7741700"><ele>1700.595</ele><time>2024-02-09T09:17:39Z</time></trkpt>
			<trkpt lat="42.3725000" lon="13.7741500"><ele>1701.06</ele><time>2024-02-09T09:17:39Z</time></trkpt>
			<trkpt lat="42.3724900" lon="13.7741300"><ele>1701.286</ele><time>2024-02-09T09:17:39Z</time></trkpt>
			<trkpt lat="42.3724700" lon="13.7741200"><ele>1701.636</ele><time>2024-02-09T09:17:39Z</time></trkpt>
			<trkpt lat="42.3724500" lon="13.7741200"><ele>1701.948</ele><time>2024-02-09T09:17:39Z</time></trkpt>
			<trkpt lat="42.3724400" lon="13.7741100"><ele>1702.156</ele><time>2024-02-09T09:17:39Z</time></trkpt>
			<trkpt lat="42.3724200" lon="13.7741000"><ele>1702.53</ele><time>2024-02-09T09:17:39Z</time></trkpt>
			<trkpt lat="42.3724000" lon="13.7740900"><ele>1702.915</ele><time>2024-02-09T09:17:39Z</time></trkpt>
			<trkpt lat="42.3723800" lon="13.7740900"><ele>1703.242</ele><time>2024-02-09T09:17:39Z</time></trkpt>
			<trkpt lat="42.3723600" lon="13.7740700"><ele>1703.715</ele><time>2024-02-09T09:17:39Z</time></trkpt>
			<trkpt lat="42.3723400" lon="13.7740500"><ele>1704.208</ele><time>2024-02-09T09:17:39Z</time></trkpt>
			<trkpt lat="42.3723200" lon="13.7740500"><ele>1704.556</ele><time>2024-02-09T09:17:39Z</time></trkpt>
			<trkpt lat="42.3723000" lon="13.7740400"><ele>1704.993</ele><time>2024-02-09T09:17:39Z</time></trkpt>
			<trkpt lat="42.3722900" lon="13.7740500"><ele>1705.079</ele><time>2024-02-09T09:17:39Z</time></trkpt>
			<trkpt lat="42.3722800" lon="13.7740800"><ele>1704.974</ele><time>2024-02-09T09:17:39Z</time></trkpt>
			<trkpt lat="42.3722600" lon="13.7740900"><ele>1705.209</ele><time>2024-02-09T09:17:39Z</time></trkpt>
			<trkpt lat="42.3722300" lon="13.7740900"><ele>1705.701</ele><time>2024-02-09T09:17:39Z</time></trkpt>
			<trkpt lat="42.3722100" lon="13.7740900"><ele>1705.892</ele><time>2024-02-09T09:17:39Z</time></trkpt>
			<trkpt lat="42.3721900" lon="13.7740900"><ele>1705.996</ele><time>2024-02-09T09:17:39Z</time></trkpt>
			<trkpt lat="42.3721700" lon="13.7740900"><ele>1706.1</ele><time>2024-02-09T09:17:39Z</time></trkpt>
			<trkpt lat="42.3721500" lon="13.7741000"><ele>1706.115</ele><time>2024-02-09T09:17:39Z</time></trkpt>
			<trkpt lat="42.3721200" lon="13.7740900"><ele>1706.361</ele><time>2024-02-09T09:17:39Z</time></trkpt>
			<trkpt lat="42.3721000" lon="13.7740900"><ele>1706.465</ele><time>2024-02-09T09:17:39Z</time></trkpt>
			<trkpt lat="42.3720800" lon="13.7740900"><ele>1706.569</ele><time>2024-02-09T09:17:39Z</time></trkpt>
			<trkpt lat="42.3720600" lon="13.7740800"><ele>1706.74</ele><time>2024-02-09T09:17:39Z</time></trkpt>
			<trkpt lat="42.3720400" lon="13.7740900"><ele>1706.778</ele><time>2024-02-09T09:17:39Z</time></trkpt>
			<trkpt lat="42.3720100" lon="13.7740900"><ele>1706.934</ele><time>2024-02-09T09:17:39Z</time></trkpt>
			<trkpt lat="42.3719900" lon="13.7740900"><ele>1707.039</ele><time>2024-02-09T09:17:39Z</time></trkpt>
			<trkpt lat="42.3719700" lon="13.7740800"><ele>1707.185</ele><time>2024-02-09T09:17:39Z</time></trkpt>
			<trkpt lat="42.3719500" lon="13.7740900"><ele>1707.247</ele><time>2024-02-09T09:17:39Z</time></trkpt>
			<trkpt lat="42.3719300" lon="13.7740900"><ele>1707.432</ele><time>2024-02-09T09:17:39Z</time></trkpt>
			<trkpt lat="42.3719100" lon="13.7740900"><ele>1707.648</ele><time>2024-02-09T09:17:39Z</time></trkpt>
			<trkpt lat="42.3718800" lon="13.7740900"><ele>1707.972</ele><time>2024-02-09T09:17:39Z</time></trkpt>
			<trkpt lat="42.3718600" lon="13.7741000"><ele>1708.152</ele><time>2024-02-09T09:17:39Z</time></trkpt>
			<trkpt lat="42.3718500" lon="13.7741200"><ele>1708.188</ele><time>2024-02-09T09:17:39Z</time></trkpt>
			<trkpt lat="42.3718300" lon="13.7741400"><ele>1708.332</ele><time>2024-02-09T09:17:39Z</time></trkpt>
			<trkpt lat="42.3718100" lon="13.7741400"><ele>1708.548</ele><time>2024-02-09T09:17:39Z</time></trkpt>
			<trkpt lat="42.3717800" lon="13.7741600"><ele>1708.8</ele><time>2024-02-09T09:17:39Z</time></trkpt>
			<trkpt lat="42.3717600" lon="13.7741700"><ele>1708.948</ele><time>2024-02-09T09:17:39Z</time></trkpt>
			<trkpt lat="42.3717400" lon="13.7741800"><ele>1709.039</ele><time>2024-02-09T09:17:39Z</time></trkpt>
			<trkpt lat="42.3717200" lon="13.7741900"><ele>1709.14</ele><time>2024-02-09T09:17:39Z</time></trkpt>
			<trkpt lat="42.3717000" lon="13.7741900"><ele>1709.368</ele><time>2024-02-09T09:17:39Z</time></trkpt>
			<trkpt lat="42.3716700" lon="13.7741800"><ele>1709.819</ele><time>2024-02-09T09:17:39Z</time></trkpt>
			<trkpt lat="42.3716500" lon="13.7741800"><ele>1710.159</ele><time>2024-02-09T09:17:39Z</time></trkpt>
			<trkpt lat="42.3716300" lon="13.7741800"><ele>1710.522</ele><time>2024-02-09T09:17:39Z</time></trkpt>
			<trkpt lat="42.3716100" lon="13.7741800"><ele>1710.886</ele><time>2024-02-09T09:17:39Z</time></trkpt>
			<trkpt lat="42.3715800" lon="13.7741900"><ele>1711.334</ele><time>2024-02-09T09:17:39Z</time></trkpt>
			<trkpt lat="42.3715600" lon="13.7742100"><ele>1711.512</ele><time>2024-02-09T09:17:39Z</time></trkpt>
			<trkpt lat="42.3715400" lon="13.7742200"><ele>1711.792</ele><time>2024-02-09T09:17:39Z</time></trkpt>
			<trkpt lat="42.3715200" lon="13.7742200"><ele>1712.165</ele><time>2024-02-09T09:17:39Z</time></trkpt>
			<trkpt lat="42.3715000" lon="13.7742300"><ele>1712.453</ele><time>2024-02-09T09:17:39Z</time></trkpt>
			<trkpt lat="42.3714800" lon="13.7742300"><ele>1712.829</ele><time>2024-02-09T09:17:39Z</time></trkpt>
			<trkpt lat="42.3714600" lon="13.7742400"><ele>1713.124</ele><time>2024-02-09T09:17:39Z</time></trkpt>
			<trkpt lat="42.3714300" lon="13.7742400"><ele>1713.693</ele><time>2024-02-09T09:17:39Z</time></trkpt>
			<trkpt lat="42.3714100" lon="13.7742400"><ele>1714.072</ele><time>2024-02-09T09:17:39Z</time></trkpt>
			<trkpt lat="42.3713800" lon="13.7742400"><ele>1714.602</ele><time>2024-02-09T09:17:39Z</time></trkpt>
			<trkpt lat="42.3713600" lon="13.7742400"><ele>1714.894</ele><time>2024-02-09T09:17:39Z</time></trkpt>
			<trkpt lat="42.3713300" lon="13.7742500"><ele>1715.29</ele><time>2024-02-09T09:17:39Z</time></trkpt>
			<trkpt lat="42.3713100" lon="13.7742600"><ele>1715.562</ele><time>2024-02-09T09:17:39Z</time></trkpt>
			<trkpt lat="42.3712900" lon="13.7742800"><ele>1715.833</ele><time>2024-02-09T09:17:39Z</time></trkpt>
			<trkpt lat="42.3712700" lon="13.7742800"><ele>1716.166</ele><time>2024-02-09T09:17:39Z</time></trkpt>
			<trkpt lat="42.3712400" lon="13.7743000"><ele>1716.677</ele><time>2024-02-09T09:17:39Z</time></trkpt>
			<trkpt lat="42.3712300" lon="13.7743200"><ele>1716.875</ele><time>2024-02-09T09:17:39Z</time></trkpt>
			<trkpt lat="42.3712100" lon="13.7743300"><ele>1717.271</ele><time>2024-02-09T09:17:39Z</time></trkpt>
			<trkpt lat="42.3711900" lon="13.7743300"><ele>1717.656</ele><time>2024-02-09T09:17:39Z</time></trkpt>
			<trkpt lat="42.3711700" lon="13.7743100"><ele>1717.958</ele><time>2024-02-09T09:17:39Z</time></trkpt>
			<trkpt lat="42.3711500" lon="13.7743200"><ele>1718.375</ele><time>2024-02-09T09:17:39Z</time></trkpt>
			<trkpt lat="42.3711300" lon="13.7743200"><ele>1718.75</ele><time>2024-02-09T09:17:39Z</time></trkpt>
			<trkpt lat="42.3711100" lon="13.7743400"><ele>1719.268</ele><time>2024-02-09T09:17:39Z</time></trkpt>
			<trkpt lat="42.3710900" lon="13.7743500"><ele>1719.723</ele><time>2024-02-09T09:17:39Z</time></trkpt>
			<trkpt lat="42.3710700" lon="13.7743600"><ele>1720.203</ele><time>2024-02-09T09:17:39Z</time></trkpt>
			<trkpt lat="42.3710500" lon="13.7743700"><ele>1720.709</ele><time>2024-02-09T09:17:39Z</time></trkpt>
			<trkpt lat="42.3710300" lon="13.7743800"><ele>1721.241</ele><time>2024-02-09T09:17:39Z</time></trkpt>
			<trkpt lat="42.3710100" lon="13.7744000"><ele>1721.937</ele><time>2024-02-09T09:17:39Z</time></trkpt>
			<trkpt lat="42.3710000" lon="13.7744200"><ele>1722.448</ele><time>2024-02-09T09:17:39Z</time></trkpt>
			<trkpt lat="42.3709800" lon="13.7744300"><ele>1723.077</ele><time>2024-02-09T09:17:39Z</time></trkpt>
			<trkpt lat="42.3709600" lon="13.7744400"><ele>1723.732</ele><time>2024-02-09T09:17:39Z</time></trkpt>
			<trkpt lat="42.3709300" lon="13.7744600"><ele>1724.433</ele><time>2024-02-09T09:17:39Z</time></trkpt>
			<trkpt lat="42.3709100" lon="13.7744600"><ele>1724.941</ele><time>2024-02-09T09:17:39Z</time></trkpt>
			<trkpt lat="42.3708800" lon="13.7744600"><ele>1725.703</ele><time>2024-02-09T09:17:39Z</time></trkpt>
			<trkpt lat="42.3708600" lon="13.7744700"><ele>1726.135</ele><time>2024-02-09T09:17:39Z</time></trkpt>
			<trkpt lat="42.3708400" lon="13.7744700"><ele>1726.646</ele><time>2024-02-09T09:17:39Z</time></trkpt>
			<trkpt lat="42.3708200" lon="13.7744800"><ele>1727.015</ele><time>2024-02-09T09:17:39Z</time></trkpt>
			<trkpt lat="42.3707900" lon="13.7744800"><ele>1727.624</ele><time>2024-02-09T09:17:39Z</time></trkpt>
			<trkpt lat="42.3707700" lon="13.7744800"><ele>1728.03</ele><time>2024-02-09T09:17:39Z</time></trkpt>
			<trkpt lat="42.3707500" lon="13.7744900"><ele>1728.418</ele><time>2024-02-09T09:17:39Z</time></trkpt>
			<trkpt lat="42.3707300" lon="13.7745000"><ele>1728.832</ele><time>2024-02-09T09:17:39Z</time></trkpt>
			<trkpt lat="42.3707100" lon="13.7744900"><ele>1729.256</ele><time>2024-02-09T09:17:39Z</time></trkpt>
			<trkpt lat="42.3706800" lon="13.7744800"><ele>1729.857</ele><time>2024-02-09T09:17:39Z</time></trkpt>
			<trkpt lat="42.3706600" lon="13.7744800"><ele>1730.263</ele><time>2024-02-09T09:17:39Z</time></trkpt>
			<trkpt lat="42.3706400" lon="13.7745000"><ele>1730.776</ele><time>2024-02-09T09:17:39Z</time></trkpt>
			<trkpt lat="42.3706300" lon="13.7745200"><ele>1731.112</ele><time>2024-02-09T09:17:39Z</time></trkpt>
			<trkpt lat="42.3706100" lon="13.7745300"><ele>1731.642</ele><time>2024-02-09T09:17:39Z</time></trkpt>
			<trkpt lat="42.3705800" lon="13.7745300"><ele>1732.348</ele><time>2024-02-09T09:17:39Z</time></trkpt>
			<trkpt lat="42.3705600" lon="13.7745400"><ele>1732.924</ele><time>2024-02-09T09:17:39Z</time></trkpt>
			<trkpt lat="42.3705400" lon="13.7745500"><ele>1733.297</ele><time>2024-02-09T09:17:39Z</time></trkpt>
			<trkpt lat="42.3705200" lon="13.7745600"><ele>1733.652</ele><time>2024-02-09T09:17:39Z</time></trkpt>
			<trkpt lat="42.3705200" lon="13.7745900"><ele>1734.115</ele><time>2024-02-09T09:17:39Z</time></trkpt>
			<trkpt lat="42.3705000" lon="13.7746100"><ele>1734.78</ele><time>2024-02-09T09:17:39Z</time></trkpt>
			<trkpt lat="42.3704800" lon="13.7746200"><ele>1735.343</ele><time>2024-02-09T09:17:39Z</time></trkpt>
			<trkpt lat="42.3704600" lon="13.7746300"><ele>1735.958</ele><time>2024-02-09T09:17:39Z</time></trkpt>
			<trkpt lat="42.3704500" lon="13.7746500"><ele>1736.652</ele><time>2024-02-09T09:17:39Z</time></trkpt>
			<trkpt lat="42.3704300" lon="13.7746700"><ele>1737.654</ele><time>2024-02-09T09:17:39Z</time></trkpt>
			<trkpt lat="42.3704100" lon="13.7746900"><ele>1738.76</ele><time>2024-02-09T09:17:39Z</time></trkpt>
			<trkpt lat="42.3704000" lon="13.7747100"><ele>1739.662</ele><time>2024-02-09T09:17:39Z</time></trkpt>
			<trkpt lat="42.3703800" lon="13.7747300"><ele>1740.639</ele><time>2024-02-09T09:17:39Z</time></trkpt>
			<trkpt lat="42.3703600" lon="13.7747500"><ele>1741.177</ele><time>2024-02-09T09:17:39Z</time></trkpt>
			<trkpt lat="42.3703600" lon="13.7747800"><ele>1741.005</ele><time>2024-02-09T09:17:39Z</time></trkpt>
			<trkpt lat="42.3703500" lon="13.7748100"><ele>1741.18</ele><time>2024-02-09T09:17:39Z</time></trkpt>
			<trkpt lat="42.3703400" lon="13.7748300"><ele>1741.422</ele><time>2024-02-09T09:17:39Z</time></trkpt>
			<trkpt lat="42.3703200" lon="13.7748500"><ele>1742.032</ele><time>2024-02-09T09:17:39Z</time></trkpt>
			<trkpt lat="42.3703200" lon="13.7748700"><ele>1741.938</ele><time>2024-02-09T09:17:39Z</time></trkpt>
			<trkpt lat="42.3703000" lon="13.7749000"><ele>1742.538</ele><time>2024-02-09T09:17:39Z</time></trkpt>
			<trkpt lat="42.3702800" lon="13.7749200"><ele>1743.205</ele><time>2024-02-09T09:17:39Z</time></trkpt>
			<trkpt lat="42.3702600" lon="13.7749100"><ele>1743.736</ele><time>2024-02-09T09:17:39Z</time></trkpt>
			<trkpt lat="42.3702400" lon="13.7748900"><ele>1744.164</ele><time>2024-02-09T09:17:39Z</time></trkpt>
			<trkpt lat="42.3702200" lon="13.7748700"><ele>1744.477</ele><time>2024-02-09T09:17:39Z</time></trkpt>
			<trkpt lat="42.3702000" lon="13.7748500"><ele>1744.677</ele><time>2024-02-09T09:17:39Z</time></trkpt>
			<trkpt lat="42.3701900" lon="13.7748300"><ele>1744.645</ele><time>2024-02-09T09:17:39Z</time></trkpt>
			<trkpt lat="42.3701600" lon="13.7748300"><ele>1744.998</ele><time>2024-02-09T09:17:39Z</time></trkpt>
			<trkpt lat="42.3701500" lon="13.7748500"><ele>1745.408</ele><time>2024-02-09T09:17:39Z</time></trkpt>
			<trkpt lat="42.3701400" lon="13.7748700"><ele>1745.875</ele><time>2024-02-09T09:17:39Z</time></trkpt>
			<trkpt lat="42.3701300" lon="13.7749000"><ele>1746.573</ele><time>2024-02-09T09:17:39Z</time></trkpt>
			<trkpt lat="42.3701300" lon="13.7749200"><ele>1746.923</ele><time>2024-02-09T09:17:39Z</time></trkpt>
			<trkpt lat="42.3701200" lon="13.7749400"><ele>1747.546</ele><time>2024-02-09T09:17:39Z</time></trkpt>
			<trkpt lat="42.3701100" lon="13.7749700"><ele>1748.43</ele><time>2024-02-09T09:17:39Z</time></trkpt>
			<trkpt lat="42.3701000" lon="13.7750000"><ele>1749.4</ele><time>2024-02-09T09:17:39Z</time></trkpt>
			<trkpt lat="42.3701000" lon="13.7750300"><ele>1748.959</ele><time>2024-02-09T09:17:39Z</time></trkpt>
			<trkpt lat="42.3700800" lon="13.7750400"><ele>1749.564</ele><time>2024-02-09T09:17:39Z</time></trkpt>
			<trkpt lat="42.3700600" lon="13.7750400"><ele>1750.315</ele><time>2024-02-09T09:17:39Z</time></trkpt>
			<trkpt lat="42.3700400" lon="13.7750400"><ele>1751.066</ele><time>2024-02-09T09:17:39Z</time></trkpt>
			<trkpt lat="42.3700200" lon="13.7750300"><ele>1751.933</ele><time>2024-02-09T09:17:39Z</time></trkpt>
			<trkpt lat="42.3700100" lon="13.7750400"><ele>1752.192</ele><time>2024-02-09T09:17:39Z</time></trkpt>
			<trkpt lat="42.3699900" lon="13.7750500"><ele>1752.6</ele><time>2024-02-09T09:17:39Z</time></trkpt>
			<trkpt lat="42.3699700" lon="13.7750500"><ele>1752.881</ele><time>2024-02-09T09:17:39Z</time></trkpt>
			<trkpt lat="42.3699500" lon="13.7750600"><ele>1753.086</ele><time>2024-02-09T09:17:39Z</time></trkpt>
			<trkpt lat="42.3699300" lon="13.7750700"><ele>1753.318</ele><time>2024-02-09T09:17:39Z</time></trkpt>
			<trkpt lat="42.3699100" lon="13.7750800"><ele>1753.575</ele><time>2024-02-09T09:17:39Z</time></trkpt>
			<trkpt lat="42.3698800" lon="13.7750700"><ele>1754.084</ele><time>2024-02-09T09:17:39Z</time></trkpt>
			<trkpt lat="42.3698600" lon="13.7750700"><ele>1754.391</ele><time>2024-02-09T09:17:39Z</time></trkpt>
			<trkpt lat="42.3698500" lon="13.7750800"><ele>1754.534</ele><time>2024-02-09T09:17:39Z</time></trkpt>
			<trkpt lat="42.3698300" lon="13.7750800"><ele>1754.853</ele><time>2024-02-09T09:17:39Z</time></trkpt>
			<trkpt lat="42.3698100" lon="13.7750800"><ele>1755.173</ele><time>2024-02-09T09:17:39Z</time></trkpt>
			<trkpt lat="42.3697900" lon="13.7750800"><ele>1755.493</ele><time>2024-02-09T09:17:39Z</time></trkpt>
			<trkpt lat="42.3697700" lon="13.7750800"><ele>1755.812</ele><time>2024-02-09T09:17:39Z</time></trkpt>
			<trkpt lat="42.3697500" lon="13.7750900"><ele>1756.186</ele><time>2024-02-09T09:17:39Z</time></trkpt>
			<trkpt lat="42.3697300" lon="13.7750900"><ele>1756.519</ele><time>2024-02-09T09:17:39Z</time></trkpt>
			<trkpt lat="42.3697100" lon="13.7751000"><ele>1756.618</ele><time>2024-02-09T09:17:39Z</time></trkpt>
			<trkpt lat="42.3696900" lon="13.7751300"><ele>1756.83</ele><time>2024-02-09T09:17:39Z</time></trkpt>
			<trkpt lat="42.3696700" lon="13.7751400"><ele>1756.924</ele><time>2024-02-09T09:17:39Z</time></trkpt>
			<trkpt lat="42.3696500" lon="13.7751600"><ele>1757.279</ele><time>2024-02-09T09:17:39Z</time></trkpt>
			<trkpt lat="42.3696300" lon="13.7751700"><ele>1757.541</ele><time>2024-02-09T09:17:39Z</time></trkpt>
			<trkpt lat="42.3696100" lon="13.7751800"><ele>1757.871</ele><time>2024-02-09T09:17:39Z</time></trkpt>
			<trkpt lat="42.3695900" lon="13.7752000"><ele>1758.563</ele><time>2024-02-09T09:17:39Z</time></trkpt>
			<trkpt lat="42.3695700" lon="13.7752000"><ele>1758.733</ele><time>2024-02-09T09:17:39Z</time></trkpt>
			<trkpt lat="42.3695500" lon="13.7752000"><ele>1758.903</ele><time>2024-02-09T09:17:39Z</time></trkpt>
			<trkpt lat="42.3695300" lon="13.7752100"><ele>1759.469</ele><time>2024-02-09T09:17:39Z</time></trkpt>
			<trkpt lat="42.3695100" lon="13.7752300"><ele>1760.532</ele><time>2024-02-09T09:17:39Z</time></trkpt>
			<trkpt lat="42.3694900" lon="13.7752300"><ele>1760.803</ele><time>2024-02-09T09:17:39Z</time></trkpt>
			<trkpt lat="42.3694700" lon="13.7752400"><ele>1761.571</ele><time>2024-02-09T09:17:39Z</time></trkpt>
			<trkpt lat="42.3694500" lon="13.7752600"><ele>1762.937</ele><time>2024-02-09T09:17:39Z</time></trkpt>
			<trkpt lat="42.3694300" lon="13.7752700"><ele>1763.362</ele><time>2024-02-09T09:17:39Z</time></trkpt>
			<trkpt lat="42.3694100" lon="13.7752700"><ele>1763.06</ele><time>2024-02-09T09:17:39Z</time></trkpt>
			<trkpt lat="42.3693900" lon="13.7752700"><ele>1762.758</ele><time>2024-02-09T09:17:39Z</time></trkpt>
			<trkpt lat="42.3693700" lon="13.7752800"><ele>1762.881</ele><time>2024-02-09T09:17:39Z</time></trkpt>
			<trkpt lat="42.3693500" lon="13.7753100"><ele>1761.986</ele><time>2024-02-09T09:17:39Z</time></trkpt>
			<trkpt lat="42.3693200" lon="13.7753300"><ele>1761.229</ele><time>2024-02-09T09:17:39Z</time></trkpt>
			<trkpt lat="42.3693000" lon="13.7753400"><ele>1760.818</ele><time>2024-02-09T09:17:39Z</time></trkpt>
			<trkpt lat="42.3692700" lon="13.7753600"><ele>1760.16</ele><time>2024-02-09T09:17:39Z</time></trkpt>
			<trkpt lat="42.3692500" lon="13.7753700"><ele>1759.806</ele><time>2024-02-09T09:17:39Z</time></trkpt>
			<trkpt lat="42.3692300" lon="13.7753800"><ele>1759.472</ele><time>2024-02-09T09:17:39Z</time></trkpt>
			<trkpt lat="42.3692100" lon="13.7753900"><ele>1759.16</ele><time>2024-02-09T09:17:39Z</time></trkpt>
			<trkpt lat="42.3691900" lon="13.7754100"><ele>1758.748</ele><time>2024-02-09T09:17:39Z</time></trkpt>
			<trkpt lat="42.3691600" lon="13.7754200"><ele>1758.285</ele><time>2024-02-09T09:17:39Z</time></trkpt>
			<trkpt lat="42.3691300" lon="13.7754300"><ele>1757.398</ele><time>2024-02-09T09:17:39Z</time></trkpt>
			<trkpt lat="42.3691100" lon="13.7754200"><ele>1756.946</ele><time>2024-02-09T09:17:39Z</time></trkpt>
			<trkpt lat="42.3691000" lon="13.7754100"><ele>1756.743</ele><time>2024-02-09T09:17:39Z</time></trkpt>
			<trkpt lat="42.3690900" lon="13.7754400"><ele>1756.294</ele><time>2024-02-09T09:17:39Z</time></trkpt>
			<trkpt lat="42.3690700" lon="13.7754500"><ele>1755.739</ele><time>2024-02-09T09:17:39Z</time></trkpt>
			<trkpt lat="42.3690500" lon="13.7754700"><ele>1755.177</ele><time>2024-02-09T09:17:39Z</time></trkpt>
			<trkpt lat="42.3690300" lon="13.7754700"><ele>1754.706</ele><time>2024-02-09T09:17:39Z</time></trkpt>
			<trkpt lat="42.3690100" lon="13.7754700"><ele>1754.235</ele><time>2024-02-09T09:17:39Z</time></trkpt>
			<trkpt lat="42.3689900" lon="13.7754700"><ele>1753.765</ele><time>2024-02-09T09:17:39Z</time></trkpt>
			<trkpt lat="42.3689700" lon="13.7754700"><ele>1753.294</ele><time>2024-02-09T09:17:39Z</time></trkpt>
			<trkpt lat="42.3689500" lon="13.7754700"><ele>1752.823</ele><time>2024-02-09T09:17:39Z</time></trkpt>
			<trkpt lat="42.3689300" lon="13.7754800"><ele>1752.397</ele><time>2024-02-09T09:17:39Z</time></trkpt>
			<trkpt lat="42.3689100" lon="13.7754800"><ele>1751.939</ele><time>2024-02-09T09:17:39Z</time></trkpt>
			<trkpt lat="42.3688900" lon="13.7754900"><ele>1751.553</ele><time>2024-02-09T09:17:39Z</time></trkpt>
			<trkpt lat="42.3688800" lon="13.7755100"><ele>1751.513</ele><time>2024-02-09T09:17:39Z</time></trkpt>
			<trkpt lat="42.3688600" lon="13.7755200"><ele>1751.248</ele><time>2024-02-09T09:17:39Z</time></trkpt>
			<trkpt lat="42.3688600" lon="13.7755500"><ele>1751.532</ele><time>2024-02-09T09:17:39Z</time></trkpt>
			<trkpt lat="42.3688400" lon="13.7755500"><ele>1751.235</ele><time>2024-02-09T09:17:39Z</time></trkpt>
			<trkpt lat="42.3688200" lon="13.7755600"><ele>1750.872</ele><time>2024-02-09T09:17:39Z</time></trkpt>
			<trkpt lat="42.3688000" lon="13.7755600"><ele>1750.586</ele><time>2024-02-09T09:17:39Z</time></trkpt>
			<trkpt lat="42.3687800" lon="13.7755600"><ele>1750.301</ele><time>2024-02-09T09:17:39Z</time></trkpt>
			<trkpt lat="42.3687600" lon="13.7755600"><ele>1750.015</ele><time>2024-02-09T09:17:39Z</time></trkpt>
			<trkpt lat="42.3687400" lon="13.7755600"><ele>1749.729</ele><time>2024-02-09T09:17:39Z</time></trkpt>
			<trkpt lat="42.3687200" lon="13.7755600"><ele>1749.443</ele><time>2024-02-09T09:17:39Z</time></trkpt>
			<trkpt lat="42.3687100" lon="13.7755900"><ele>1748.468</ele><time>2024-02-09T09:17:39Z</time></trkpt>
			<trkpt lat="42.3686900" lon="13.7756000"><ele>1747.925</ele><time>2024-02-09T09:17:39Z</time></trkpt>
			<trkpt lat="42.3686700" lon="13.7756100"><ele>1747.393</ele><time>2024-02-09T09:17:39Z</time></trkpt>
			<trkpt lat="42.3686600" lon="13.7756300"><ele>1746.734</ele><time>2024-02-09T09:17:39Z</time></trkpt>
			<trkpt lat="42.3686400" lon="13.7756400"><ele>1746.225</ele><time>2024-02-09T09:17:39Z</time></trkpt>
			<trkpt lat="42.3686100" lon="13.7756500"><ele>1745.609</ele><time>2024-02-09T09:17:39Z</time></trkpt>
			<trkpt lat="42.3685900" lon="13.7756500"><ele>1745.419</ele><time>2024-02-09T09:17:39Z</time></trkpt>
			<trkpt lat="42.3685700" lon="13.7756600"><ele>1744.999</ele><time>2024-02-09T09:17:39Z</time></trkpt>
			<trkpt lat="42.3685500" lon="13.7756600"><ele>1744.819</ele><time>2024-02-09T09:17:39Z</time></trkpt>
			<trkpt lat="42.3685300" lon="13.7756500"><ele>1744.849</ele><time>2024-02-09T09:17:39Z</time></trkpt>
			<trkpt lat="42.3685000" lon="13.7756600"><ele>1744.37</ele><time>2024-02-09T09:17:39Z</time></trkpt>
			<trkpt lat="42.3684800" lon="13.7756700"><ele>1744.006</ele><time>2024-02-09T09:17:39Z</time></trkpt>
			<trkpt lat="42.3684600" lon="13.7756800"><ele>1743.663</ele><time>2024-02-09T09:17:39Z</time></trkpt>
			<trkpt lat="42.3684400" lon="13.7757000"><ele>1743.177</ele><time>2024-02-09T09:17:39Z</time></trkpt>
			<trkpt lat="42.3684200" lon="13.7757000"><ele>1743.039</ele><time>2024-02-09T09:17:39Z</time></trkpt>
			<trkpt lat="42.3683900" lon="13.7756900"><ele>1742.969</ele><time>2024-02-09T09:17:39Z</time></trkpt>
			<trkpt lat="42.3683700" lon="13.7756900"><ele>1742.82</ele><time>2024-02-09T09:17:39Z</time></trkpt>
			<trkpt lat="42.3683500" lon="13.7757000"><ele>1742.555</ele><time>2024-02-09T09:17:39Z</time></trkpt>
			<trkpt lat="42.3683300" lon="13.7757100"><ele>1742.275</ele><time>2024-02-09T09:17:39Z</time></trkpt>
			<trkpt lat="42.3683000" lon="13.7757100"><ele>1741.759</ele><time>2024-02-09T09:17:39Z</time></trkpt>
			<trkpt lat="42.3682800" lon="13.7757200"><ele>1741.335</ele><time>2024-02-09T09:17:39Z</time></trkpt>
			<trkpt lat="42.3682600" lon="13.7757300"><ele>1740.931</ele><time>2024-02-09T09:17:39Z</time></trkpt>
			<trkpt lat="42.3682300" lon="13.7757200"><ele>1740.501</ele><time>2024-02-09T09:17:39Z</time></trkpt>
			<trkpt lat="42.3682100" lon="13.7757300"><ele>1740.123</ele><time>2024-02-09T09:17:39Z</time></trkpt>
			<trkpt lat="42.3681900" lon="13.7757300"><ele>1739.8</ele><time>2024-02-09T09:17:39Z</time></trkpt>
			<trkpt lat="42.3681700" lon="13.7757400"><ele>1739.454</ele><time>2024-02-09T09:17:39Z</time></trkpt>
			<trkpt lat="42.3681500" lon="13.7757400"><ele>1739.141</ele><time>2024-02-09T09:17:39Z</time></trkpt>
			<trkpt lat="42.3681300" lon="13.7757300"><ele>1738.831</ele><time>2024-02-09T09:17:39Z</time></trkpt>
			<trkpt lat="42.3681000" lon="13.7757400"><ele>1738.359</ele><time>2024-02-09T09:17:39Z</time></trkpt>
			<trkpt lat="42.3680800" lon="13.7757400"><ele>1738.046</ele><time>2024-02-09T09:17:39Z</time></trkpt>
			<trkpt lat="42.3680500" lon="13.7757300"><ele>1737.455</ele><time>2024-02-09T09:17:39Z</time></trkpt>
			<trkpt lat="42.3680200" lon="13.7757400"><ele>1736.555</ele><time>2024-02-09T09:17:39Z</time></trkpt>
			<trkpt lat="42.3680000" lon="13.7757400"><ele>1735.931</ele><time>2024-02-09T09:17:39Z</time></trkpt>
			<trkpt lat="42.3679900" lon="13.7757800"><ele>1735.729</ele><time>2024-02-09T09:17:39Z</time></trkpt>
			<trkpt lat="42.3679700" lon="13.7757900"><ele>1735.12</ele><time>2024-02-09T09:17:39Z</time></trkpt>
			<trkpt lat="42.3679500" lon="13.7758100"><ele>1734.528</ele><time>2024-02-09T09:17:39Z</time></trkpt>
			<trkpt lat="42.3679200" lon="13.7758200"><ele>1733.583</ele><time>2024-02-09T09:17:39Z</time></trkpt>
			<trkpt lat="42.3678900" lon="13.7758300"><ele>1732.631</ele><time>2024-02-09T09:17:39Z</time></trkpt>
			<trkpt lat="42.3678700" lon="13.7758300"><ele>1731.984</ele><time>2024-02-09T09:17:39Z</time></trkpt>
			<trkpt lat="42.3678500" lon="13.7758300"><ele>1731.337</ele><time>2024-02-09T09:17:39Z</time></trkpt>
			<trkpt lat="42.3678500" lon="13.7758000"><ele>1731.309</ele><time>2024-02-09T09:17:39Z</time></trkpt>
			<trkpt lat="42.3678300" lon="13.7758000"><ele>1730.669</ele><time>2024-02-09T09:17:39Z</time></trkpt>
			<trkpt lat="42.3678000" lon="13.7758000"><ele>1729.71</ele><time>2024-02-09T09:17:39Z</time></trkpt>
			<trkpt lat="42.3677800" lon="13.7758100"><ele>1729.071</ele><time>2024-02-09T09:17:39Z</time></trkpt>
			<trkpt lat="42.3677500" lon="13.7758200"><ele>1727.981</ele><time>2024-02-09T09:17:39Z</time></trkpt>
			<trkpt lat="42.3677300" lon="13.7758200"><ele>1727.247</ele><time>2024-02-09T09:17:39Z</time></trkpt>
			<trkpt lat="42.3677100" lon="13.7758200"><ele>1726.513</ele><time>2024-02-09T09:17:39Z</time></trkpt>
			<trkpt lat="42.3676800" lon="13.7758300"><ele>1725.463</ele><time>2024-02-09T09:17:39Z</time></trkpt>
			<trkpt lat="42.3676600" lon="13.7758400"><ele>1724.647</ele><time>2024-02-09T09:17:39Z</time></trkpt>
			<trkpt lat="42.3676400" lon="13.7758500"><ele>1723.769</ele><time>2024-02-09T09:17:39Z</time></trkpt>
			<trkpt lat="42.3676200" lon="13.7758500"><ele>1723.062</ele><time>2024-02-09T09:17:39Z</time></trkpt>
			<trkpt lat="42.3676000" lon="13.7758400"><ele>1722.502</ele><time>2024-02-09T09:17:39Z</time></trkpt>
			<trkpt lat="42.3675800" lon="13.7758300"><ele>1721.846</ele><time>2024-02-09T09:17:39Z</time></trkpt>
			<trkpt lat="42.3675600" lon="13.7758400"><ele>1721.072</ele><time>2024-02-09T09:17:39Z</time></trkpt>
			<trkpt lat="42.3675400" lon="13.7758500"><ele>1720.234</ele><time>2024-02-09T09:17:39Z</time></trkpt>
			<trkpt lat="42.3675200" lon="13.7758700"><ele>1719.295</ele><time>2024-02-09T09:17:39Z</time></trkpt>
			<trkpt lat="42.3675000" lon="13.7758900"><ele>1718.388</ele><time>2024-02-09T09:17:39Z</time></trkpt>
			<trkpt lat="42.3675000" lon="13.7759300"><ele>1717.956</ele><time>2024-02-09T09:17:39Z</time></trkpt>
			<trkpt lat="42.3674900" lon="13.7759500"><ele>1717.482</ele><time>2024-02-09T09:17:39Z</time></trkpt>
			<trkpt lat="42.3674600" lon="13.7759700"><ele>1716.514</ele><time>2024-02-09T09:17:39Z</time></trkpt>
			<trkpt lat="42.3674400" lon="13.7759900"><ele>1715.824</ele><time>2024-02-09T09:17:39Z</time></trkpt>
			<trkpt lat="42.3674100" lon="13.7760000"><ele>1714.997</ele><time>2024-02-09T09:17:39Z</time></trkpt>
			<trkpt lat="42.3673900" lon="13.7760200"><ele>1714.348</ele><time>2024-02-09T09:17:39Z</time></trkpt>
			<trkpt lat="42.3673600" lon="13.7760400"><ele>1713.486</ele><time>2024-02-09T09:17:39Z</time></trkpt>
			<trkpt lat="42.3673500" lon="13.7760500"><ele>1713.182</ele><time>2024-02-09T09:17:39Z</time></trkpt>
			<trkpt lat="42.3673200" lon="13.7760700"><ele>1712.364</ele><time>2024-02-09T09:17:39Z</time></trkpt>
			<trkpt lat="42.3673000" lon="13.7760800"><ele>1711.855</ele><time>2024-02-09T09:17:39Z</time></trkpt>
			<trkpt lat="42.3672800" lon="13.7760800"><ele>1711.407</ele><time>2024-02-09T09:17:39Z</time></trkpt>
			<trkpt lat="42.3672400" lon="13.7760900"><ele>1710.47</ele><time>2024-02-09T09:17:39Z</time></trkpt>
			<trkpt lat="42.3672200" lon="13.7761000"><ele>1710.041</ele><time>2024-02-09T09:17:39Z</time></trkpt>
			<trkpt lat="42.3672000" lon="13.7761100"><ele>1710.005</ele><time>2024-02-09T09:17:39Z</time></trkpt>
			<trkpt lat="42.3671800" lon="13.7761200"><ele>1709.862</ele><time>2024-02-09T09:17:39Z</time></trkpt>
			<trkpt lat="42.3671600" lon="13.7761200"><ele>1709.858</ele><time>2024-02-09T09:17:39Z</time></trkpt>
			<trkpt lat="42.3671300" lon="13.7761300"><ele>1709.683</ele><time>2024-02-09T09:17:39Z</time></trkpt>
			<trkpt lat="42.3671000" lon="13.7761500"><ele>1709.317</ele><time>2024-02-09T09:17:39Z</time></trkpt>
			<trkpt lat="42.3670800" lon="13.7761500"><ele>1709.297</ele><time>2024-02-09T09:17:39Z</time></trkpt>
			<trkpt lat="42.3670600" lon="13.7761700"><ele>1708.904</ele><time>2024-02-09T09:17:39Z</time></trkpt>
			<trkpt lat="42.3670300" lon="13.7761800"><ele>1708.665</ele><time>2024-02-09T09:17:39Z</time></trkpt>
			<trkpt lat="42.3670000" lon="13.7762000"><ele>1708.208</ele><time>2024-02-09T09:17:39Z</time></trkpt>
			<trkpt lat="42.3669800" lon="13.7762000"><ele>1708.162</ele><time>2024-02-09T09:17:39Z</time></trkpt>
			<trkpt lat="42.3669600" lon="13.7762100"><ele>1707.904</ele><time>2024-02-09T09:17:39Z</time></trkpt>
			<trkpt lat="42.3669400" lon="13.7762200"><ele>1707.686</ele><time>2024-02-09T09:17:39Z</time></trkpt>
			<trkpt lat="42.3669200" lon="13.7762300"><ele>1707.646</ele><time>2024-02-09T09:17:39Z</time></trkpt>
			<trkpt lat="42.3669000" lon="13.7762400"><ele>1707.61</ele><time>2024-02-09T09:17:39Z</time></trkpt>
			<trkpt lat="42.3668800" lon="13.7762500"><ele>1707.58</ele><time>2024-02-09T09:17:39Z</time></trkpt>
			<trkpt lat="42.3668600" lon="13.7762600"><ele>1707.555</ele><time>2024-02-09T09:17:39Z</time></trkpt>
			<trkpt lat="42.3668300" lon="13.7762700"><ele>1707.628</ele><time>2024-02-09T09:17:39Z</time></trkpt>
			<trkpt lat="42.3668100" lon="13.7762900"><ele>1707.416</ele><time>2024-02-09T09:17:39Z</time></trkpt>
			<trkpt lat="42.3667900" lon="13.7763100"><ele>1707.214</ele><time>2024-02-09T09:17:39Z</time></trkpt>
			<trkpt lat="42.3667600" lon="13.7763200"><ele>1707.315</ele><time>2024-02-09T09:17:39Z</time></trkpt>
			<trkpt lat="42.3667400" lon="13.7763300"><ele>1707.324</ele><time>2024-02-09T09:17:39Z</time></trkpt>
			<trkpt lat="42.3667100" lon="13.7763400"><ele>1707.439</ele><time>2024-02-09T09:17:39Z</time></trkpt>
			<trkpt lat="42.3666700" lon="13.7763600"><ele>1707.485</ele><time>2024-02-09T09:17:39Z</time></trkpt>
			<trkpt lat="42.3666400" lon="13.7763700"><ele>1707.275</ele><time>2024-02-09T09:17:39Z</time></trkpt>
			<trkpt lat="42.3666100" lon="13.7763600"><ele>1707.308</ele><time>2024-02-09T09:17:39Z</time></trkpt>
			<trkpt lat="42.3665900" lon="13.7763600"><ele>1707.233</ele><time>2024-02-09T09:17:39Z</time></trkpt>
			<trkpt lat="42.3665600" lon="13.7763800"><ele>1707.037</ele><time>2024-02-09T09:17:39Z</time></trkpt>
			<trkpt lat="42.3665300" lon="13.7763800"><ele>1707.003</ele><time>2024-02-09T09:17:39Z</time></trkpt>
			<trkpt lat="42.3665100" lon="13.7763800"><ele>1706.98</ele><time>2024-02-09T09:17:39Z</time></trkpt>
			<trkpt lat="42.3664900" lon="13.7763700"><ele>1706.908</ele><time>2024-02-09T09:17:39Z</time></trkpt>
			<trkpt lat="42.3664500" lon="13.7763700"><ele>1706.81</ele><time>2024-02-09T09:17:39Z</time></trkpt>
			<trkpt lat="42.3664300" lon="13.7763700"><ele>1706.761</ele><time>2024-02-09T09:17:39Z</time></trkpt>
			<trkpt lat="42.3664000" lon="13.7763800"><ele>1706.853</ele><time>2024-02-09T09:17:39Z</time></trkpt>
			<trkpt lat="42.3663800" lon="13.7763900"><ele>1707.008</ele><time>2024-02-09T09:17:39Z</time></trkpt>
			<trkpt lat="42.3663600" lon="13.7763900"><ele>1707.081</ele><time>2024-02-09T09:17:39Z</time></trkpt>
			<trkpt lat="42.3663400" lon="13.7764000"><ele>1706.95</ele><time>2024-02-09T09:17:39Z</time></trkpt>
			<trkpt lat="42.3663100" lon="13.7764000"><ele>1707.067</ele><time>2024-02-09T09:17:39Z</time></trkpt>
			<trkpt lat="42.3662800" lon="13.7764100"><ele>1706.996</ele><time>2024-02-09T09:17:39Z</time></trkpt>
			<trkpt lat="42.3662600" lon="13.7764200"><ele>1706.896</ele><time>2024-02-09T09:17:39Z</time></trkpt>
			<trkpt lat="42.3662400" lon="13.7764400"><ele>1706.629</ele><time>2024-02-09T09:17:39Z</time></trkpt>
			<trkpt lat="42.3662200" lon="13.7764400"><ele>1706.728</ele><time>2024-02-09T09:17:39Z</time></trkpt>
			<trkpt lat="42.3662000" lon="13.7764500"><ele>1706.659</ele><time>2024-02-09T09:17:39Z</time></trkpt>
			<trkpt lat="42.3661800" lon="13.7764600"><ele>1706.601</ele><time>2024-02-09T09:17:39Z</time></trkpt>
			<trkpt lat="42.3661600" lon="13.7764700"><ele>1706.553</ele><time>2024-02-09T09:17:39Z</time></trkpt>
			<trkpt lat="42.3661400" lon="13.7764900"><ele>1706.364</ele><time>2024-02-09T09:17:39Z</time></trkpt>
			<trkpt lat="42.3661200" lon="13.7764900"><ele>1706.489</ele><time>2024-02-09T09:17:39Z</time></trkpt>
			<trkpt lat="42.3661000" lon="13.7764900"><ele>1706.573</ele><time>2024-02-09T09:17:39Z</time></trkpt>
			<trkpt lat="42.3660800" lon="13.7765000"><ele>1706.49</ele><time>2024-02-09T09:17:39Z</time></trkpt>
			<trkpt lat="42.3660600" lon="13.7765100"><ele>1706.416</ele><time>2024-02-09T09:17:39Z</time></trkpt>
			<trkpt lat="42.3660400" lon="13.7765200"><ele>1706.354</ele><time>2024-02-09T09:17:39Z</time></trkpt>
			<trkpt lat="42.3660100" lon="13.7765200"><ele>1706.456</ele><time>2024-02-09T09:17:39Z</time></trkpt>
			<trkpt lat="42.3659800" lon="13.7765200"><ele>1706.558</ele><time>2024-02-09T09:17:39Z</time></trkpt>
			<trkpt lat="42.3659600" lon="13.7765300"><ele>1706.521</ele><time>2024-02-09T09:17:39Z</time></trkpt>
			<trkpt lat="42.3659300" lon="13.7765200"><ele>1706.727</ele><time>2024-02-09T09:17:39Z</time></trkpt>
			<trkpt lat="42.3659100" lon="13.7765100"><ele>1706.887</ele><time>2024-02-09T09:17:39Z</time></trkpt>
			<trkpt lat="42.3658900" lon="13.7765200"><ele>1706.863</ele><time>2024-02-09T09:17:39Z</time></trkpt>
			<trkpt lat="42.3658600" lon="13.7765300"><ele>1706.886</ele><time>2024-02-09T09:17:39Z</time></trkpt>
			<trkpt lat="42.3658400" lon="13.7765200"><ele>1707.033</ele><time>2024-02-09T09:17:39Z</time></trkpt>
			<trkpt lat="42.3658100" lon="13.7765200"><ele>1706.76</ele><time>2024-02-09T09:17:39Z</time></trkpt>
			<trkpt lat="42.3658100" lon="13.7765600"><ele>1706.484</ele><time>2024-02-09T09:17:39Z</time></trkpt>
			<trkpt lat="42.3658000" lon="13.7765800"><ele>1706.227</ele><time>2024-02-09T09:17:39Z</time></trkpt>
			<trkpt lat="42.3657700" lon="13.7766000"><ele>1705.741</ele><time>2024-02-09T09:17:39Z</time></trkpt>
			<trkpt lat="42.3657500" lon="13.7766000"><ele>1705.508</ele><time>2024-02-09T09:17:39Z</time></trkpt>
			<trkpt lat="42.3657300" lon="13.7766000"><ele>1705.275</ele><time>2024-02-09T09:17:39Z</time></trkpt>
			<trkpt lat="42.3657100" lon="13.7766200"><ele>1704.929</ele><time>2024-02-09T09:17:39Z</time></trkpt>
			<trkpt lat="42.3657000" lon="13.7766500"><ele>1704.651</ele><time>2024-02-09T09:17:39Z</time></trkpt>
			<trkpt lat="42.3656800" lon="13.7766800"><ele>1704.061</ele><time>2024-02-09T09:17:39Z</time></trkpt>
			<trkpt lat="42.3656600" lon="13.7767000"><ele>1703.438</ele><time>2024-02-09T09:17:39Z</time></trkpt>
			<trkpt lat="42.3656300" lon="13.7767100"><ele>1702.94</ele><time>2024-02-09T09:17:39Z</time></trkpt>
			<trkpt lat="42.3656100" lon="13.7767200"><ele>1702.553</ele><time>2024-02-09T09:17:39Z</time></trkpt>
			<trkpt lat="42.3655900" lon="13.7767300"><ele>1702.175</ele><time>2024-02-09T09:17:39Z</time></trkpt>
			<trkpt lat="42.3655600" lon="13.7767400"><ele>1701.72</ele><time>2024-02-09T09:17:39Z</time></trkpt>
			<trkpt lat="42.3655400" lon="13.7767500"><ele>1701.366</ele><time>2024-02-09T09:17:39Z</time></trkpt>
			<trkpt lat="42.3655100" lon="13.7767500"><ele>1701.106</ele><time>2024-02-09T09:17:39Z</time></trkpt>
			<trkpt lat="42.3654900" lon="13.7767400"><ele>1701.097</ele><time>2024-02-09T09:17:39Z</time></trkpt>
			<trkpt lat="42.3654900" lon="13.7767400"><ele>1701.097</ele><time>2024-02-09T09:17:39Z</time></trkpt>
			<trkpt lat="42.3654600" lon="13.7767300"><ele>1700.985</ele><time>2024-02-09T09:17:39Z</time></trkpt>
			<trkpt lat="42.3654400" lon="13.7767200"><ele>1700.952</ele><time>2024-02-09T09:17:39Z</time></trkpt>
			<trkpt lat="42.3654200" lon="13.7767100"><ele>1700.908</ele><time>2024-02-09T09:17:39Z</time></trkpt>
			<trkpt lat="42.3654000" lon="13.7767100"><ele>1700.715</ele><time>2024-02-09T09:17:39Z</time></trkpt>
			<trkpt lat="42.3653800" lon="13.7767100"><ele>1700.521</ele><time>2024-02-09T09:17:39Z</time></trkpt>
			<trkpt lat="42.3653700" lon="13.7766800"><ele>1700.82</ele><time>2024-02-09T09:17:39Z</time></trkpt>
			<trkpt lat="42.3653700" lon="13.7766500"><ele>1700.856</ele><time>2024-02-09T09:17:39Z</time></trkpt>
			<trkpt lat="42.3653400" lon="13.7766500"><ele>1700.499</ele><time>2024-02-09T09:17:39Z</time></trkpt>
			<trkpt lat="42.3653100" lon="13.7766500"><ele>1700.143</ele><time>2024-02-09T09:17:39Z</time></trkpt>
			<trkpt lat="42.3652800" lon="13.7766700"><ele>1699.988</ele><time>2024-02-09T09:17:39Z</time></trkpt>
			<trkpt lat="42.3652600" lon="13.7766800"><ele>1700.243</ele><time>2024-02-09T09:17:39Z</time></trkpt>
			<trkpt lat="42.3652300" lon="13.7767000"><ele>1700.693</ele><time>2024-02-09T09:17:39Z</time></trkpt>
			<trkpt lat="42.3652000" lon="13.7767200"><ele>1701.158</ele><time>2024-02-09T09:17:39Z</time></trkpt>
			<trkpt lat="42.3651500" lon="13.7767400"><ele>1702.089</ele><time>2024-02-09T09:17:39Z</time></trkpt>
			<trkpt lat="42.3650700" lon="13.7767000"><ele>1704.218</ele><time>2024-02-09T09:17:39Z</time></trkpt>
			<trkpt lat="42.3650000" lon="13.7766600"><ele>1705.712</ele><time>2024-02-09T09:17:39Z</time></trkpt>
			<trkpt lat="42.3649100" lon="13.7766500"><ele>1707.736</ele><time>2024-02-09T09:17:39Z</time></trkpt>
			<trkpt lat="42.3648300" lon="13.7766700"><ele>1710.879</ele><time>2024-02-09T09:17:39Z</time></trkpt>
			<trkpt lat="42.3647000" lon="13.7767200"><ele>1714.38</ele><time>2024-02-09T09:17:39Z</time></trkpt>
			<trkpt lat="42.3646000" lon="13.7768000"><ele>1717.427</ele><time>2024-02-09T09:17:39Z</time></trkpt>
			<trkpt lat="42.3644400" lon="13.7768600"><ele>1723.567</ele><time>2024-02-09T09:17:39Z</time></trkpt>
			<trkpt lat="42.3643100" lon="13.7769100"><ele>1728.32</ele><time>2024-02-09T09:17:39Z</time></trkpt>
			<trkpt lat="42.3641000" lon="13.7770400"><ele>1735.833</ele><time>2024-02-09T09:17:39Z</time></trkpt>
			<trkpt lat="42.3640300" lon="13.7771100"><ele>1738.32</ele><time>2024-02-09T09:17:39Z</time></trkpt>
			<trkpt lat="42.3639400" lon="13.7772200"><ele>1744.707</ele><time>2024-02-09T09:17:39Z</time></trkpt>
			<trkpt lat="42.3638600" lon="13.7773200"><ele>1748.03</ele><time>2024-02-09T09:17:39Z</time></trkpt>
			<trkpt lat="42.3637400" lon="13.7774200"><ele>1753.136</ele><time>2024-02-09T09:17:39Z</time></trkpt>
			<trkpt lat="42.3636900" lon="13.7774500"><ele>1755.839</ele><time>2024-02-09T09:17:39Z</time></trkpt>
			<trkpt lat="42.3636300" lon="13.7774700"><ele>1759.001</ele><time>2024-02-09T09:17:39Z</time></trkpt>
			<trkpt lat="42.3635400" lon="13.7774700"><ele>1759.792</ele><time>2024-02-09T09:17:39Z</time></trkpt>
			<trkpt lat="42.3634500" lon="13.7775400"><ele>1762.605</ele><time>2024-02-09T09:17:39Z</time></trkpt>
			<trkpt lat="42.3633700" lon="13.7776500"><ele>1767.89</ele><time>2024-02-09T09:17:39Z</time></trkpt>
			<trkpt lat="42.3632900" lon="13.7777200"><ele>1771.165</ele><time>2024-02-09T09:17:39Z</time></trkpt>
			<trkpt lat="42.3631800" lon="13.7779000"><ele>1772.705</ele><time>2024-02-09T09:17:39Z</time></trkpt>
			<trkpt lat="42.3631200" lon="13.7780100"><ele>1773.408</ele><time>2024-02-09T09:17:39Z</time></trkpt>
			<trkpt lat="42.3631200" lon="13.7780400"><ele>1773.798</ele><time>2024-02-09T09:17:39Z</time></trkpt>
			<trkpt lat="42.3631400" lon="13.7780400"><ele>1773.822</ele><time>2024-02-09T09:17:39Z</time></trkpt>
			<trkpt lat="42.3631400" lon="13.7780600"><ele>1773.777</ele><time>2024-02-09T09:17:39Z</time></trkpt>
			<trkpt lat="42.3631400" lon="13.7780700"><ele>1773.277</ele><time>2024-02-09T09:17:39Z</time></trkpt>
			<trkpt lat="42.3631300" lon="13.7780700"><ele>1773.282</ele><time>2024-02-09T09:17:39Z</time></trkpt>
			<trkpt lat="42.3631200" lon="13.7780700"><ele>1773.288</ele><time>2024-02-09T09:17:39Z</time></trkpt>
			<trkpt lat="42.3631200" lon="13.7780900"><ele>1772.302</ele><time>2024-02-09T09:17:39Z</time></trkpt>
			<trkpt lat="42.3631100" lon="13.7781000"><ele>1771.826</ele><time>2024-02-09T09:17:39Z</time></trkpt>
			<trkpt lat="42.3631000" lon="13.7781000"><ele>1771.843</ele><time>2024-02-09T09:17:39Z</time></trkpt>
			<trkpt lat="42.3630900" lon="13.7781100"><ele>1771.379</ele><time>2024-02-09T09:17:39Z</time></trkpt>
			<trkpt lat="42.3630800" lon="13.7781200"><ele>1770.923</ele><time>2024-02-09T09:17:39Z</time></trkpt>
			<trkpt lat="42.3630800" lon="13.7781400"><ele>1769.968</ele><time>2024-02-09T09:17:39Z</time></trkpt>
			<trkpt lat="42.3630800" lon="13.7781600"><ele>1769.013</ele><time>2024-02-09T09:17:39Z</time></trkpt>
			<trkpt lat="42.3630800" lon="13.7781700"><ele>1768.535</ele><time>2024-02-09T09:17:39Z</time></trkpt>
			<trkpt lat="42.3630800" lon="13.7781900"><ele>1767.58</ele><time>2024-02-09T09:17:39Z</time></trkpt>
			<trkpt lat="42.3630800" lon="13.7782000"><ele>1767.103</ele><time>2024-02-09T09:17:39Z</time></trkpt>
			<trkpt lat="42.3630800" lon="13.7782100"><ele>1766.625</ele><time>2024-02-09T09:17:39Z</time></trkpt>
			<trkpt lat="42.3630800" lon="13.7782200"><ele>1766.148</ele><time>2024-02-09T09:17:39Z</time></trkpt>
			<trkpt lat="42.3630700" lon="13.7782300"><ele>1765.738</ele><time>2024-02-09T09:17:39Z</time></trkpt>
			<trkpt lat="42.3630700" lon="13.7782400"><ele>1765.264</ele><time>2024-02-09T09:17:39Z</time></trkpt>
			<trkpt lat="42.3630600" lon="13.7782400"><ele>1765.336</ele><time>2024-02-09T09:17:39Z</time></trkpt>
			<trkpt lat="42.3630500" lon="13.7782400"><ele>1764.933</ele><time>2024-02-09T09:17:39Z</time></trkpt>
			<trkpt lat="42.3630500" lon="13.7782400"><ele>1764.933</ele><time>2024-02-09T09:17:39Z</time></trkpt>
			<trkpt lat="42.3630400" lon="13.7782300"><ele>1764.573</ele><time>2024-02-09T09:17:39Z</time></trkpt>
			<trkpt lat="42.3630400" lon="13.7782200"><ele>1764.994</ele><time>2024-02-09T09:17:39Z</time></trkpt>
			<trkpt lat="42.3630300" lon="13.7782100"><ele>1764.544</ele><time>2024-02-09T09:17:39Z</time></trkpt>
			<trkpt lat="42.3630100" lon="13.7782200"><ele>1762.469</ele><time>2024-02-09T09:17:39Z</time></trkpt>
			<trkpt lat="42.3630100" lon="13.7782300"><ele>1762.137</ele><time>2024-02-09T09:17:39Z</time></trkpt>
			<trkpt lat="42.3630100" lon="13.7782400"><ele>1761.805</ele><time>2024-02-09T09:17:39Z</time></trkpt>
			<trkpt lat="42.3630100" lon="13.7782500"><ele>1761.472</ele><time>2024-02-09T09:17:39Z</time></trkpt>
			<trkpt lat="42.3630100" lon="13.7782600"><ele>1761.14</ele><time>2024-02-09T09:17:39Z</time></trkpt>
			<trkpt lat="42.3630100" lon="13.7782600"><ele>1761.14</ele><time>2024-02-09T09:17:39Z</time></trkpt>
			<trkpt lat="42.3630000" lon="13.7782700"><ele>1760.115</ele><time>2024-02-09T09:17:39Z</time></trkpt>
			<trkpt lat="42.3630000" lon="13.7782700"><ele>1760.115</ele><time>2024-02-09T09:17:39Z</time></trkpt>
			<trkpt lat="42.3629900" lon="13.7782800"><ele>1759.15</ele><time>2024-02-09T09:17:39Z</time></trkpt>
			<trkpt lat="42.3630000" lon="13.7782900"><ele>1759.51</ele><time>2024-02-09T09:17:39Z</time></trkpt>
			<trkpt lat="42.3630000" lon="13.7782900"><ele>1759.51</ele><time>2024-02-09T09:17:39Z</time></trkpt>
			<trkpt lat="42.3630100" lon="13.7782900"><ele>1760.144</ele><time>2024-02-09T09:17:39Z</time></trkpt>
			<trkpt lat="42.3630100" lon="13.7783000"><ele>1759.811</ele><time>2024-02-09T09:17:39Z</time></trkpt>
			<trkpt lat="42.3630000" lon="13.7783000"><ele>1759.208</ele><time>2024-02-09T09:17:39Z</time></trkpt>
			<trkpt lat="42.3630000" lon="13.7783100"><ele>1758.906</ele><time>2024-02-09T09:17:39Z</time></trkpt>
			<trkpt lat="42.3630000" lon="13.7783100"><ele>1758.906</ele><time>2024-02-09T09:17:39Z</time></trkpt>
			<trkpt lat="42.3630000" lon="13.7783200"><ele>1758.603</ele><time>2024-02-09T09:17:39Z</time></trkpt>
			<trkpt lat="42.3630100" lon="13.7783200"><ele>1759.147</ele><time>2024-02-09T09:17:39Z</time></trkpt>
			<trkpt lat="42.3630100" lon="13.7783300"><ele>1758.815</ele><time>2024-02-09T09:17:39Z</time></trkpt>
			<trkpt lat="42.3630100" lon="13.7783400"><ele>1758.307</ele><time>2024-02-09T09:17:39Z</time></trkpt>
			<trkpt lat="42.3630100" lon="13.7783400"><ele>1758.307</ele><time>2024-02-09T09:17:39Z</time></trkpt>
			<trkpt lat="42.3630100" lon="13.7783500"><ele>1757.712</ele><time>2024-02-09T09:17:39Z</time></trkpt>
			<trkpt lat="42.3630100" lon="13.7783500"><ele>1757.712</ele><time>2024-02-09T09:17:39Z</time></trkpt>
			<trkpt lat="42.3630200" lon="13.7783500"><ele>1758.183</ele><time>2024-02-09T09:17:39Z</time></trkpt>
			<trkpt lat="42.3630200" lon="13.7783500"><ele>1758.183</ele><time>2024-02-09T09:17:39Z</time></trkpt>
			<trkpt lat="42.3630100" lon="13.7783600"><ele>1757.116</ele><time>2024-02-09T09:17:39Z</time></trkpt>
			<trkpt lat="42.3630100" lon="13.7783600"><ele>1757.116</ele><time>2024-02-09T09:17:39Z</time></trkpt>
			<trkpt lat="42.3630000" lon="13.7783600"><ele>1756.664</ele><time>2024-02-09T09:17:39Z</time></trkpt>
			<trkpt lat="42.3629900" lon="13.7783600"><ele>1756.212</ele><time>2024-02-09T09:17:39Z</time></trkpt>
			<trkpt lat="42.3629800" lon="13.7783600"><ele>1755.76</ele><time>2024-02-09T09:17:39Z</time></trkpt>
			<trkpt lat="42.3629800" lon="13.7783800"><ele>1754.685</ele><time>2024-02-09T09:17:39Z</time></trkpt>
			<trkpt lat="42.3629600" lon="13.7783800"><ele>1753.859</ele><time>2024-02-09T09:17:39Z</time></trkpt>
			<trkpt lat="42.3629500" lon="13.7783900"><ele>1752.967</ele><time>2024-02-09T09:17:39Z</time></trkpt>
			<trkpt lat="42.3629400" lon="13.7784000"><ele>1752.114</ele><time>2024-02-09T09:17:39Z</time></trkpt>
			<trkpt lat="42.3629300" lon="13.7784000"><ele>1751.739</ele><time>2024-02-09T09:17:39Z</time></trkpt>
			<trkpt lat="42.3629200" lon="13.7783900"><ele>1751.785</ele><time>2024-02-09T09:17:39Z</time></trkpt>
			<trkpt lat="42.3629100" lon="13.7784000"><ele>1750.99</ele><time>2024-02-09T09:17:39Z</time></trkpt>
			<trkpt lat="42.3629000" lon="13.7784000"><ele>1750.616</ele><time>2024-02-09T09:17:39Z</time></trkpt>
			<trkpt lat="42.3628800" lon="13.7784000"><ele>1749.867</ele><time>2024-02-09T09:17:39Z</time></trkpt>
			<trkpt lat="42.3628800" lon="13.7784000"><ele>1749.867</ele><time>2024-02-09T09:17:39Z</time></trkpt>
			<trkpt lat="42.3628700" lon="13.7784000"><ele>1749.493</ele><time>2024-02-09T09:17:39Z</time></trkpt>
			<trkpt lat="42.3628700" lon="13.7784000"><ele>1749.493</ele><time>2024-02-09T09:17:39Z</time></trkpt>
			<trkpt lat="42.3628600" lon="13.7784000"><ele>1749.118</ele><time>2024-02-09T09:17:39Z</time></trkpt>
			<trkpt lat="42.3628500" lon="13.7784100"><ele>1748.46</ele><time>2024-02-09T09:17:39Z</time></trkpt>
			<trkpt lat="42.3628400" lon="13.7784000"><ele>1748.37</ele><time>2024-02-09T09:17:39Z</time></trkpt>
			<trkpt lat="42.3628400" lon="13.7783800"><ele>1748.9</ele><time>2024-02-09T09:17:39Z</time></trkpt>
			<trkpt lat="42.3628400" lon="13.7783700"><ele>1749.164</ele><time>2024-02-09T09:17:39Z</time></trkpt>
			<trkpt lat="42.3628400" lon="13.7783600"><ele>1749.429</ele><time>2024-02-09T09:17:39Z</time></trkpt>
			<trkpt lat="42.3628300" lon="13.7783600"><ele>1748.977</ele><time>2024-02-09T09:17:39Z</time></trkpt>
			<trkpt lat="42.3628200" lon="13.7783600"><ele>1748.525</ele><time>2024-02-09T09:17:39Z</time></trkpt>
			<trkpt lat="42.3628100" lon="13.7783600"><ele>1748.073</ele><time>2024-02-09T09:17:39Z</time></trkpt>
			<trkpt lat="42.3628000" lon="13.7783800"><ele>1747.246</ele><time>2024-02-09T09:17:39Z</time></trkpt>
			<trkpt lat="42.3627900" lon="13.7783900"><ele>1746.665</ele><time>2024-02-09T09:17:39Z</time></trkpt>
			<trkpt lat="42.3627500" lon="13.7784100"><ele>1745.672</ele><time>2024-02-09T09:17:39Z</time></trkpt>
			<trkpt lat="42.3627300" lon="13.7784200"><ele>1745.429</ele><time>2024-02-09T09:17:39Z</time></trkpt>
			<trkpt lat="42.3627100" lon="13.7784400"><ele>1745.181</ele><time>2024-02-09T09:17:39Z</time></trkpt>
			<trkpt lat="42.3627000" lon="13.7784600"><ele>1745.053</ele><time>2024-02-09T09:17:39Z</time></trkpt>
			<trkpt lat="42.3626700" lon="13.7784700"><ele>1745.001</ele><time>2024-02-09T09:17:39Z</time></trkpt>
			<trkpt lat="42.3626500" lon="13.7785000"><ele>1745.06</ele><time>2024-02-09T09:17:39Z</time></trkpt>
			<trkpt lat="42.3626400" lon="13.7785200"><ele>1745.165</ele><time>2024-02-09T09:17:39Z</time></trkpt>
			<trkpt lat="42.3626200" lon="13.7785200"><ele>1745.289</ele><time>2024-02-09T09:17:39Z</time></trkpt>
			<trkpt lat="42.3626000" lon="13.7785100"><ele>1745.326</ele><time>2024-02-09T09:17:39Z</time></trkpt>
			<trkpt lat="42.3625700" lon="13.7785100"><ele>1745.473</ele><time>2024-02-09T09:17:39Z</time></trkpt>
			<trkpt lat="42.3625300" lon="13.7785400"><ele>1746.2</ele><time>2024-02-09T09:17:39Z</time></trkpt>
			<trkpt lat="42.3624900" lon="13.7785800"><ele>1747.224</ele><time>2024-02-09T09:17:39Z</time></trkpt>
			<trkpt lat="42.3624700" lon="13.7786000"><ele>1747.509</ele><time>2024-02-09T09:17:39Z</time></trkpt>
			<trkpt lat="42.3624500" lon="13.7786100"><ele>1747.61</ele><time>2024-02-09T09:17:39Z</time></trkpt>
			<trkpt lat="42.3624300" lon="13.7786300"><ele>1747.599</ele><time>2024-02-09T09:17:39Z</time></trkpt>
			<trkpt lat="42.3624100" lon="13.7786700"><ele>1747.827</ele><time>2024-02-09T09:17:39Z</time></trkpt>
			<trkpt lat="42.3623900" lon="13.7787200"><ele>1748.368</ele><time>2024-02-09T09:17:39Z</time></trkpt>
			<trkpt lat="42.3623800" lon="13.7787500"><ele>1748.796</ele><time>2024-02-09T09:17:39Z</time></trkpt>
			<trkpt lat="42.3623700" lon="13.7787700"><ele>1749.169</ele><time>2024-02-09T09:17:39Z</time></trkpt>
			<trkpt lat="42.3623600" lon="13.7788000"><ele>1749.739</ele><time>2024-02-09T09:17:39Z</time></trkpt>
			<trkpt lat="42.3623500" lon="13.7788200"><ele>1750.229</ele><time>2024-02-09T09:17:39Z</time></trkpt>
			<trkpt lat="42.3623400" lon="13.7788400"><ele>1750.77</ele><time>2024-02-09T09:17:39Z</time></trkpt>
			<trkpt lat="42.3623300" lon="13.7788600"><ele>1751.364</ele><time>2024-02-09T09:17:39Z</time></trkpt>
			<trkpt lat="42.3623200" lon="13.7788600"><ele>1751.614</ele><time>2024-02-09T09:17:39Z</time></trkpt>
			<trkpt lat="42.3623200" lon="13.7788700"><ele>1751.811</ele><time>2024-02-09T09:17:39Z</time></trkpt>
			<trkpt lat="42.3623100" lon="13.7788600"><ele>1751.865</ele><time>2024-02-09T09:17:39Z</time></trkpt>
			<trkpt lat="42.3623000" lon="13.7788700"><ele>1752.338</ele><time>2024-02-09T09:17:39Z</time></trkpt>
			<trkpt lat="42.3622900" lon="13.7788800"><ele>1752.838</ele><time>2024-02-09T09:17:39Z</time></trkpt>
			<trkpt lat="42.3622800" lon="13.7789000"><ele>1753.303</ele><time>2024-02-09T09:17:39Z</time></trkpt>
			<trkpt lat="42.3622800" lon="13.7789200"><ele>1753.243</ele><time>2024-02-09T09:17:39Z</time></trkpt>
			<trkpt lat="42.3622800" lon="13.7789400"><ele>1753.183</ele><time>2024-02-09T09:17:39Z</time></trkpt>
			<trkpt lat="42.3622800" lon="13.7789600"><ele>1753.123</ele><time>2024-02-09T09:17:39Z</time></trkpt>
			<trkpt lat="42.3622800" lon="13.7789800"><ele>1753.063</ele><time>2024-02-09T09:17:39Z</time></trkpt>
			<trkpt lat="42.3622800" lon="13.7789900"><ele>1753.033</ele><time>2024-02-09T09:17:39Z</time></trkpt>
			<trkpt lat="42.3622700" lon="13.7790000"><ele>1753.349</ele><time>2024-02-09T09:17:39Z</time></trkpt>
			<trkpt lat="42.3622600" lon="13.7790100"><ele>1753.675</ele><time>2024-02-09T09:17:39Z</time></trkpt>
			<trkpt lat="42.3622500" lon="13.7790100"><ele>1754.026</ele><time>2024-02-09T09:17:39Z</time></trkpt>
			<trkpt lat="42.3622500" lon="13.7790100"><ele>1754.026</ele><time>2024-02-09T09:17:39Z</time></trkpt>
			<trkpt lat="42.3622400" lon="13.7790100"><ele>1754.376</ele><time>2024-02-09T09:17:39Z</time></trkpt>
			<trkpt lat="42.3622300" lon="13.7789900"><ele>1754.735</ele><time>2024-02-09T09:17:39Z</time></trkpt>
			<trkpt lat="42.3622300" lon="13.7789800"><ele>1754.739</ele><time>2024-02-09T09:17:39Z</time></trkpt>
			<trkpt lat="42.3622200" lon="13.7789800"><ele>1754.986</ele><time>2024-02-09T09:17:39Z</time></trkpt>
			<trkpt lat="42.3622200" lon="13.7789700"><ele>1754.982</ele><time>2024-02-09T09:17:39Z</time></trkpt>
			<trkpt lat="42.3622100" lon="13.7789800"><ele>1754.924</ele><time>2024-02-09T09:17:39Z</time></trkpt>
			<trkpt lat="42.3621900" lon="13.7790000"><ele>1754.907</ele><time>2024-02-09T09:17:39Z</time></trkpt>
			<trkpt lat="42.3621700" lon="13.7790200"><ele>1755.026</ele><time>2024-02-09T09:17:39Z</time></trkpt>
			<trkpt lat="42.3621500" lon="13.7790400"><ele>1755.279</ele><time>2024-02-09T09:17:39Z</time></trkpt>
			<trkpt lat="42.3621300" lon="13.7790900"><ele>1756.133</ele><time>2024-02-09T09:17:39Z</time></trkpt>
			<trkpt lat="42.3621100" lon="13.7791200"><ele>1756.946</ele><time>2024-02-09T09:17:39Z</time></trkpt>
			<trkpt lat="42.3620900" lon="13.7791300"><ele>1757.515</ele><time>2024-02-09T09:17:39Z</time></trkpt>
			<trkpt lat="42.3620400" lon="13.7791600"><ele>1759.387</ele><time>2024-02-09T09:17:39Z</time></trkpt>
			<trkpt lat="42.3620000" lon="13.7791800"><ele>1760.648</ele><time>2024-02-09T09:17:39Z</time></trkpt>
			<trkpt lat="42.3619700" lon="13.7792100"><ele>1761.596</ele><time>2024-02-09T09:17:39Z</time></trkpt>
			<trkpt lat="42.3619500" lon="13.7792300"><ele>1762.293</ele><time>2024-02-09T09:17:39Z</time></trkpt>
			<trkpt lat="42.3619400" lon="13.7792500"><ele>1762.542</ele><time>2024-02-09T09:17:39Z</time></trkpt>
			<trkpt lat="42.3619100" lon="13.7792700"><ele>1762.369</ele><time>2024-02-09T09:17:39Z</time></trkpt>
			<trkpt lat="42.3619000" lon="13.7793000"><ele>1762.614</ele><time>2024-02-09T09:17:39Z</time></trkpt>
			<trkpt lat="42.3618700" lon="13.7793200"><ele>1762.679</ele><time>2024-02-09T09:17:39Z</time></trkpt>
			<trkpt lat="42.3618400" lon="13.7793500"><ele>1763.049</ele><time>2024-02-09T09:17:39Z</time></trkpt>
			<trkpt lat="42.3618100" lon="13.7793800"><ele>1763.606</ele><time>2024-02-09T09:17:39Z</time></trkpt>
			<trkpt lat="42.3618000" lon="13.7793900"><ele>1763.833</ele><time>2024-02-09T09:17:39Z</time></trkpt>
			<trkpt lat="42.3617900" lon="13.7794000"><ele>1764.08</ele><time>2024-02-09T09:17:39Z</time></trkpt>
			<trkpt lat="42.3617900" lon="13.7794100"><ele>1764.312</ele><time>2024-02-09T09:17:39Z</time></trkpt>
			<trkpt lat="42.3617900" lon="13.7794200"><ele>1764.545</ele><time>2024-02-09T09:17:39Z</time></trkpt>
			<trkpt lat="42.3618000" lon="13.7794400"><ele>1764.941</ele><time>2024-02-09T09:17:39Z</time></trkpt>
			<trkpt lat="42.3617900" lon="13.7794500"><ele>1765.119</ele><time>2024-02-09T09:17:39Z</time></trkpt>
			<trkpt lat="42.3617800" lon="13.7794600"><ele>1765.215</ele><time>2024-02-09T09:17:39Z</time></trkpt>
			<trkpt lat="42.3617700" lon="13.7794700"><ele>1765.327</ele><time>2024-02-09T09:17:39Z</time></trkpt>
			<trkpt lat="42.3617500" lon="13.7794700"><ele>1765.51</ele><time>2024-02-09T09:17:39Z</time></trkpt>
			<trkpt lat="42.3617400" lon="13.7794700"><ele>1765.602</ele><time>2024-02-09T09:17:39Z</time></trkpt>
			<trkpt lat="42.3617300" lon="13.7794900"><ele>1765.812</ele><time>2024-02-09T09:17:39Z</time></trkpt>
			<trkpt lat="42.3617300" lon="13.7795000"><ele>1765.87</ele><time>2024-02-09T09:17:39Z</time></trkpt>
			<trkpt lat="42.3617200" lon="13.7795100"><ele>1766.052</ele><time>2024-02-09T09:17:39Z</time></trkpt>
			<trkpt lat="42.3617100" lon="13.7795200"><ele>1766.249</ele><time>2024-02-09T09:17:39Z</time></trkpt>
			<trkpt lat="42.3617000" lon="13.7795300"><ele>1766.462</ele><time>2024-02-09T09:17:39Z</time></trkpt>
			<trkpt lat="42.3616700" lon="13.7795100"><ele>1766.667</ele><time>2024-02-09T09:17:39Z</time></trkpt>
			<trkpt lat="42.3616400" lon="13.7795300"><ele>1766.607</ele><time>2024-02-09T09:17:39Z</time></trkpt>
			<trkpt lat="42.3616100" lon="13.7795500"><ele>1766.642</ele><time>2024-02-09T09:17:39Z</time></trkpt>
			<trkpt lat="42.3615800" lon="13.7795500"><ele>1766.379</ele><time>2024-02-09T09:17:39Z</time></trkpt>
			<trkpt lat="42.3615500" lon="13.7795500"><ele>1766.115</ele><time>2024-02-09T09:17:39Z</time></trkpt>
			<trkpt lat="42.3615300" lon="13.7795700"><ele>1766.581</ele><time>2024-02-09T09:17:39Z</time></trkpt>
			<trkpt lat="42.3615200" lon="13.7795700"><ele>1766.524</ele><time>2024-02-09T09:17:39Z</time></trkpt>
			<trkpt lat="42.3615000" lon="13.7795600"><ele>1766.043</ele><time>2024-02-09T09:17:39Z</time></trkpt>
			<trkpt lat="42.3614700" lon="13.7795600"><ele>1765.826</ele><time>2024-02-09T09:17:39Z</time></trkpt>
			<trkpt lat="42.3614400" lon="13.7795700"><ele>1766.07</ele><time>2024-02-09T09:17:39Z</time></trkpt>
			<trkpt lat="42.3613800" lon="13.7795900"><ele>1766.73</ele><time>2024-02-09T09:17:39Z</time></trkpt>
			<trkpt lat="42.3613600" lon="13.7796000"><ele>1766.972</ele><time>2024-02-09T09:17:39Z</time></trkpt>
			<trkpt lat="42.3613400" lon="13.7796100"><ele>1767.202</ele><time>2024-02-09T09:17:39Z</time></trkpt>
			<trkpt lat="42.3613200" lon="13.7796300"><ele>1767.945</ele><time>2024-02-09T09:17:39Z</time></trkpt>
			<trkpt lat="42.3613100" lon="13.7796600"><ele>1769.347</ele><time>2024-02-09T09:17:39Z</time></trkpt>
			<trkpt lat="42.3613000" lon="13.7796800"><ele>1770.217</ele><time>2024-02-09T09:17:39Z</time></trkpt>
			<trkpt lat="42.3612900" lon="13.7797000"><ele>1771.077</ele><time>2024-02-09T09:17:39Z</time></trkpt>
			<trkpt lat="42.3612900" lon="13.7797300"><ele>1772.382</ele><time>2024-02-09T09:17:39Z</time></trkpt>
			<trkpt lat="42.3612800" lon="13.7797400"><ele>1772.421</ele><time>2024-02-09T09:17:39Z</time></trkpt>
			<trkpt lat="42.3612700" lon="13.7797800"><ele>1773.137</ele><time>2024-02-09T09:17:39Z</time></trkpt>
			<trkpt lat="42.3612800" lon="13.7798300"><ele>1774.352</ele><time>2024-02-09T09:17:39Z</time></trkpt>
			<trkpt lat="42.3612900" lon="13.7798800"><ele>1775.503</ele><time>2024-02-09T09:17:39Z</time></trkpt>
			<trkpt lat="42.3613000" lon="13.7799100"><ele>1776.186</ele><time>2024-02-09T09:17:39Z</time></trkpt>
			<trkpt lat="42.3612900" lon="13.7799500"><ele>1776.96</ele><time>2024-02-09T09:17:39Z</time></trkpt>
			<trkpt lat="42.3612800" lon="13.7799800"><ele>1777.571</ele><time>2024-02-09T09:17:39Z</time></trkpt>
			<trkpt lat="42.3612600" lon="13.7799800"><ele>1777.545</ele><time>2024-02-09T09:17:39Z</time></trkpt>
			<trkpt lat="42.3612300" lon="13.7799900"><ele>1777.753</ele><time>2024-02-09T09:17:39Z</time></trkpt>
			<trkpt lat="42.3612000" lon="13.7800000"><ele>1778</ele><time>2024-02-09T09:17:39Z</time></trkpt>
			<trkpt lat="42.3611700" lon="13.7800000"><ele>1778</ele><time>2024-02-09T09:17:39Z</time></trkpt>
			<trkpt lat="42.3611500" lon="13.7800200"><ele>1777.796</ele><time>2024-02-09T09:17:39Z</time></trkpt>
			<trkpt lat="42.3611300" lon="13.7800400"><ele>1777.653</ele><time>2024-02-09T09:17:39Z</time></trkpt>
			<trkpt lat="42.3611000" lon="13.7800600"><ele>1777.557</ele><time>2024-02-09T09:17:39Z</time></trkpt>
			<trkpt lat="42.3610600" lon="13.7800600"><ele>1777.518</ele><time>2024-02-09T09:17:39Z</time></trkpt>
			<trkpt lat="42.3610500" lon="13.7800600"><ele>1777.508</ele><time>2024-02-09T09:17:39Z</time></trkpt>
			<trkpt lat="42.3610300" lon="13.7800800"><ele>1777.513</ele><time>2024-02-09T09:17:39Z</time></trkpt>
			<trkpt lat="42.3610200" lon="13.7800900"><ele>1777.546</ele><time>2024-02-09T09:17:39Z</time></trkpt>
			<trkpt lat="42.3610000" lon="13.7801100"><ele>1777.675</ele><time>2024-02-09T09:17:39Z</time></trkpt>
			<trkpt lat="42.3609800" lon="13.7801400"><ele>1777.951</ele><time>2024-02-09T09:17:39Z</time></trkpt>
			<trkpt lat="42.3609700" lon="13.7801600"><ele>1778.173</ele><time>2024-02-09T09:17:39Z</time></trkpt>
			<trkpt lat="42.3609600" lon="13.7801700"><ele>1778.351</ele><time>2024-02-09T09:17:39Z</time></trkpt>
			<trkpt lat="42.3609500" lon="13.7801900"><ele>1778.646</ele><time>2024-02-09T09:17:39Z</time></trkpt>
			<trkpt lat="42.3609300" lon="13.7802000"><ele>1779.012</ele><time>2024-02-09T09:17:39Z</time></trkpt>
			<trkpt lat="42.3609200" lon="13.7802000"><ele>1779.147</ele><time>2024-02-09T09:17:39Z</time></trkpt>
			<trkpt lat="42.3609000" lon="13.7801900"><ele>1779.271</ele><time>2024-02-09T09:17:39Z</time></trkpt>
			<trkpt lat="42.3608900" lon="13.7801900"><ele>1779.396</ele><time>2024-02-09T09:17:39Z</time></trkpt>
			<trkpt lat="42.3608800" lon="13.7801900"><ele>1779.521</ele><time>2024-02-09T09:17:39Z</time></trkpt>
			<trkpt lat="42.3608600" lon="13.7801900"><ele>1779.771</ele><time>2024-02-09T09:17:39Z</time></trkpt>
			<trkpt lat="42.3608500" lon="13.7801900"><ele>1779.896</ele><time>2024-02-09T09:17:39Z</time></trkpt>
			<trkpt lat="42.3608400" lon="13.7801800"><ele>1779.812</ele><time>2024-02-09T09:17:39Z</time></trkpt>
			<trkpt lat="42.3608400" lon="13.7801700"><ele>1779.602</ele><time>2024-02-09T09:17:39Z</time></trkpt>
			<trkpt lat="42.3608200" lon="13.7801400"><ele>1778.953</ele><time>2024-02-09T09:17:39Z</time></trkpt>
			<trkpt lat="42.3608000" lon="13.7801300"><ele>1778.616</ele><time>2024-02-09T09:17:39Z</time></trkpt>
			<trkpt lat="42.3607700" lon="13.7801400"><ele>1778.685</ele><time>2024-02-09T09:17:39Z</time></trkpt>
			<trkpt lat="42.3607500" lon="13.7801600"><ele>1779.074</ele><time>2024-02-09T09:17:39Z</time></trkpt>
			<trkpt lat="42.3607400" lon="13.7802000"><ele>1780.038</ele><time>2024-02-09T09:17:39Z</time></trkpt>
			<trkpt lat="42.3607400" lon="13.7802100"><ele>1780.29</ele><time>2024-02-09T09:17:39Z</time></trkpt>
			<trkpt lat="42.3607100" lon="13.7802300"><ele>1780.739</ele><time>2024-02-09T09:17:39Z</time></trkpt>
			<trkpt lat="42.3606800" lon="13.7802700"><ele>1781.786</ele><time>2024-02-09T09:17:39Z</time></trkpt>
			<trkpt lat="42.3606700" lon="13.7803000"><ele>1781.821</ele><time>2024-02-09T09:17:39Z</time></trkpt>
			<trkpt lat="42.3606600" lon="13.7803200"><ele>1781.677</ele><time>2024-02-09T09:17:39Z</time></trkpt>
			<trkpt lat="42.3606400" lon="13.7803200"><ele>1781.709</ele><time>2024-02-09T09:17:39Z</time></trkpt>
			<trkpt lat="42.3606200" lon="13.7803000"><ele>1781.864</ele><time>2024-02-09T09:17:39Z</time></trkpt>
			<trkpt lat="42.3605800" lon="13.7803000"><ele>1781.899</ele><time>2024-02-09T09:17:39Z</time></trkpt>
			<trkpt lat="42.3605400" lon="13.7803100"><ele>1781.679</ele><time>2024-02-09T09:17:39Z</time></trkpt>
			<trkpt lat="42.3605100" lon="13.7803500"><ele>1781.212</ele><time>2024-02-09T09:17:39Z</time></trkpt>
			<trkpt lat="42.3604800" lon="13.7804000"><ele>1780.831</ele><time>2024-02-09T09:17:39Z</time></trkpt>
			<trkpt lat="42.3604800" lon="13.7804500"><ele>1780.798</ele><time>2024-02-09T09:17:39Z</time></trkpt>
			<trkpt lat="42.3604700" lon="13.7805000"><ele>1780.707</ele><time>2024-02-09T09:17:39Z</time></trkpt>
			<trkpt lat="42.3604200" lon="13.7805500"><ele>1780.503</ele><time>2024-02-09T09:17:39Z</time></trkpt>
			<trkpt lat="42.3603800" lon="13.7806000"><ele>1780.074</ele><time>2024-02-09T09:17:39Z</time></trkpt>
			<trkpt lat="42.3603600" lon="13.7806400"><ele>1779.846</ele><time>2024-02-09T09:17:39Z</time></trkpt>
			<trkpt lat="42.3603100" lon="13.7806800"><ele>1779.856</ele><time>2024-02-09T09:17:39Z</time></trkpt>
			<trkpt lat="42.3602900" lon="13.7806800"><ele>1779.945</ele><time>2024-02-09T09:17:39Z</time></trkpt>
			<trkpt lat="42.3602500" lon="13.7806600"><ele>1780.2</ele><time>2024-02-09T09:17:39Z</time></trkpt>
			<trkpt lat="42.3602100" lon="13.7806400"><ele>1780.488</ele><time>2024-02-09T09:17:39Z</time></trkpt>
			<trkpt lat="42.3601800" lon="13.7806500"><ele>1780.704</ele><time>2024-02-09T09:17:39Z</time></trkpt>
			<trkpt lat="42.3601600" lon="13.7806500"><ele>1780.848</ele><time>2024-02-09T09:17:39Z</time></trkpt>
			<trkpt lat="42.3601300" lon="13.7806400"><ele>1781.064</ele><time>2024-02-09T09:17:39Z</time></trkpt>
			<trkpt lat="42.3601000" lon="13.7806200"><ele>1781.28</ele><time>2024-02-09T09:17:39Z</time></trkpt>
			<trkpt lat="42.3600600" lon="13.7806000"><ele>1781.568</ele><time>2024-02-09T09:17:39Z</time></trkpt>
			<trkpt lat="42.3600200" lon="13.7805800"><ele>1781.856</ele><time>2024-02-09T09:17:39Z</time></trkpt>
			<trkpt lat="42.3599600" lon="13.7806000"><ele>1782.628</ele><time>2024-02-09T09:17:39Z</time></trkpt>
			<trkpt lat="42.3599300" lon="13.7806000"><ele>1783.099</ele><time>2024-02-09T09:17:39Z</time></trkpt>
			<trkpt lat="42.3599100" lon="13.7805600"><ele>1783.599</ele><time>2024-02-09T09:17:39Z</time></trkpt>
			<trkpt lat="42.3598900" lon="13.7805300"><ele>1783.411</ele><time>2024-02-09T09:17:39Z</time></trkpt>
			<trkpt lat="42.3598500" lon="13.7805200"><ele>1783.853</ele><time>2024-02-09T09:17:39Z</time></trkpt>
			<trkpt lat="42.3598200" lon="13.7805500"><ele>1785.101</ele><time>2024-02-09T09:17:39Z</time></trkpt>
			<trkpt lat="42.3598000" lon="13.7805200"><ele>1784.684</ele><time>2024-02-09T09:17:39Z</time></trkpt>
			<trkpt lat="42.3597200" lon="13.7805200"><ele>1786.008</ele><time>2024-02-09T09:17:39Z</time></trkpt>
			<trkpt lat="42.3596900" lon="13.7805200"><ele>1786.443</ele><time>2024-02-09T09:17:39Z</time></trkpt>
			<trkpt lat="42.3596500" lon="13.7805300"><ele>1787.235</ele><time>2024-02-09T09:17:39Z</time></trkpt>
			<trkpt lat="42.3596100" lon="13.7805200"><ele>1787.602</ele><time>2024-02-09T09:17:39Z</time></trkpt>
			<trkpt lat="42.3595700" lon="13.7805400"><ele>1788.442</ele><time>2024-02-09T09:17:39Z</time></trkpt>
			<trkpt lat="42.3595300" lon="13.7805400"><ele>1788.938</ele><time>2024-02-09T09:17:39Z</time></trkpt>
			<trkpt lat="42.3594800" lon="13.7805100"><ele>1789.448</ele><time>2024-02-09T09:17:39Z</time></trkpt>
			<trkpt lat="42.3594400" lon="13.7804900"><ele>1790.038</ele><time>2024-02-09T09:17:39Z</time></trkpt>
			<trkpt lat="42.3594200" lon="13.7804900"><ele>1790.207</ele><time>2024-02-09T09:17:39Z</time></trkpt>
			<trkpt lat="42.3593700" lon="13.7804800"><ele>1790.562</ele><time>2024-02-09T09:17:39Z</time></trkpt>
			<trkpt lat="42.3593300" lon="13.7804500"><ele>1790.552</ele><time>2024-02-09T09:17:39Z</time></trkpt>
			<trkpt lat="42.3593000" lon="13.7804700"><ele>1790.959</ele><time>2024-02-09T09:17:39Z</time></trkpt>
			<trkpt lat="42.3592500" lon="13.7804900"><ele>1791.644</ele><time>2024-02-09T09:17:39Z</time></trkpt>
			<trkpt lat="42.3592000" lon="13.7805200"><ele>1792.732</ele><time>2024-02-09T09:17:39Z</time></trkpt>
			<trkpt lat="42.3591700" lon="13.7805500"><ele>1793.814</ele><time>2024-02-09T09:17:39Z</time></trkpt>
			<trkpt lat="42.3591500" lon="13.7805800"><ele>1793.017</ele><time>2024-02-09T09:17:39Z</time></trkpt>
			<trkpt lat="42.3591100" lon="13.7806400"><ele>1791.064</ele><time>2024-02-09T09:17:39Z</time></trkpt>
			<trkpt lat="42.3590200" lon="13.7806900"><ele>1789.472</ele><time>2024-02-09T09:17:39Z</time></trkpt>
			<trkpt lat="42.3589600" lon="13.7807200"><ele>1789.052</ele><time>2024-02-09T09:17:39Z</time></trkpt>
			<trkpt lat="42.3589000" lon="13.7807900"><ele>1789.474</ele><time>2024-02-09T09:17:39Z</time></trkpt>
			<trkpt lat="42.3588900" lon="13.7808200"><ele>1789.846</ele><time>2024-02-09T09:17:39Z</time></trkpt>
			<trkpt lat="42.3588100" lon="13.7808600"><ele>1789.886</ele><time>2024-02-09T09:17:39Z</time></trkpt>
			<trkpt lat="42.3587600" lon="13.7809000"><ele>1789.598</ele><time>2024-02-09T09:17:39Z</time></trkpt>
			<trkpt lat="42.3587300" lon="13.7809200"><ele>1789.547</ele><time>2024-02-09T09:17:39Z</time></trkpt>
			<trkpt lat="42.3586900" lon="13.7809200"><ele>1789.826</ele><time>2024-02-09T09:17:39Z</time></trkpt>
			<trkpt lat="42.3586600" lon="13.7809300"><ele>1789.944</ele><time>2024-02-09T09:17:39Z</time></trkpt>
			<trkpt lat="42.3586100" lon="13.7809400"><ele>1790.21</ele><time>2024-02-09T09:17:39Z</time></trkpt>
			<trkpt lat="42.3585900" lon="13.7809600"><ele>1789.716</ele><time>2024-02-09T09:17:39Z</time></trkpt>
			<trkpt lat="42.3585600" lon="13.7809700"><ele>1789.175</ele><time>2024-02-09T09:17:39Z</time></trkpt>
			<trkpt lat="42.3585500" lon="13.7809700"><ele>1789.01</ele><time>2024-02-09T09:17:39Z</time></trkpt>
			<trkpt lat="42.3585300" lon="13.7810000"><ele>1788.749</ele><time>2024-02-09T09:17:39Z</time></trkpt>
			<trkpt lat="42.3585200" lon="13.7810200"><ele>1788.688</ele><time>2024-02-09T09:17:39Z</time></trkpt>
			<trkpt lat="42.3585100" lon="13.7810400"><ele>1788.673</ele><time>2024-02-09T09:17:39Z</time></trkpt>
			<trkpt lat="42.3585000" lon="13.7810600"><ele>1788.706</ele><time>2024-02-09T09:17:39Z</time></trkpt>
			<trkpt lat="42.3584900" lon="13.7810800"><ele>1788.785</ele><time>2024-02-09T09:17:39Z</time></trkpt>
			<trkpt lat="42.3584700" lon="13.7810800"><ele>1788.712</ele><time>2024-02-09T09:17:39Z</time></trkpt>
			<trkpt lat="42.3584500" lon="13.7810900"><ele>1788.755</ele><time>2024-02-09T09:17:39Z</time></trkpt>
			<trkpt lat="42.3584300" lon="13.7811000"><ele>1788.845</ele><time>2024-02-09T09:17:39Z</time></trkpt>
			<trkpt lat="42.3584100" lon="13.7811300"><ele>1788.672</ele><time>2024-02-09T09:17:39Z</time></trkpt>
			<trkpt lat="42.3583900" lon="13.7811400"><ele>1788.52</ele><time>2024-02-09T09:17:39Z</time></trkpt>
			<trkpt lat="42.3583600" lon="13.7811500"><ele>1788.4</ele><time>2024-02-09T09:17:39Z</time></trkpt>
			<trkpt lat="42.3583400" lon="13.7811600"><ele>1788.283</ele><time>2024-02-09T09:17:39Z</time></trkpt>
			<trkpt lat="42.3583200" lon="13.7811900"><ele>1787.747</ele><time>2024-02-09T09:17:39Z</time></trkpt>
			<trkpt lat="42.3582800" lon="13.7812200"><ele>1787.149</ele><time>2024-02-09T09:17:39Z</time></trkpt>
			<trkpt lat="42.3582400" lon="13.7812400"><ele>1786.867</ele><time>2024-02-09T09:17:39Z</time></trkpt>
			<trkpt lat="42.3582100" lon="13.7812400"><ele>1786.778</ele><time>2024-02-09T09:17:39Z</time></trkpt>
			<trkpt lat="42.3581900" lon="13.7812500"><ele>1786.742</ele><time>2024-02-09T09:17:39Z</time></trkpt>
			<trkpt lat="42.3581200" lon="13.7812800"><ele>1786.93</ele><time>2024-02-09T09:17:39Z</time></trkpt>
			<trkpt lat="42.3580900" lon="13.7813000"><ele>1787.261</ele><time>2024-02-09T09:17:39Z</time></trkpt>
			<trkpt lat="42.3580500" lon="13.7813200"><ele>1787.705</ele><time>2024-02-09T09:17:39Z</time></trkpt>
			<trkpt lat="42.3580200" lon="13.7813300"><ele>1787.603</ele><time>2024-02-09T09:17:39Z</time></trkpt>
			<trkpt lat="42.3579900" lon="13.7813500"><ele>1787.729</ele><time>2024-02-09T09:17:39Z</time></trkpt>
			<trkpt lat="42.3579400" lon="13.7813600"><ele>1787.518</ele><time>2024-02-09T09:17:39Z</time></trkpt>
			<trkpt lat="42.3578900" lon="13.7813700"><ele>1787.346</ele><time>2024-02-09T09:17:39Z</time></trkpt>
			<trkpt lat="42.3578500" lon="13.7813800"><ele>1787.289</ele><time>2024-02-09T09:17:39Z</time></trkpt>
			<trkpt lat="42.3578200" lon="13.7814000"><ele>1787.194</ele><time>2024-02-09T09:17:39Z</time></trkpt>
			<trkpt lat="42.3577900" lon="13.7814200"><ele>1786.839</ele><time>2024-02-09T09:17:39Z</time></trkpt>
			<trkpt lat="42.3577600" lon="13.7814500"><ele>1786.324</ele><time>2024-02-09T09:17:39Z</time></trkpt>
			<trkpt lat="42.3577200" lon="13.7814800"><ele>1785.713</ele><time>2024-02-09T09:17:39Z</time></trkpt>
			<trkpt lat="42.3576900" lon="13.7815100"><ele>1785.375</ele><time>2024-02-09T09:17:39Z</time></trkpt>
			<trkpt lat="42.3576600" lon="13.7815400"><ele>1785.176</ele><time>2024-02-09T09:17:39Z</time></trkpt>
			<trkpt lat="42.3576200" lon="13.7815700"><ele>1785.078</ele><time>2024-02-09T09:17:39Z</time></trkpt>
			<trkpt lat="42.3575800" lon="13.7816100"><ele>1785.249</ele><time>2024-02-09T09:17:39Z</time></trkpt>
			<trkpt lat="42.3575700" lon="13.7816400"><ele>1785.509</ele><time>2024-02-09T09:17:39Z</time></trkpt>
			<trkpt lat="42.3575400" lon="13.7816600"><ele>1785.781</ele><time>2024-02-09T09:17:39Z</time></trkpt>
			<trkpt lat="42.3575200" lon="13.7816800"><ele>1785.637</ele><time>2024-02-09T09:17:39Z</time></trkpt>
			<trkpt lat="42.3575000" lon="13.7817000"><ele>1785.28</ele><time>2024-02-09T09:17:39Z</time></trkpt>
			<trkpt lat="42.3574800" lon="13.7817200"><ele>1784.338</ele><time>2024-02-09T09:17:39Z</time></trkpt>
			<trkpt lat="42.3574800" lon="13.7817300"><ele>1784.148</ele><time>2024-02-09T09:17:39Z</time></trkpt>
			<trkpt lat="42.3575000" lon="13.7817500"><ele>1784.2</ele><time>2024-02-09T09:17:39Z</time></trkpt>
			<trkpt lat="42.3575000" lon="13.7817600"><ele>1783.984</ele><time>2024-02-09T09:17:39Z</time></trkpt>
			<trkpt lat="42.3574800" lon="13.7817800"><ele>1783.198</ele><time>2024-02-09T09:17:39Z</time></trkpt>
			<trkpt lat="42.3574600" lon="13.7818100"><ele>1782.351</ele><time>2024-02-09T09:17:39Z</time></trkpt>
			<trkpt lat="42.3574500" lon="13.7818200"><ele>1782.062</ele><time>2024-02-09T09:17:39Z</time></trkpt>
			<trkpt lat="42.3574500" lon="13.7818400"><ele>1781.759</ele><time>2024-02-09T09:17:39Z</time></trkpt>
			<trkpt lat="42.3574500" lon="13.7818500"><ele>1781.608</ele><time>2024-02-09T09:17:39Z</time></trkpt>
			<trkpt lat="42.3574400" lon="13.7818600"><ele>1781.383</ele><time>2024-02-09T09:17:39Z</time></trkpt>
			<trkpt lat="42.3574300" lon="13.7818700"><ele>1781.185</ele><time>2024-02-09T09:17:39Z</time></trkpt>
			<trkpt lat="42.3574100" lon="13.7818800"><ele>1780.964</ele><time>2024-02-09T09:17:39Z</time></trkpt>
			<trkpt lat="42.3574000" lon="13.7818800"><ele>1780.917</ele><time>2024-02-09T09:17:39Z</time></trkpt>
			<trkpt lat="42.3573900" lon="13.7818800"><ele>1780.869</ele><time>2024-02-09T09:17:39Z</time></trkpt>
			<trkpt lat="42.3573800" lon="13.7818800"><ele>1780.822</ele><time>2024-02-09T09:17:39Z</time></trkpt>
			<trkpt lat="42.3573700" lon="13.7818900"><ele>1780.727</ele><time>2024-02-09T09:17:39Z</time></trkpt>
			<trkpt lat="42.3573700" lon="13.7819000"><ele>1780.679</ele><time>2024-02-09T09:17:39Z</time></trkpt>
			<trkpt lat="42.3573600" lon="13.7819100"><ele>1780.623</ele><time>2024-02-09T09:17:39Z</time></trkpt>
			<trkpt lat="42.3573400" lon="13.7819200"><ele>1780.597</ele><time>2024-02-09T09:17:39Z</time></trkpt>
			<trkpt lat="42.3573300" lon="13.7819300"><ele>1780.606</ele><time>2024-02-09T09:17:39Z</time></trkpt>
			<trkpt lat="42.3573100" lon="13.7819500"><ele>1780.571</ele><time>2024-02-09T09:17:39Z</time></trkpt>
			<trkpt lat="42.3573000" lon="13.7819500"><ele>1780.609</ele><time>2024-02-09T09:17:39Z</time></trkpt>
			<trkpt lat="42.3572900" lon="13.7819700"><ele>1780.251</ele><time>2024-02-09T09:17:39Z</time></trkpt>
			<trkpt lat="42.3572900" lon="13.7819800"><ele>1780.054</ele><time>2024-02-09T09:17:39Z</time></trkpt>
			<trkpt lat="42.3572800" lon="13.7819700"><ele>1780.294</ele><time>2024-02-09T09:17:39Z</time></trkpt>
			<trkpt lat="42.3572800" lon="13.7819700"><ele>1780.294</ele><time>2024-02-09T09:17:39Z</time></trkpt>
			<trkpt lat="42.3572700" lon="13.7819600"><ele>1780.529</ele><time>2024-02-09T09:17:39Z</time></trkpt>
			<trkpt lat="42.3572600" lon="13.7819500"><ele>1780.759</ele><time>2024-02-09T09:17:39Z</time></trkpt>
			<trkpt lat="42.3572600" lon="13.7819400"><ele>1780.822</ele><time>2024-02-09T09:17:39Z</time></trkpt>
			<trkpt lat="42.3572500" lon="13.7819400"><ele>1780.852</ele><time>2024-02-09T09:17:39Z</time></trkpt>
			<trkpt lat="42.3572500" lon="13.7819400"><ele>1780.852</ele><time>2024-02-09T09:17:39Z</time></trkpt>
			<trkpt lat="42.3572400" lon="13.7819600"><ele>1780.649</ele><time>2024-02-09T09:17:39Z</time></trkpt>
			<trkpt lat="42.3572300" lon="13.7819800"><ele>1780.325</ele><time>2024-02-09T09:17:39Z</time></trkpt>
			<trkpt lat="42.3572100" lon="13.7820100"><ele>1779.481</ele><time>2024-02-09T09:17:39Z</time></trkpt>
			<trkpt lat="42.3571900" lon="13.7820400"><ele>1778.563</ele><time>2024-02-09T09:17:39Z</time></trkpt>
			<trkpt lat="42.3571700" lon="13.7820800"><ele>1777.776</ele><time>2024-02-09T09:17:39Z</time></trkpt>
			<trkpt lat="42.3571600" lon="13.7821100"><ele>1777.425</ele><time>2024-02-09T09:17:39Z</time></trkpt>
			<trkpt lat="42.3571400" lon="13.7821200"><ele>1777.203</ele><time>2024-02-09T09:17:39Z</time></trkpt>
			<trkpt lat="42.3571300" lon="13.7821500"><ele>1777.088</ele><time>2024-02-09T09:17:39Z</time></trkpt>
			<trkpt lat="42.3571200" lon="13.7821700"><ele>1777.075</ele><time>2024-02-09T09:17:39Z</time></trkpt>
			<trkpt lat="42.3570900" lon="13.7822200"><ele>1777.415</ele><time>2024-02-09T09:17:39Z</time></trkpt>
			<trkpt lat="42.3570600" lon="13.7822600"><ele>1777.151</ele><time>2024-02-09T09:17:39Z</time></trkpt>
			<trkpt lat="42.3570500" lon="13.7822700"><ele>1777.107</ele><time>2024-02-09T09:17:39Z</time></trkpt>
			<trkpt lat="42.3570200" lon="13.7822800"><ele>1777.295</ele><time>2024-02-09T09:17:39Z</time></trkpt>
			<trkpt lat="42.3569900" lon="13.7823000"><ele>1777.342</ele><time>2024-02-09T09:17:39Z</time></trkpt>
			<trkpt lat="42.3569600" lon="13.7823200"><ele>1777.404</ele><time>2024-02-09T09:17:39Z</time></trkpt>
			<trkpt lat="42.3569500" lon="13.7823300"><ele>1777.38</ele><time>2024-02-09T09:17:39Z</time></trkpt>
			<trkpt lat="42.3569300" lon="13.7823400"><ele>1776.774</ele><time>2024-02-09T09:17:39Z</time></trkpt>
			<trkpt lat="42.3569100" lon="13.7823600"><ele>1775.834</ele><time>2024-02-09T09:17:39Z</time></trkpt>
			<trkpt lat="42.3568900" lon="13.7823900"><ele>1774.905</ele><time>2024-02-09T09:17:39Z</time></trkpt>
			<trkpt lat="42.3568800" lon="13.7824100"><ele>1774.459</ele><time>2024-02-09T09:17:39Z</time></trkpt>
			<trkpt lat="42.3568400" lon="13.7824400"><ele>1773.253</ele><time>2024-02-09T09:17:39Z</time></trkpt>
			<trkpt lat="42.3568300" lon="13.7824500"><ele>1772.993</ele><time>2024-02-09T09:17:39Z</time></trkpt>
			<trkpt lat="42.3568100" lon="13.7824600"><ele>1772.529</ele><time>2024-02-09T09:17:39Z</time></trkpt>
			<trkpt lat="42.3568000" lon="13.7824600"><ele>1772.302</ele><time>2024-02-09T09:17:39Z</time></trkpt>
			<trkpt lat="42.3567900" lon="13.7824800"><ele>1772.148</ele><time>2024-02-09T09:17:39Z</time></trkpt>
			<trkpt lat="42.3567700" lon="13.7825000"><ele>1771.86</ele><time>2024-02-09T09:17:39Z</time></trkpt>
			<trkpt lat="42.3567700" lon="13.7825200"><ele>1771.574</ele><time>2024-02-09T09:17:39Z</time></trkpt>
			<trkpt lat="42.3567600" lon="13.7825400"><ele>1771.149</ele><time>2024-02-09T09:17:39Z</time></trkpt>
			<trkpt lat="42.3567500" lon="13.7825500"><ele>1770.888</ele><time>2024-02-09T09:17:39Z</time></trkpt>
			<trkpt lat="42.3567500" lon="13.7825500"><ele>1770.888</ele><time>2024-02-09T09:17:39Z</time></trkpt>
			<trkpt lat="42.3567200" lon="13.7825600"><ele>1770.412</ele><time>2024-02-09T09:17:39Z</time></trkpt>
			<trkpt lat="42.3567100" lon="13.7825500"><ele>1770.375</ele><time>2024-02-09T09:17:39Z</time></trkpt>
			<trkpt lat="42.3566900" lon="13.7825500"><ele>1770.119</ele><time>2024-02-09T09:17:39Z</time></trkpt>
			<trkpt lat="42.3566600" lon="13.7825600"><ele>1769.633</ele><time>2024-02-09T09:17:39Z</time></trkpt>
			<trkpt lat="42.3566400" lon="13.7825700"><ele>1769.174</ele><time>2024-02-09T09:17:39Z</time></trkpt>
			<trkpt lat="42.3566200" lon="13.7825700"><ele>1768.743</ele><time>2024-02-09T09:17:39Z</time></trkpt>
			<trkpt lat="42.3566100" lon="13.7825800"><ele>1768.55</ele><time>2024-02-09T09:17:39Z</time></trkpt>
			<trkpt lat="42.3566000" lon="13.7825900"><ele>1768.378</ele><time>2024-02-09T09:17:39Z</time></trkpt>
			<trkpt lat="42.3565900" lon="13.7825900"><ele>1768.183</ele><time>2024-02-09T09:17:39Z</time></trkpt>
			<trkpt lat="42.3565800" lon="13.7825800"><ele>1767.935</ele><time>2024-02-09T09:17:39Z</time></trkpt>
			<trkpt lat="42.3565800" lon="13.7825900"><ele>1767.989</ele><time>2024-02-09T09:17:39Z</time></trkpt>
			<trkpt lat="42.3565800" lon="13.7825900"><ele>1767.989</ele><time>2024-02-09T09:17:39Z</time></trkpt>
			<trkpt lat="42.3565700" lon="13.7826000"><ele>1767.858</ele><time>2024-02-09T09:17:39Z</time></trkpt>
			<trkpt lat="42.3565700" lon="13.7826100"><ele>1767.922</ele><time>2024-02-09T09:17:39Z</time></trkpt>
			<trkpt lat="42.3565600" lon="13.7826200"><ele>1767.823</ele><time>2024-02-09T09:17:39Z</time></trkpt>
			<trkpt lat="42.3565400" lon="13.7826300"><ele>1767.591</ele><time>2024-02-09T09:17:39Z</time></trkpt>
			<trkpt lat="42.3565200" lon="13.7826400"><ele>1767.401</ele><time>2024-02-09T09:17:39Z</time></trkpt>
			<trkpt lat="42.3565100" lon="13.7826500"><ele>1767.384</ele><time>2024-02-09T09:17:39Z</time></trkpt>
			<trkpt lat="42.3565000" lon="13.7826500"><ele>1767.252</ele><time>2024-02-09T09:17:39Z</time></trkpt>
			<trkpt lat="42.3564800" lon="13.7826500"><ele>1766.987</ele><time>2024-02-09T09:17:39Z</time></trkpt>
			<trkpt lat="42.3564700" lon="13.7826500"><ele>1766.855</ele><time>2024-02-09T09:17:39Z</time></trkpt>
			<trkpt lat="42.3564500" lon="13.7826600"><ele>1766.778</ele><time>2024-02-09T09:17:39Z</time></trkpt>
			<trkpt lat="42.3564400" lon="13.7826600"><ele>1766.656</ele><time>2024-02-09T09:17:39Z</time></trkpt>
			<trkpt lat="42.3564300" lon="13.7826700"><ele>1766.743</ele><time>2024-02-09T09:17:39Z</time></trkpt>
			<trkpt lat="42.3564200" lon="13.7827100"><ele>1767.511</ele><time>2024-02-09T09:17:39Z</time></trkpt>
			<trkpt lat="42.3564200" lon="13.7827300"><ele>1767.95</ele><time>2024-02-09T09:17:39Z</time></trkpt>
			<trkpt lat="42.3564100" lon="13.7827500"><ele>1768.361</ele><time>2024-02-09T09:17:39Z</time></trkpt>
			<trkpt lat="42.3563900" lon="13.7827700"><ele>1768.805</ele><time>2024-02-09T09:17:39Z</time></trkpt>
			<trkpt lat="42.3563700" lon="13.7827800"><ele>1768.486</ele><time>2024-02-09T09:17:39Z</time></trkpt>
			<trkpt lat="42.3563500" lon="13.7828000"><ele>1767.665</ele><time>2024-02-09T09:17:39Z</time></trkpt>
			<trkpt lat="42.3563400" lon="13.7828100"><ele>1767.27</ele><time>2024-02-09T09:17:39Z</time></trkpt>
			<trkpt lat="42.3563200" lon="13.7828100"><ele>1766.799</ele><time>2024-02-09T09:17:39Z</time></trkpt>
			<trkpt lat="42.3563000" lon="13.7828100"><ele>1766.328</ele><time>2024-02-09T09:17:39Z</time></trkpt>
			<trkpt lat="42.3562800" lon="13.7828200"><ele>1765.734</ele><time>2024-02-09T09:17:39Z</time></trkpt>
			<trkpt lat="42.3562600" lon="13.7828300"><ele>1765.161</ele><time>2024-02-09T09:17:39Z</time></trkpt>
			<trkpt lat="42.3562500" lon="13.7828400"><ele>1764.828</ele><time>2024-02-09T09:17:39Z</time></trkpt>
			<trkpt lat="42.3562500" lon="13.7828600"><ele>1764.612</ele><time>2024-02-09T09:17:39Z</time></trkpt>
			<trkpt lat="42.3562500" lon="13.7828700"><ele>1764.504</ele><time>2024-02-09T09:17:39Z</time></trkpt>
			<trkpt lat="42.3562600" lon="13.7828800"><ele>1764.595</ele><time>2024-02-09T09:17:39Z</time></trkpt>
			<trkpt lat="42.3562600" lon="13.7829000"><ele>1764.369</ele><time>2024-02-09T09:17:39Z</time></trkpt>
			<trkpt lat="42.3562500" lon="13.7829000"><ele>1764.18</ele><time>2024-02-09T09:17:39Z</time></trkpt>
			<trkpt lat="42.3562300" lon="13.7829200"><ele>1763.607</ele><time>2024-02-09T09:17:39Z</time></trkpt>
			<trkpt lat="42.3562300" lon="13.7829200"><ele>1763.607</ele><time>2024-02-09T09:17:39Z</time></trkpt>
			<trkpt lat="42.3562200" lon="13.7829400"><ele>1763.244</ele><time>2024-02-09T09:17:39Z</time></trkpt>
			<trkpt lat="42.3562200" lon="13.7829400"><ele>1763.244</ele><time>2024-02-09T09:17:39Z</time></trkpt>
			<trkpt lat="42.3562100" lon="13.7829500"><ele>1762.989</ele><time>2024-02-09T09:17:39Z</time></trkpt>
			<trkpt lat="42.3562000" lon="13.7829600"><ele>1762.744</ele><time>2024-02-09T09:17:39Z</time></trkpt>
			<trkpt lat="42.3561900" lon="13.7829600"><ele>1762.587</ele><time>2024-02-09T09:17:39Z</time></trkpt>
			<trkpt lat="42.3561800" lon="13.7829600"><ele>1762.429</ele><time>2024-02-09T09:17:39Z</time></trkpt>
			<trkpt lat="42.3561700" lon="13.7829600"><ele>1762.272</ele><time>2024-02-09T09:17:39Z</time></trkpt>
			<trkpt lat="42.3561500" lon="13.7829600"><ele>1761.957</ele><time>2024-02-09T09:17:39Z</time></trkpt>
			<trkpt lat="42.3561500" lon="13.7829600"><ele>1761.957</ele><time>2024-02-09T09:17:39Z</time></trkpt>
			<trkpt lat="42.3561500" lon="13.7829800"><ele>1761.844</ele><time>2024-02-09T09:17:39Z</time></trkpt>
			<trkpt lat="42.3561400" lon="13.7830100"><ele>1761.544</ele><time>2024-02-09T09:17:39Z</time></trkpt>
			<trkpt lat="42.3561200" lon="13.7830500"><ele>1761.119</ele><time>2024-02-09T09:17:39Z</time></trkpt>
			<trkpt lat="42.3561000" lon="13.7830900"><ele>1760.116</ele><time>2024-02-09T09:17:39Z</time></trkpt>
			<trkpt lat="42.3560800" lon="13.7831000"><ele>1759.664</ele><time>2024-02-09T09:17:39Z</time></trkpt>
			<trkpt lat="42.3560700" lon="13.7831000"><ele>1759.543</ele><time>2024-02-09T09:17:39Z</time></trkpt>
			<trkpt lat="42.3560500" lon="13.7831000"><ele>1759.301</ele><time>2024-02-09T09:17:39Z</time></trkpt>
			<trkpt lat="42.3560200" lon="13.7831200"><ele>1758.6</ele><time>2024-02-09T09:17:39Z</time></trkpt>
			<trkpt lat="42.3559800" lon="13.7831500"><ele>1757.714</ele><time>2024-02-09T09:17:39Z</time></trkpt>
			<trkpt lat="42.3559600" lon="13.7831700"><ele>1757.249</ele><time>2024-02-09T09:17:39Z</time></trkpt>
			<trkpt lat="42.3559300" lon="13.7831900"><ele>1756.75</ele><time>2024-02-09T09:17:39Z</time></trkpt>
			<trkpt lat="42.3559200" lon="13.7832000"><ele>1756.559</ele><time>2024-02-09T09:17:39Z</time></trkpt>
			<trkpt lat="42.3559100" lon="13.7832100"><ele>1756.378</ele><time>2024-02-09T09:17:39Z</time></trkpt>
			<trkpt lat="42.3558900" lon="13.7832400"><ele>1755.946</ele><time>2024-02-09T09:17:39Z</time></trkpt>
			<trkpt lat="42.3558800" lon="13.7832600"><ele>1755.705</ele><time>2024-02-09T09:17:39Z</time></trkpt>
			<trkpt lat="42.3558600" lon="13.7832600"><ele>1755.629</ele><time>2024-02-09T09:17:39Z</time></trkpt>
			<trkpt lat="42.3558300" lon="13.7832700"><ele>1755.386</ele><time>2024-02-09T09:17:39Z</time></trkpt>
			<trkpt lat="42.3558100" lon="13.7832800"><ele>1754.919</ele><time>2024-02-09T09:17:39Z</time></trkpt>
			<trkpt lat="42.3557500" lon="13.7833200"><ele>1753.781</ele><time>2024-02-09T09:17:39Z</time></trkpt>
			<trkpt lat="42.3557000" lon="13.7833400"><ele>1752.958</ele><time>2024-02-09T09:17:39Z</time></trkpt>
			<trkpt lat="42.3556400" lon="13.7833800"><ele>1751.508</ele><time>2024-02-09T09:17:39Z</time></trkpt>
			<trkpt lat="42.3556100" lon="13.7833900"><ele>1751.012</ele><time>2024-02-09T09:17:39Z</time></trkpt>
			<trkpt lat="42.3555800" lon="13.7834000"><ele>1750.548</ele><time>2024-02-09T09:17:39Z</time></trkpt>
			<trkpt lat="42.3555500" lon="13.7834100"><ele>1750.158</ele><time>2024-02-09T09:17:39Z</time></trkpt>
			<trkpt lat="42.3555200" lon="13.7834200"><ele>1749.976</ele><time>2024-02-09T09:17:39Z</time></trkpt>
			<trkpt lat="42.3555000" lon="13.7834300"><ele>1749.826</ele><time>2024-02-09T09:17:39Z</time></trkpt>
			<trkpt lat="42.3554700" lon="13.7834600"><ele>1749.464</ele><time>2024-02-09T09:17:39Z</time></trkpt>
			<trkpt lat="42.3554400" lon="13.7834900"><ele>1749.127</ele><time>2024-02-09T09:17:39Z</time></trkpt>
			<trkpt lat="42.3554200" lon="13.7835200"><ele>1748.824</ele><time>2024-02-09T09:17:39Z</time></trkpt>
			<trkpt lat="42.3553900" lon="13.7835300"><ele>1748.702</ele><time>2024-02-09T09:17:39Z</time></trkpt>
			<trkpt lat="42.3553600" lon="13.7835400"><ele>1748.588</ele><time>2024-02-09T09:17:39Z</time></trkpt>
			<trkpt lat="42.3553200" lon="13.7835500"><ele>1748.473</ele><time>2024-02-09T09:17:39Z</time></trkpt>
			<trkpt lat="42.3552800" lon="13.7835100"><ele>1748.731</ele><time>2024-02-09T09:17:39Z</time></trkpt>
			<trkpt lat="42.3552200" lon="13.7834500"><ele>1747.845</ele><time>2024-02-09T09:17:39Z</time></trkpt>
			<trkpt lat="42.3551900" lon="13.7834500"><ele>1747.163</ele><time>2024-02-09T09:17:39Z</time></trkpt>
			<trkpt lat="42.3551600" lon="13.7834600"><ele>1746.469</ele><time>2024-02-09T09:17:39Z</time></trkpt>
			<trkpt lat="42.3551400" lon="13.7834900"><ele>1746.023</ele><time>2024-02-09T09:17:39Z</time></trkpt>
			<trkpt lat="42.3551200" lon="13.7835100"><ele>1745.629</ele><time>2024-02-09T09:17:39Z</time></trkpt>
			<trkpt lat="42.3551100" lon="13.7835300"><ele>1745.463</ele><time>2024-02-09T09:17:39Z</time></trkpt>
			<trkpt lat="42.3551000" lon="13.7835400"><ele>1745.297</ele><time>2024-02-09T09:17:39Z</time></trkpt>
			<trkpt lat="42.3550900" lon="13.7835700"><ele>1745.192</ele><time>2024-02-09T09:17:39Z</time></trkpt>
			<trkpt lat="42.3550800" lon="13.7836000"><ele>1745.118</ele><time>2024-02-09T09:17:39Z</time></trkpt>
			<trkpt lat="42.3550900" lon="13.7836200"><ele>1745.179</ele><time>2024-02-09T09:17:39Z</time></trkpt>
			<trkpt lat="42.3550900" lon="13.7836300"><ele>1745.048</ele><time>2024-02-09T09:17:39Z</time></trkpt>
			<trkpt lat="42.3550700" lon="13.7836400"><ele>1744.644</ele><time>2024-02-09T09:17:39Z</time></trkpt>
			<trkpt lat="42.3550300" lon="13.7836600"><ele>1743.866</ele><time>2024-02-09T09:17:39Z</time></trkpt>
			<trkpt lat="42.3550000" lon="13.7837000"><ele>1743.04</ele><time>2024-02-09T09:17:39Z</time></trkpt>
			<trkpt lat="42.3549800" lon="13.7837100"><ele>1742.319</ele><time>2024-02-09T09:17:39Z</time></trkpt>
			<trkpt lat="42.3549600" lon="13.7837100"><ele>1741.707</ele><time>2024-02-09T09:17:39Z</time></trkpt>
			<trkpt lat="42.3549500" lon="13.7837200"><ele>1741.338</ele><time>2024-02-09T09:17:39Z</time></trkpt>
			<trkpt lat="42.3549400" lon="13.7837600"><ele>1740.826</ele><time>2024-02-09T09:17:39Z</time></trkpt>
			<trkpt lat="42.3549300" lon="13.7837800"><ele>1740.477</ele><time>2024-02-09T09:17:39Z</time></trkpt>
			<trkpt lat="42.3549100" lon="13.7838000"><ele>1739.938</ele><time>2024-02-09T09:17:39Z</time></trkpt>
			<trkpt lat="42.3549100" lon="13.7838100"><ele>1739.912</ele><time>2024-02-09T09:17:39Z</time></trkpt>
			<trkpt lat="42.3548900" lon="13.7838200"><ele>1739.473</ele><time>2024-02-09T09:17:39Z</time></trkpt>
			<trkpt lat="42.3548800" lon="13.7838400"><ele>1739.268</ele><time>2024-02-09T09:17:39Z</time></trkpt>
			<trkpt lat="42.3548700" lon="13.7838500"><ele>1739.089</ele><time>2024-02-09T09:17:39Z</time></trkpt>
			<trkpt lat="42.3548600" lon="13.7838800"><ele>1738.967</ele><time>2024-02-09T09:17:39Z</time></trkpt>
			<trkpt lat="42.3548000" lon="13.7839000"><ele>1737.955</ele><time>2024-02-09T09:17:39Z</time></trkpt>
			<trkpt lat="42.3547100" lon="13.7839200"><ele>1736.327</ele><time>2024-02-09T09:17:39Z</time></trkpt>
			<trkpt lat="42.3546700" lon="13.7839800"><ele>1734.697</ele><time>2024-02-09T09:17:39Z</time></trkpt>
			<trkpt lat="42.3546500" lon="13.7840700"><ele>1733.473</ele><time>2024-02-09T09:17:39Z</time></trkpt>
			<trkpt lat="42.3546400" lon="13.7841400"><ele>1732.723</ele><time>2024-02-09T09:17:39Z</time></trkpt>
			<trkpt lat="42.3545900" lon="13.7841900"><ele>1731.484</ele><time>2024-02-09T09:17:39Z</time></trkpt>
			<trkpt lat="42.3545600" lon="13.7842200"><ele>1730.873</ele><time>2024-02-09T09:17:39Z</time></trkpt>
			<trkpt lat="42.3545000" lon="13.7842600"><ele>1730</ele><time>2024-02-09T09:17:39Z</time></trkpt>
			<trkpt lat="42.3544400" lon="13.7843000"><ele>1729.447</ele><time>2024-02-09T09:17:39Z</time></trkpt>
			<trkpt lat="42.3543800" lon="13.7843700"><ele>1729.483</ele><time>2024-02-09T09:17:39Z</time></trkpt>
			<trkpt lat="42.3543400" lon="13.7844300"><ele>1729.87</ele><time>2024-02-09T09:17:39Z</time></trkpt>
			<trkpt lat="42.3542900" lon="13.7844700"><ele>1729.499</ele><time>2024-02-09T09:17:39Z</time></trkpt>
			<trkpt lat="42.3542700" lon="13.7844900"><ele>1729.119</ele><time>2024-02-09T09:17:39Z</time></trkpt>
			<trkpt lat="42.3542400" lon="13.7845200"><ele>1728.568</ele><time>2024-02-09T09:17:39Z</time></trkpt>
			<trkpt lat="42.3542000" lon="13.7845400"><ele>1728.239</ele><time>2024-02-09T09:17:39Z</time></trkpt>
			<trkpt lat="42.3541400" lon="13.7845700"><ele>1727.502</ele><time>2024-02-09T09:17:39Z</time></trkpt>
			<trkpt lat="42.3540900" lon="13.7846200"><ele>1726.652</ele><time>2024-02-09T09:17:39Z</time></trkpt>
			<trkpt lat="42.3540600" lon="13.7846300"><ele>1726.537</ele><time>2024-02-09T09:17:39Z</time></trkpt>
			<trkpt lat="42.3540300" lon="13.7846400"><ele>1726.5</ele><time>2024-02-09T09:17:39Z</time></trkpt>
			<trkpt lat="42.3539900" lon="13.7846700"><ele>1726.652</ele><time>2024-02-09T09:17:39Z</time></trkpt>
			<trkpt lat="42.3539300" lon="13.7846800"><ele>1727.021</ele><time>2024-02-09T09:17:39Z</time></trkpt>
			<trkpt lat="42.3538800" lon="13.7847100"><ele>1727.71</ele><time>2024-02-09T09:17:39Z</time></trkpt>
			<trkpt lat="42.3538500" lon="13.7847400"><ele>1727.436</ele><time>2024-02-09T09:17:39Z</time></trkpt>
			<trkpt lat="42.3538300" lon="13.7847400"><ele>1727.31</ele><time>2024-02-09T09:17:39Z</time></trkpt>
			<trkpt lat="42.3538000" lon="13.7847700"><ele>1726.72</ele><time>2024-02-09T09:17:39Z</time></trkpt>
			<trkpt lat="42.3537800" lon="13.7848000"><ele>1726.255</ele><time>2024-02-09T09:17:39Z</time></trkpt>
			<trkpt lat="42.3537600" lon="13.7848500"><ele>1725.626</ele><time>2024-02-09T09:17:39Z</time></trkpt>
			<trkpt lat="42.3537200" lon="13.7848900"><ele>1725.233</ele><time>2024-02-09T09:17:39Z</time></trkpt>
			<trkpt lat="42.3536900" lon="13.7849100"><ele>1725.124</ele><time>2024-02-09T09:17:39Z</time></trkpt>
			<trkpt lat="42.3536600" lon="13.7849000"><ele>1725.261</ele><time>2024-02-09T09:17:39Z</time></trkpt>
			<trkpt lat="42.3536400" lon="13.7849000"><ele>1725.302</ele><time>2024-02-09T09:17:39Z</time></trkpt>
			<trkpt lat="42.3536200" lon="13.7849000"><ele>1725.342</ele><time>2024-02-09T09:17:39Z</time></trkpt>
			<trkpt lat="42.3535800" lon="13.7849300"><ele>1725.026</ele><time>2024-02-09T09:17:39Z</time></trkpt>
			<trkpt lat="42.3535400" lon="13.7849500"><ele>1724.811</ele><time>2024-02-09T09:17:39Z</time></trkpt>
			<trkpt lat="42.3535100" lon="13.7849800"><ele>1724.862</ele><time>2024-02-09T09:17:39Z</time></trkpt>
			<trkpt lat="42.3534500" lon="13.7850300"><ele>1724.432</ele><time>2024-02-09T09:17:39Z</time></trkpt>
			<trkpt lat="42.3534100" lon="13.7850900"><ele>1723.436</ele><time>2024-02-09T09:17:39Z</time></trkpt>
			<trkpt lat="42.3533700" lon="13.7851600"><ele>1722.468</ele><time>2024-02-09T09:17:39Z</time></trkpt>
			<trkpt lat="42.3533400" lon="13.7851900"><ele>1722.215</ele><time>2024-02-09T09:17:39Z</time></trkpt>
			<trkpt lat="42.3532400" lon="13.7852600"><ele>1721.019</ele><time>2024-02-09T09:17:39Z</time></trkpt>
			<trkpt lat="42.3531500" lon="13.7853100"><ele>1720.726</ele><time>2024-02-09T09:17:39Z</time></trkpt>
			<trkpt lat="42.3531000" lon="13.7853800"><ele>1720.396</ele><time>2024-02-09T09:17:39Z</time></trkpt>
			<trkpt lat="42.3530300" lon="13.7854400"><ele>1720.033</ele><time>2024-02-09T09:17:39Z</time></trkpt>
			<trkpt lat="42.3530000" lon="13.7854400"><ele>1719.584</ele><time>2024-02-09T09:17:39Z</time></trkpt>
			<trkpt lat="42.3529800" lon="13.7854600"><ele>1719.408</ele><time>2024-02-09T09:17:39Z</time></trkpt>
			<trkpt lat="42.3529500" lon="13.7855000"><ele>1719.44</ele><time>2024-02-09T09:17:39Z</time></trkpt>
			<trkpt lat="42.3529200" lon="13.7855300"><ele>1719.643</ele><time>2024-02-09T09:17:39Z</time></trkpt>
			<trkpt lat="42.3528900" lon="13.7855600"><ele>1719.955</ele><time>2024-02-09T09:17:39Z</time></trkpt>
			<trkpt lat="42.3528500" lon="13.7856000"><ele>1719.709</ele><time>2024-02-09T09:17:39Z</time></trkpt>
			<trkpt lat="42.3528000" lon="13.7856500"><ele>1719.81</ele><time>2024-02-09T09:17:39Z</time></trkpt>
			<trkpt lat="42.3527500" lon="13.7857300"><ele>1719.391</ele><time>2024-02-09T09:17:39Z</time></trkpt>
			<trkpt lat="42.3527300" lon="13.7857900"><ele>1719.361</ele><time>2024-02-09T09:17:39Z</time></trkpt>
			<trkpt lat="42.3526700" lon="13.7859000"><ele>1718.529</ele><time>2024-02-09T09:17:39Z</time></trkpt>
			<trkpt lat="42.3526400" lon="13.7859400"><ele>1718.228</ele><time>2024-02-09T09:17:39Z</time></trkpt>
			<trkpt lat="42.3526000" lon="13.7860000"><ele>1718.192</ele><time>2024-02-09T09:17:39Z</time></trkpt>
			<trkpt lat="42.3525500" lon="13.7860900"><ele>1718.877</ele><time>2024-02-09T09:17:39Z</time></trkpt>
			<trkpt lat="42.3525100" lon="13.7861700"><ele>1718.928</ele><time>2024-02-09T09:17:39Z</time></trkpt>
			<trkpt lat="42.3524700" lon="13.7862200"><ele>1718.47</ele><time>2024-02-09T09:17:39Z</time></trkpt>
			<trkpt lat="42.3524500" lon="13.7862100"><ele>1718.6</ele><time>2024-02-09T09:17:39Z</time></trkpt>
			<trkpt lat="42.3524300" lon="13.7861800"><ele>1718.879</ele><time>2024-02-09T09:17:39Z</time></trkpt>
			<trkpt lat="42.3524100" lon="13.7861800"><ele>1718.842</ele><time>2024-02-09T09:17:39Z</time></trkpt>
			<trkpt lat="42.3523800" lon="13.7861900"><ele>1718.736</ele><time>2024-02-09T09:17:39Z</time></trkpt>
			<trkpt lat="42.3523400" lon="13.7862400"><ele>1718.596</ele><time>2024-02-09T09:17:39Z</time></trkpt>
			<trkpt lat="42.3522900" lon="13.7863200"><ele>1718.891</ele><time>2024-02-09T09:17:39Z</time></trkpt>
			<trkpt lat="42.3522500" lon="13.7863500"><ele>1719.404</ele><time>2024-02-09T09:17:39Z</time></trkpt>
			<trkpt lat="42.3522200" lon="13.7863600"><ele>1719.761</ele><time>2024-02-09T09:17:39Z</time></trkpt>
			<trkpt lat="42.3521900" lon="13.7864000"><ele>1719.689</ele><time>2024-02-09T09:17:39Z</time></trkpt>
			<trkpt lat="42.3521500" lon="13.7864300"><ele>1719.528</ele><time>2024-02-09T09:17:39Z</time></trkpt>
			<trkpt lat="42.3521200" lon="13.7864700"><ele>1719.756</ele><time>2024-02-09T09:17:39Z</time></trkpt>
			<trkpt lat="42.3520900" lon="13.7865300"><ele>1720.506</ele><time>2024-02-09T09:17:39Z</time></trkpt>
			<trkpt lat="42.3520600" lon="13.7865800"><ele>1721.462</ele><time>2024-02-09T09:17:39Z</time></trkpt>
			<trkpt lat="42.3520500" lon="13.7866200"><ele>1722.267</ele><time>2024-02-09T09:17:39Z</time></trkpt>
			<trkpt lat="42.3520400" lon="13.7866800"><ele>1723.151</ele><time>2024-02-09T09:17:39Z</time></trkpt>
			<trkpt lat="42.3520100" lon="13.7867600"><ele>1722.989</ele><time>2024-02-09T09:17:39Z</time></trkpt>
			<trkpt lat="42.3519900" lon="13.7868200"><ele>1722.895</ele><time>2024-02-09T09:17:39Z</time></trkpt>
			<trkpt lat="42.3519900" lon="13.7868400"><ele>1722.727</ele><time>2024-02-09T09:17:39Z</time></trkpt>
			<trkpt lat="42.3520000" lon="13.7868800"><ele>1722.157</ele><time>2024-02-09T09:17:39Z</time></trkpt>
			<trkpt lat="42.3519800" lon="13.7869400"><ele>1722.14</ele><time>2024-02-09T09:17:39Z</time></trkpt>
			<trkpt lat="42.3519700" lon="13.7869800"><ele>1720.948</ele><time>2024-02-09T09:17:39Z</time></trkpt>
			<trkpt lat="42.3519500" lon="13.7870100"><ele>1720.264</ele><time>2024-02-09T09:17:39Z</time></trkpt>
			<trkpt lat="42.3519300" lon="13.7870400"><ele>1718.837</ele><time>2024-02-09T09:17:39Z</time></trkpt>
			<trkpt lat="42.3518900" lon="13.7870500"><ele>1717.428</ele><time>2024-02-09T09:17:39Z</time></trkpt>
			<trkpt lat="42.3518600" lon="13.7870500"><ele>1716.662</ele><time>2024-02-09T09:17:39Z</time></trkpt>
			<trkpt lat="42.3518400" lon="13.7870600"><ele>1715.822</ele><time>2024-02-09T09:17:39Z</time></trkpt>
			<trkpt lat="42.3518200" lon="13.7870500"><ele>1715.639</ele><time>2024-02-09T09:17:39Z</time></trkpt>
			<trkpt lat="42.3518000" lon="13.7870700"><ele>1714.523</ele><time>2024-02-09T09:17:39Z</time></trkpt>
			<trkpt lat="42.3517900" lon="13.7870900"><ele>1713.689</ele><time>2024-02-09T09:17:39Z</time></trkpt>
			<trkpt lat="42.3517800" lon="13.7871000"><ele>1713.17</ele><time>2024-02-09T09:17:39Z</time></trkpt>
			<trkpt lat="42.3517400" lon="13.7871100"><ele>1712.013</ele><time>2024-02-09T09:17:39Z</time></trkpt>
			<trkpt lat="42.3517100" lon="13.7871500"><ele>1710.387</ele><time>2024-02-09T09:17:39Z</time></trkpt>
			<trkpt lat="42.3516700" lon="13.7871700"><ele>1709.187</ele><time>2024-02-09T09:17:39Z</time></trkpt>
			<trkpt lat="42.3516400" lon="13.7871500"><ele>1708.997</ele><time>2024-02-09T09:17:39Z</time></trkpt>
			<trkpt lat="42.3516200" lon="13.7871500"><ele>1708.576</ele><time>2024-02-09T09:17:39Z</time></trkpt>
			<trkpt lat="42.3515900" lon="13.7871500"><ele>1707.943</ele><time>2024-02-09T09:17:39Z</time></trkpt>
			<trkpt lat="42.3515600" lon="13.7871700"><ele>1707.182</ele><time>2024-02-09T09:17:39Z</time></trkpt>
			<trkpt lat="42.3515600" lon="13.7871800"><ele>1707.118</ele><time>2024-02-09T09:17:39Z</time></trkpt>
			<trkpt lat="42.3515700" lon="13.7872100"><ele>1707.052</ele><time>2024-02-09T09:17:39Z</time></trkpt>
			<trkpt lat="42.3515800" lon="13.7872200"><ele>1707.085</ele><time>2024-02-09T09:17:39Z</time></trkpt>
			<trkpt lat="42.3515700" lon="13.7872300"><ele>1706.838</ele><time>2024-02-09T09:17:39Z</time></trkpt>
			<trkpt lat="42.3515600" lon="13.7872400"><ele>1706.597</ele><time>2024-02-09T09:17:39Z</time></trkpt>
			<trkpt lat="42.3515300" lon="13.7872600"><ele>1706.107</ele><time>2024-02-09T09:17:39Z</time></trkpt>
			<trkpt lat="42.3514900" lon="13.7872600"><ele>1705.832</ele><time>2024-02-09T09:17:39Z</time></trkpt>
			<trkpt lat="42.3514700" lon="13.7872700"><ele>1705.646</ele><time>2024-02-09T09:17:39Z</time></trkpt>
			<trkpt lat="42.3514400" lon="13.7872800"><ele>1705.454</ele><time>2024-02-09T09:17:39Z</time></trkpt>
			<trkpt lat="42.3514200" lon="13.7873200"><ele>1705.373</ele><time>2024-02-09T09:17:39Z</time></trkpt>
			<trkpt lat="42.3513900" lon="13.7873700"><ele>1705.527</ele><time>2024-02-09T09:17:39Z</time></trkpt>
			<trkpt lat="42.3513600" lon="13.7874200"><ele>1705.622</ele><time>2024-02-09T09:17:39Z</time></trkpt>
			<trkpt lat="42.3513100" lon="13.7874800"><ele>1705.867</ele><time>2024-02-09T09:17:39Z</time></trkpt>
			<trkpt lat="42.3512400" lon="13.7875600"><ele>1705.784</ele><time>2024-02-09T09:17:39Z</time></trkpt>
			<trkpt lat="42.3512000" lon="13.7876000"><ele>1705.64</ele><time>2024-02-09T09:17:39Z</time></trkpt>
			<trkpt lat="42.3511700" lon="13.7876400"><ele>1705.496</ele><time>2024-02-09T09:17:39Z</time></trkpt>
			<trkpt lat="42.3511500" lon="13.7876400"><ele>1705.496</ele><time>2024-02-09T09:17:39Z</time></trkpt>
			<trkpt lat="42.3511300" lon="13.7876300"><ele>1705.532</ele><time>2024-02-09T09:17:39Z</time></trkpt>
			<trkpt lat="42.3511200" lon="13.7876200"><ele>1705.568</ele><time>2024-02-09T09:17:39Z</time></trkpt>
			<trkpt lat="42.3510900" lon="13.7876100"><ele>1705.374</ele><time>2024-02-09T09:17:39Z</time></trkpt>
			<trkpt lat="42.3510800" lon="13.7875800"><ele>1705.313</ele><time>2024-02-09T09:17:39Z</time></trkpt>
			<trkpt lat="42.3510600" lon="13.7875800"><ele>1705.057</ele><time>2024-02-09T09:17:39Z</time></trkpt>
			<trkpt lat="42.3510600" lon="13.7875700"><ele>1705.06</ele><time>2024-02-09T09:17:39Z</time></trkpt>
			<trkpt lat="42.3510400" lon="13.7875600"><ele>1704.78</ele><time>2024-02-09T09:17:39Z</time></trkpt>
			<trkpt lat="42.3510100" lon="13.7875500"><ele>1704.328</ele><time>2024-02-09T09:17:39Z</time></trkpt>
			<trkpt lat="42.3510000" lon="13.7875700"><ele>1704.252</ele><time>2024-02-09T09:17:39Z</time></trkpt>
			<trkpt lat="42.3509900" lon="13.7875900"><ele>1704.202</ele><time>2024-02-09T09:17:39Z</time></trkpt>
			<trkpt lat="42.3509900" lon="13.7876300"><ele>1704.372</ele><time>2024-02-09T09:17:39Z</time></trkpt>
			<trkpt lat="42.3509800" lon="13.7876600"><ele>1704.423</ele><time>2024-02-09T09:17:39Z</time></trkpt>
			<trkpt lat="42.3509600" lon="13.7876900"><ele>1704.456</ele><time>2024-02-09T09:17:39Z</time></trkpt>
			<trkpt lat="42.3509500" lon="13.7876900"><ele>1704.4</ele><time>2024-02-09T09:17:39Z</time></trkpt>
			<trkpt lat="42.3509300" lon="13.7876900"><ele>1704.286</ele><time>2024-02-09T09:17:39Z</time></trkpt>
			<trkpt lat="42.3509200" lon="13.7876600"><ele>1703.965</ele><time>2024-02-09T09:17:39Z</time></trkpt>
			<trkpt lat="42.3509000" lon="13.7876400"><ele>1703.611</ele><time>2024-02-09T09:17:39Z</time></trkpt>
			<trkpt lat="42.3508600" lon="13.7875900"><ele>1702.62</ele><time>2024-02-09T09:17:39Z</time></trkpt>
			<trkpt lat="42.3508400" lon="13.7875500"><ele>1701.818</ele><time>2024-02-09T09:17:39Z</time></trkpt>
			<trkpt lat="42.3508200" lon="13.7874700"><ele>1700.566</ele><time>2024-02-09T09:17:39Z</time></trkpt>
			<trkpt lat="42.3508200" lon="13.7874200"><ele>1699.684</ele><time>2024-02-09T09:17:39Z</time></trkpt>
			<trkpt lat="42.3508000" lon="13.7873300"><ele>1698.327</ele><time>2024-02-09T09:17:39Z</time></trkpt>
			<trkpt lat="42.3507800" lon="13.7872700"><ele>1697.562</ele><time>2024-02-09T09:17:39Z</time></trkpt>
			<trkpt lat="42.3506900" lon="13.7872600"><ele>1698.604</ele><time>2024-02-09T09:17:39Z</time></trkpt>
			<trkpt lat="42.3505500" lon="13.7873000"><ele>1700.894</ele><time>2024-02-09T09:17:39Z</time></trkpt>
			<trkpt lat="42.3504500" lon="13.7873500"><ele>1702.345</ele><time>2024-02-09T09:17:39Z</time></trkpt>
			<trkpt lat="42.3503300" lon="13.7873600"><ele>1703.521</ele><time>2024-02-09T09:17:39Z</time></trkpt>
			<trkpt lat="42.3502400" lon="13.7874000"><ele>1704.378</ele><time>2024-02-09T09:17:39Z</time></trkpt>
			<trkpt lat="42.3501700" lon="13.7875300"><ele>1704.982</ele><time>2024-02-09T09:17:39Z</time></trkpt>
			<trkpt lat="42.3500700" lon="13.7877800"><ele>1703.76</ele><time>2024-02-09T09:17:39Z</time></trkpt>
			<trkpt lat="42.3499800" lon="13.7878800"><ele>1703.126</ele><time>2024-02-09T09:17:39Z</time></trkpt>
			<trkpt lat="42.3499200" lon="13.7879100"><ele>1702.475</ele><time>2024-02-09T09:17:39Z</time></trkpt>
			<trkpt lat="42.3498000" lon="13.7879300"><ele>1700.993</ele><time>2024-02-09T09:17:39Z</time></trkpt>
			<trkpt lat="42.3496400" lon="13.7878600"><ele>1698.345</ele><time>2024-02-09T09:17:39Z</time></trkpt>
			<trkpt lat="42.3494600" lon="13.7878900"><ele>1694.517</ele><time>2024-02-09T09:17:39Z</time></trkpt>
			<trkpt lat="42.3493200" lon="13.7879800"><ele>1691.548</ele><time>2024-02-09T09:17:39Z</time></trkpt>
			<trkpt lat="42.3491700" lon="13.7880800"><ele>1687.623</ele><time>2024-02-09T09:17:39Z</time></trkpt>
			<trkpt lat="42.3491300" lon="13.7881600"><ele>1685.971</ele><time>2024-02-09T09:17:39Z</time></trkpt>
			<trkpt lat="42.3490600" lon="13.7883500"><ele>1681.788</ele><time>2024-02-09T09:17:39Z</time></trkpt>
			<trkpt lat="42.3490100" lon="13.7885000"><ele>1680.708</ele><time>2024-02-09T09:17:39Z</time></trkpt>
			<trkpt lat="42.3489200" lon="13.7886800"><ele>1679.392</ele><time>2024-02-09T09:17:39Z</time></trkpt>
			<trkpt lat="42.3487700" lon="13.7889900"><ele>1678.584</ele><time>2024-02-09T09:17:39Z</time></trkpt>
			<trkpt lat="42.3487300" lon="13.7891400"><ele>1678.226</ele><time>2024-02-09T09:17:39Z</time></trkpt>
			<trkpt lat="42.3487000" lon="13.7893200"><ele>1677.631</ele><time>2024-02-09T09:17:39Z</time></trkpt>
			<trkpt lat="42.3486400" lon="13.7894900"><ele>1676.574</ele><time>2024-02-09T09:17:39Z</time></trkpt>
			<trkpt lat="42.3485300" lon="13.7896900"><ele>1674.956</ele><time>2024-02-09T09:17:39Z</time></trkpt>
			<trkpt lat="42.3484400" lon="13.7899100"><ele>1672.887</ele><time>2024-02-09T09:17:39Z</time></trkpt>
			<trkpt lat="42.3483400" lon="13.7901000"><ele>1671.281</ele><time>2024-02-09T09:17:39Z</time></trkpt>
			<trkpt lat="42.3482600" lon="13.7902400"><ele>1669.908</ele><time>2024-02-09T09:17:39Z</time></trkpt>
			<trkpt lat="42.3482100" lon="13.7903900"><ele>1667.684</ele><time>2024-02-09T09:17:39Z</time></trkpt>
			<trkpt lat="42.3481200" lon="13.7905400"><ele>1666.712</ele><time>2024-02-09T09:17:39Z</time></trkpt>
			<trkpt lat="42.3480100" lon="13.7907000"><ele>1665.864</ele><time>2024-02-09T09:17:39Z</time></trkpt>
			<trkpt lat="42.3479000" lon="13.7908100"><ele>1665.864</ele><time>2024-02-09T09:17:39Z</time></trkpt>
			<trkpt lat="42.3476900" lon="13.7910500"><ele>1663.586</ele><time>2024-02-09T09:17:39Z</time></trkpt>
			<trkpt lat="42.3476000" lon="13.7912500"><ele>1662.16</ele><time>2024-02-09T09:17:39Z</time></trkpt>
			<trkpt lat="42.3475100" lon="13.7915300"><ele>1661.695</ele><time>2024-02-09T09:17:39Z</time></trkpt>
			<trkpt lat="42.3474600" lon="13.7918300"><ele>1662.499</ele><time>2024-02-09T09:17:39Z</time></trkpt>
			<trkpt lat="42.3473900" lon="13.7922000"><ele>1663.484</ele><time>2024-02-09T09:17:39Z</time></trkpt>
			<trkpt lat="42.3473300" lon="13.7925000"><ele>1663.12</ele><time>2024-02-09T09:17:39Z</time></trkpt>
			<trkpt lat="42.3472800" lon="13.7926400"><ele>1661.602</ele><time>2024-02-09T09:17:39Z</time></trkpt>
			<trkpt lat="42.3471600" lon="13.7928300"><ele>1660.234</ele><time>2024-02-09T09:17:39Z</time></trkpt>
			<trkpt lat="42.3469700" lon="13.7929900"><ele>1659.359</ele><time>2024-02-09T09:17:39Z</time></trkpt>
			<trkpt lat="42.3467700" lon="13.7931700"><ele>1657.319</ele><time>2024-02-09T09:17:39Z</time></trkpt>
			<trkpt lat="42.3466300" lon="13.7933100"><ele>1656.332</ele><time>2024-02-09T09:17:39Z</time></trkpt>
			<trkpt lat="42.3465100" lon="13.7935100"><ele>1650.824</ele><time>2024-02-09T09:17:39Z</time></trkpt>
			<trkpt lat="42.3463700" lon="13.7936000"><ele>1649.911</ele><time>2024-02-09T09:17:39Z</time></trkpt>
			<trkpt lat="42.3461900" lon="13.7937100"><ele>1651.52</ele><time>2024-02-09T09:17:39Z</time></trkpt>
			<trkpt lat="42.3460900" lon="13.7937800"><ele>1652.352</ele><time>2024-02-09T09:17:39Z</time></trkpt>
			<trkpt lat="42.3459900" lon="13.7938200"><ele>1654.224</ele><time>2024-02-09T09:17:39Z</time></trkpt>
			<trkpt lat="42.3459100" lon="13.7938700"><ele>1655.268</ele><time>2024-02-09T09:17:39Z</time></trkpt>
			<trkpt lat="42.3458300" lon="13.7939500"><ele>1655.168</ele><time>2024-02-09T09:17:39Z</time></trkpt>
			<trkpt lat="42.3457700" lon="13.7940700"><ele>1653.65</ele><time>2024-02-09T09:17:39Z</time></trkpt>
			<trkpt lat="42.3457200" lon="13.7941800"><ele>1651.772</ele><time>2024-02-09T09:17:39Z</time></trkpt>
			<trkpt lat="42.3456500" lon="13.7942900"><ele>1651.643</ele><time>2024-02-09T09:17:39Z</time></trkpt>
			<trkpt lat="42.3455100" lon="13.7944400"><ele>1652.434</ele><time>2024-02-09T09:17:39Z</time></trkpt>
			<trkpt lat="42.3453900" lon="13.7945500"><ele>1652.122</ele><time>2024-02-09T09:17:39Z</time></trkpt>
			<trkpt lat="42.3452800" lon="13.7946200"><ele>1652.621</ele><time>2024-02-09T09:17:39Z</time></trkpt>
			<trkpt lat="42.3451200" lon="13.7947200"><ele>1653.079</ele><time>2024-02-09T09:17:39Z</time></trkpt>
			<trkpt lat="42.3450100" lon="13.7948600"><ele>1651.744</ele><time>2024-02-09T09:17:39Z</time></trkpt>
			<trkpt lat="42.3449400" lon="13.7949300"><ele>1651.528</ele><time>2024-02-09T09:17:39Z</time></trkpt>
			<trkpt lat="42.3448100" lon="13.7949700"><ele>1653.652</ele><time>2024-02-09T09:17:39Z</time></trkpt>
			<trkpt lat="42.3447400" lon="13.7950400"><ele>1654.111</ele><time>2024-02-09T09:17:39Z</time></trkpt>
			<trkpt lat="42.3446500" lon="13.7951700"><ele>1655.663</ele><time>2024-02-09T09:17:39Z</time></trkpt>
			<trkpt lat="42.3446000" lon="13.7952900"><ele>1656.356</ele><time>2024-02-09T09:17:39Z</time></trkpt>
			<trkpt lat="42.3445300" lon="13.7954600"><ele>1658.264</ele><time>2024-02-09T09:17:39Z</time></trkpt>
			<trkpt lat="42.3444700" lon="13.7955700"><ele>1660.075</ele><time>2024-02-09T09:17:39Z</time></trkpt>
			<trkpt lat="42.3444000" lon="13.7956400"><ele>1661.64</ele><time>2024-02-09T09:17:39Z</time></trkpt>
			<trkpt lat="42.3443700" lon="13.7957300"><ele>1662.072</ele><time>2024-02-09T09:17:39Z</time></trkpt>
			<trkpt lat="42.3443400" lon="13.7958100"><ele>1662.504</ele><time>2024-02-09T09:17:39Z</time></trkpt>
			<trkpt lat="42.3443000" lon="13.7958900"><ele>1663.08</ele><time>2024-02-09T09:17:39Z</time></trkpt>
			<trkpt lat="42.3442500" lon="13.7959800"><ele>1663.8</ele><time>2024-02-09T09:17:39Z</time></trkpt>
			<trkpt lat="42.3442300" lon="13.7960600"><ele>1664.088</ele><time>2024-02-09T09:17:39Z</time></trkpt>
			<trkpt lat="42.3442200" lon="13.7961500"><ele>1664.318</ele><time>2024-02-09T09:17:39Z</time></trkpt>
			<trkpt lat="42.3442100" lon="13.7962400"><ele>1664.695</ele><time>2024-02-09T09:17:39Z</time></trkpt>
			<trkpt lat="42.3442000" lon="13.7963500"><ele>1665.174</ele><time>2024-02-09T09:17:39Z</time></trkpt>
			<trkpt lat="42.3441900" lon="13.7964200"><ele>1665.291</ele><time>2024-02-09T09:17:39Z</time></trkpt>
			<trkpt lat="42.3442000" lon="13.7964900"><ele>1664.639</ele><time>2024-02-09T09:17:39Z</time></trkpt>
			<trkpt lat="42.3442100" lon="13.7965700"><ele>1663.963</ele><time>2024-02-09T09:17:39Z</time></trkpt>
			<trkpt lat="42.3442000" lon="13.7966500"><ele>1663.626</ele><time>2024-02-09T09:17:39Z</time></trkpt>
			<trkpt lat="42.3441900" lon="13.7967000"><ele>1663.224</ele><time>2024-02-09T09:17:39Z</time></trkpt>
			<trkpt lat="42.3441600" lon="13.7967600"><ele>1662.68</ele><time>2024-02-09T09:17:39Z</time></trkpt>
			<trkpt lat="42.3441500" lon="13.7968100"><ele>1661.996</ele><time>2024-02-09T09:17:39Z</time></trkpt>
			<trkpt lat="42.3441200" lon="13.7969200"><ele>1660.52</ele><time>2024-02-09T09:17:39Z</time></trkpt>
			<trkpt lat="42.3440800" lon="13.7970500"><ele>1658.673</ele><time>2024-02-09T09:17:39Z</time></trkpt>
			<trkpt lat="42.3440600" lon="13.7971200"><ele>1657.613</ele><time>2024-02-09T09:17:39Z</time></trkpt>
			<trkpt lat="42.3440400" lon="13.7972000"><ele>1656.356</ele><time>2024-02-09T09:17:39Z</time></trkpt>
			<trkpt lat="42.3440100" lon="13.7973000"><ele>1653.602</ele><time>2024-02-09T09:17:39Z</time></trkpt>
			<trkpt lat="42.3439800" lon="13.7973600"><ele>1651.699</ele><time>2024-02-09T09:17:39Z</time></trkpt>
			<trkpt lat="42.3439400" lon="13.7974100"><ele>1650.04</ele><time>2024-02-09T09:17:39Z</time></trkpt>
			<trkpt lat="42.3438500" lon="13.7975000"><ele>1646.72</ele><time>2024-02-09T09:17:39Z</time></trkpt>
			<trkpt lat="42.3437900" lon="13.7975900"><ele>1644.344</ele><time>2024-02-09T09:17:39Z</time></trkpt>
			<trkpt lat="42.3437700" lon="13.7976900"><ele>1642.04</ele><time>2024-02-09T09:17:39Z</time></trkpt>
			<trkpt lat="42.3437400" lon="13.7977700"><ele>1640.096</ele><time>2024-02-09T09:17:39Z</time></trkpt>
			<trkpt lat="42.3437100" lon="13.7978200"><ele>1638.702</ele><time>2024-02-09T09:17:39Z</time></trkpt>
			<trkpt lat="42.3436400" lon="13.7978500"><ele>1637.415</ele><time>2024-02-09T09:17:39Z</time></trkpt>
			<trkpt lat="42.3435800" lon="13.7979700"><ele>1634.32</ele><time>2024-02-09T09:17:39Z</time></trkpt>
			<trkpt lat="42.3435500" lon="13.7981400"><ele>1632.186</ele><time>2024-02-09T09:17:39Z</time></trkpt>
			<trkpt lat="42.3435500" lon="13.7982200"><ele>1631.736</ele><time>2024-02-09T09:17:39Z</time></trkpt>
			<trkpt lat="42.3437000" lon="13.7983800"><ele>1629.075</ele><time>2024-02-09T09:17:39Z</time></trkpt>
			<trkpt lat="42.3437600" lon="13.7985300"><ele>1626.151</ele><time>2024-02-09T09:17:39Z</time></trkpt>
			<trkpt lat="42.3437500" lon="13.7986300"><ele>1624.966</ele><time>2024-02-09T09:17:39Z</time></trkpt>
			<trkpt lat="42.3437600" lon="13.7987200"><ele>1624.546</ele><time>2024-02-09T09:17:39Z</time></trkpt>
			<trkpt lat="42.3438100" lon="13.7987800"><ele>1623.006</ele><time>2024-02-09T09:17:39Z</time></trkpt>
			<trkpt lat="42.3439500" lon="13.7988300"><ele>1619.384</ele><time>2024-02-09T09:17:39Z</time></trkpt>
			<trkpt lat="42.3439700" lon="13.7988900"><ele>1618.253</ele><time>2024-02-09T09:17:39Z</time></trkpt>
			<trkpt lat="42.3439500" lon="13.7989400"><ele>1618.989</ele><time>2024-02-09T09:17:39Z</time></trkpt>
			<trkpt lat="42.3439300" lon="13.7990200"><ele>1620.109</ele><time>2024-02-09T09:17:39Z</time></trkpt>
			<trkpt lat="42.3439600" lon="13.7990300"><ele>1619.208</ele><time>2024-02-09T09:17:39Z</time></trkpt>
			<trkpt lat="42.3440100" lon="13.7990300"><ele>1617.579</ele><time>2024-02-09T09:17:39Z</time></trkpt>
			<trkpt lat="42.3440500" lon="13.7991000"><ele>1616.155</ele><time>2024-02-09T09:17:39Z</time></trkpt>
			<trkpt lat="42.3441700" lon="13.7991800"><ele>1610.866</ele><time>2024-02-09T09:17:39Z</time></trkpt>
			<trkpt lat="42.3442600" lon="13.7993400"><ele>1607.395</ele><time>2024-02-09T09:17:39Z</time></trkpt>
			<trkpt lat="42.3443600" lon="13.7994500"><ele>1603.028</ele><time>2024-02-09T09:17:39Z</time></trkpt>
			<trkpt lat="42.3445200" lon="13.7996100"><ele>1597.552</ele><time>2024-02-09T09:17:39Z</time></trkpt>
			<trkpt lat="42.3446800" lon="13.7998700"><ele>1591.304</ele><time>2024-02-09T09:17:39Z</time></trkpt>
			<trkpt lat="42.3447600" lon="13.8000000"><ele>1587.776</ele><time>2024-02-09T09:17:39Z</time></trkpt>
			<trkpt lat="42.3448800" lon="13.8001400"><ele>1583.602</ele><time>2024-02-09T09:17:39Z</time></trkpt>
			<trkpt lat="42.3449400" lon="13.8001700"><ele>1581.464</ele><time>2024-02-09T09:17:39Z</time></trkpt>
			<trkpt lat="42.3449900" lon="13.8001400"><ele>1579.838</ele><time>2024-02-09T09:17:39Z</time></trkpt>
			<trkpt lat="42.3450400" lon="13.8000700"><ele>1578.273</ele><time>2024-02-09T09:17:39Z</time></trkpt>
			<trkpt lat="42.3451000" lon="13.8000000"><ele>1576.04</ele><time>2024-02-09T09:17:39Z</time></trkpt>
			<trkpt lat="42.3451500" lon="13.7998900"><ele>1576.317</ele><time>2024-02-09T09:17:39Z</time></trkpt>
			<trkpt lat="42.3451900" lon="13.7997900"><ele>1577.33</ele><time>2024-02-09T09:17:39Z</time></trkpt>
			<trkpt lat="42.3452300" lon="13.7996600"><ele>1578.711</ele><time>2024-02-09T09:17:39Z</time></trkpt>
			<trkpt lat="42.3452900" lon="13.7995500"><ele>1577.756</ele><time>2024-02-09T09:17:39Z</time></trkpt>
			<trkpt lat="42.3453300" lon="13.7994700"><ele>1576.748</ele><time>2024-02-09T09:17:39Z</time></trkpt>
			<trkpt lat="42.3453700" lon="13.7994100"><ele>1575.968</ele><time>2024-02-09T09:17:39Z</time></trkpt>
			<trkpt lat="42.3454000" lon="13.7993600"><ele>1575.68</ele><time>2024-02-09T09:17:39Z</time></trkpt>
			<trkpt lat="42.3454200" lon="13.7993700"><ele>1574.708</ele><time>2024-02-09T09:17:39Z</time></trkpt>
			<trkpt lat="42.3454200" lon="13.7994200"><ele>1573.808</ele><time>2024-02-09T09:17:39Z</time></trkpt>
			<trkpt lat="42.3454200" lon="13.7995500"><ele>1572.608</ele><time>2024-02-09T09:17:39Z</time></trkpt>
			<trkpt lat="42.3454500" lon="13.7996600"><ele>1570.628</ele><time>2024-02-09T09:17:39Z</time></trkpt>
			<trkpt lat="42.3454700" lon="13.7997800"><ele>1568.3</ele><time>2024-02-09T09:17:39Z</time></trkpt>
			<trkpt lat="42.3454900" lon="13.7998400"><ele>1566.5</ele><time>2024-02-09T09:17:39Z</time></trkpt>
			<trkpt lat="42.3455100" lon="13.7998500"><ele>1565.662</ele><time>2024-02-09T09:17:39Z</time></trkpt>
			<trkpt lat="42.3455500" lon="13.7997600"><ele>1565.665</ele><time>2024-02-09T09:17:39Z</time></trkpt>
			<trkpt lat="42.3456200" lon="13.7996100"><ele>1563.792</ele><time>2024-02-09T09:17:39Z</time></trkpt>
			<trkpt lat="42.3456700" lon="13.7995200"><ele>1562.1</ele><time>2024-02-09T09:17:39Z</time></trkpt>
			<trkpt lat="42.3457400" lon="13.7994200"><ele>1559.75</ele><time>2024-02-09T09:17:39Z</time></trkpt>
			<trkpt lat="42.3458300" lon="13.7993500"><ele>1556.52</ele><time>2024-02-09T09:17:39Z</time></trkpt>
			<trkpt lat="42.3459000" lon="13.7993300"><ele>1554.629</ele><time>2024-02-09T09:17:39Z</time></trkpt>
			<trkpt lat="42.3459600" lon="13.7993700"><ele>1552.302</ele><time>2024-02-09T09:17:39Z</time></trkpt>
			<trkpt lat="42.3460500" lon="13.7994800"><ele>1548.504</ele><time>2024-02-09T09:17:39Z</time></trkpt>
			<trkpt lat="42.3461200" lon="13.7995000"><ele>1546.312</ele><time>2024-02-09T09:17:39Z</time></trkpt>
			<trkpt lat="42.3463100" lon="13.7994000"><ele>1541.036</ele><time>2024-02-09T09:17:39Z</time></trkpt>
			<trkpt lat="42.3464500" lon="13.7992500"><ele>1538.208</ele><time>2024-02-09T09:17:39Z</time></trkpt>
			<trkpt lat="42.3464900" lon="13.7992500"><ele>1536.97</ele><time>2024-02-09T09:17:39Z</time></trkpt>
			<trkpt lat="42.3464900" lon="13.7993500"><ele>1535.628</ele><time>2024-02-09T09:17:39Z</time></trkpt>
			<trkpt lat="42.3464600" lon="13.7995000"><ele>1535.04</ele><time>2024-02-09T09:17:39Z</time></trkpt>
			<trkpt lat="42.3464300" lon="13.7997100"><ele>1534.608</ele><time>2024-02-09T09:17:39Z</time></trkpt>
			<trkpt lat="42.3464400" lon="13.7998800"><ele>1532.351</ele><time>2024-02-09T09:17:39Z</time></trkpt>
			<trkpt lat="42.3464700" lon="13.8000100"><ele>1529.665</ele><time>2024-02-09T09:17:39Z</time></trkpt>
			<trkpt lat="42.3465100" lon="13.8000100"><ele>1528.091</ele><time>2024-02-09T09:17:39Z</time></trkpt>
			<trkpt lat="42.3465900" lon="13.8000000"><ele>1525.036</ele><time>2024-02-09T09:17:39Z</time></trkpt>
			<trkpt lat="42.3466400" lon="13.7999600"><ele>1523.618</ele><time>2024-02-09T09:17:39Z</time></trkpt>
			<trkpt lat="42.3467300" lon="13.7998500"><ele>1522.564</ele><time>2024-02-09T09:17:39Z</time></trkpt>
			<trkpt lat="42.3468400" lon="13.7997000"><ele>1521.842</ele><time>2024-02-09T09:17:39Z</time></trkpt>
			<trkpt lat="42.3469100" lon="13.7995600"><ele>1521.548</ele><time>2024-02-09T09:17:39Z</time></trkpt>
			<trkpt lat="42.3470300" lon="13.7994600"><ele>1520.258</ele><time>2024-02-09T09:17:39Z</time></trkpt>
			<trkpt lat="42.3472200" lon="13.7994100"><ele>1517.66</ele><time>2024-02-09T09:17:39Z</time></trkpt>
			<trkpt lat="42.3474300" lon="13.7993500"><ele>1513.973</ele><time>2024-02-09T09:17:39Z</time></trkpt>
			<trkpt lat="42.3476400" lon="13.7993700"><ele>1510.229</ele><time>2024-02-09T09:17:39Z</time></trkpt>
			<trkpt lat="42.3477900" lon="13.7993600"><ele>1508.682</ele><time>2024-02-09T09:17:39Z</time></trkpt>
			<trkpt lat="42.3479700" lon="13.7993100"><ele>1507.18</ele><time>2024-02-09T09:17:39Z</time></trkpt>
			<trkpt lat="42.3481300" lon="13.7992500"><ele>1503.8</ele><time>2024-02-09T09:17:39Z</time></trkpt>
			<trkpt lat="42.3482600" lon="13.7990900"><ele>1499.713</ele><time>2024-02-09T09:17:39Z</time></trkpt>
			<trkpt lat="42.3483600" lon="13.7989500"><ele>1496.136</ele><time>2024-02-09T09:17:39Z</time></trkpt>
			<trkpt lat="42.3484700" lon="13.7988800"><ele>1492.46</ele><time>2024-02-09T09:17:39Z</time></trkpt>
			<trkpt lat="42.3485800" lon="13.7989000"><ele>1489.008</ele><time>2024-02-09T09:17:39Z</time></trkpt>
			<trkpt lat="42.3487100" lon="13.7990400"><ele>1483.728</ele><time>2024-02-09T09:17:39Z</time></trkpt>
			<trkpt lat="42.3487600" lon="13.7991200"><ele>1481.568</ele><time>2024-02-09T09:17:39Z</time></trkpt>
			<trkpt lat="42.3488000" lon="13.7992200"><ele>1479.709</ele><time>2024-02-09T09:17:39Z</time></trkpt>
			<trkpt lat="42.3488900" lon="13.7992700"><ele>1475.588</ele><time>2024-02-09T09:17:39Z</time></trkpt>
			<trkpt lat="42.3489600" lon="13.7993400"><ele>1472.816</ele><time>2024-02-09T09:17:39Z</time></trkpt>
			<trkpt lat="42.3489500" lon="13.7994800"><ele>1472.772</ele><time>2024-02-09T09:17:39Z</time></trkpt>
			<trkpt lat="42.3489200" lon="13.7997700"><ele>1473.615</ele><time>2024-02-09T09:17:39Z</time></trkpt>
			<trkpt lat="42.3489700" lon="13.8001400"><ele>1469.002</ele><time>2024-02-09T09:17:39Z</time></trkpt>
			<trkpt lat="42.3490300" lon="13.8003100"><ele>1464.752</ele><time>2024-02-09T09:17:39Z</time></trkpt>
			<trkpt lat="42.3491500" lon="13.8003700"><ele>1461.012</ele><time>2024-02-09T09:17:39Z</time></trkpt>
			<trkpt lat="42.3492800" lon="13.8004800"><ele>1457.531</ele><time>2024-02-09T09:17:39Z</time></trkpt>
			<trkpt lat="42.3493400" lon="13.8005600"><ele>1456.02</ele><time>2024-02-09T09:17:39Z</time></trkpt>
			<trkpt lat="42.3493200" lon="13.8006300"><ele>1454.496</ele><time>2024-02-09T09:17:39Z</time></trkpt>
			<trkpt lat="42.3492200" lon="13.8007000"><ele>1453.464</ele><time>2024-02-09T09:17:39Z</time></trkpt>
			<trkpt lat="42.3490200" lon="13.8007700"><ele>1453.408</ele><time>2024-02-09T09:17:39Z</time></trkpt>
			<trkpt lat="42.3489100" lon="13.8009100"><ele>1451.923</ele><time>2024-02-09T09:17:39Z</time></trkpt>
			<trkpt lat="42.3488900" lon="13.8010100"><ele>1451.077</ele><time>2024-02-09T09:17:39Z</time></trkpt>
			<trkpt lat="42.3489100" lon="13.8011600"><ele>1448.992</ele><time>2024-02-09T09:17:39Z</time></trkpt>
			<trkpt lat="42.3490600" lon="13.8013400"><ele>1444.24</ele><time>2024-02-09T09:17:39Z</time></trkpt>
			<trkpt lat="42.3492600" lon="13.8016700"><ele>1438.332</ele><time>2024-02-09T09:17:39Z</time></trkpt>
			<trkpt lat="42.3494000" lon="13.8018700"><ele>1436.822</ele><time>2024-02-09T09:17:39Z</time></trkpt>
			<trkpt lat="42.3495300" lon="13.8020500"><ele>1434.678</ele><time>2024-02-09T09:17:39Z</time></trkpt>
			<trkpt lat="42.3498000" lon="13.8022800"><ele>1428.34</ele><time>2024-02-09T09:17:39Z</time></trkpt>
			<trkpt lat="42.3498600" lon="13.8024200"><ele>1427.246</ele><time>2024-02-09T09:17:39Z</time></trkpt>
			<trkpt lat="42.3498600" lon="13.8026600"><ele>1428.693</ele><time>2024-02-09T09:17:39Z</time></trkpt>
			<trkpt lat="42.3498900" lon="13.8028100"><ele>1428.564</ele><time>2024-02-09T09:17:39Z</time></trkpt>
			<trkpt lat="42.3499200" lon="13.8028700"><ele>1427.691</ele><time>2024-02-09T09:17:39Z</time></trkpt>
			<trkpt lat="42.3500100" lon="13.8033000"><ele>1429.193</ele><time>2024-02-09T09:17:39Z</time></trkpt>
			<trkpt lat="42.3500800" lon="13.8036900"><ele>1432.046</ele><time>2024-02-09T09:17:39Z</time></trkpt>
			<trkpt lat="42.3500900" lon="13.8040700"><ele>1433.056</ele><time>2024-02-09T09:17:39Z</time></trkpt>
			<trkpt lat="42.3502700" lon="13.8043900"><ele>1429.168</ele><time>2024-02-09T09:17:39Z</time></trkpt>
			<trkpt lat="42.3504000" lon="13.8045800"><ele>1427.084</ele><time>2024-02-09T09:17:39Z</time></trkpt>
			<trkpt lat="42.3507300" lon="13.8050300"><ele>1420.42</ele><time>2024-02-09T09:17:39Z</time></trkpt>
			<trkpt lat="42.3509700" lon="13.8054200"><ele>1417.312</ele><time>2024-02-09T09:17:39Z</time></trkpt>
			<trkpt lat="42.3510400" lon="13.8058600"><ele>1419.344</ele><time>2024-02-09T09:17:39Z</time></trkpt>
			<trkpt lat="42.3510400" lon="13.8062000"><ele>1425.81</ele><time>2024-02-09T09:17:39Z</time></trkpt>
			<trkpt lat="42.3509400" lon="13.8065200"><ele>1431.171</ele><time>2024-02-09T09:17:39Z</time></trkpt>
			<trkpt lat="42.3508000" lon="13.8068900"><ele>1437.304</ele><time>2024-02-09T09:17:39Z</time></trkpt>
			<trkpt lat="42.3508200" lon="13.8074300"><ele>1442.46</ele><time>2024-02-09T09:17:39Z</time></trkpt>
			<trkpt lat="42.3509900" lon="13.8077700"><ele>1445.308</ele><time>2024-02-09T09:17:39Z</time></trkpt>
			<trkpt lat="42.3513200" lon="13.8081600"><ele>1444.112</ele><time>2024-02-09T09:17:39Z</time></trkpt>
			<trkpt lat="42.3514500" lon="13.8083000"><ele>1443.406</ele><time>2024-02-09T09:17:39Z</time></trkpt>
			<trkpt lat="42.3515200" lon="13.8084100"><ele>1444.181</ele><time>2024-02-09T09:17:39Z</time></trkpt>
			<trkpt lat="42.3516300" lon="13.8084800"><ele>1442.981</ele><time>2024-02-09T09:17:39Z</time></trkpt>
			<trkpt lat="42.3518700" lon="13.8083200"><ele>1437.861</ele><time>2024-02-09T09:17:39Z</time></trkpt>
			<trkpt lat="42.3521000" lon="13.8084800"><ele>1435.913</ele><time>2024-02-09T09:17:39Z</time></trkpt>
			<trkpt lat="42.3522300" lon="13.8087700"><ele>1433.368</ele><time>2024-02-09T09:17:39Z</time></trkpt>
			<trkpt lat="42.3523700" lon="13.8092500"><ele>1430.153</ele><time>2024-02-09T09:17:39Z</time></trkpt>
			<trkpt lat="42.3525800" lon="13.8099500"><ele>1427.616</ele><time>2024-02-09T09:17:39Z</time></trkpt>
			<trkpt lat="42.3527300" lon="13.8103200"><ele>1426.216</ele><time>2024-02-09T09:17:39Z</time></trkpt>
			<trkpt lat="42.3528400" lon="13.8107600"><ele>1426.675</ele><time>2024-02-09T09:17:39Z</time></trkpt>
			<trkpt lat="42.3537200" lon="13.8128300"><ele>1432.564</ele><time>2024-02-09T09:17:39Z</time></trkpt>
			<trkpt lat="42.3539200" lon="13.8129900"><ele>1434.516</ele><time>2024-02-09T09:17:39Z</time></trkpt>
			<trkpt lat="42.3542000" lon="13.8131400"><ele>1437.848</ele><time>2024-02-09T09:17:39Z</time></trkpt>
			<trkpt lat="42.3543600" lon="13.8134500"><ele>1441.944</ele><time>2024-02-09T09:17:39Z</time></trkpt>
			<trkpt lat="42.3543800" lon="13.8136900"><ele>1445.876</ele><time>2024-02-09T09:17:39Z</time></trkpt>
			<trkpt lat="42.3543000" lon="13.8139100"><ele>1448.661</ele><time>2024-02-09T09:17:39Z</time></trkpt>
			<trkpt lat="42.3540300" lon="13.8143100"><ele>1452.343</ele><time>2024-02-09T09:17:39Z</time></trkpt>
			<trkpt lat="42.3536200" lon="13.8145500"><ele>1454.152</ele><time>2024-02-09T09:17:39Z</time></trkpt>
			<trkpt lat="42.3531600" lon="13.8149000"><ele>1458.161</ele><time>2024-02-09T09:17:39Z</time></trkpt>
			<trkpt lat="42.3528800" lon="13.8152000"><ele>1459.088</ele><time>2024-02-09T09:17:39Z</time></trkpt>
			<trkpt lat="42.3528700" lon="13.8155600"><ele>1459</ele><time>2024-02-09T09:17:39Z</time></trkpt>
			<trkpt lat="42.3529600" lon="13.8156900"><ele>1459</ele><time>2024-02-09T09:17:39Z</time></trkpt>
			<trkpt lat="42.3531100" lon="13.8157300"><ele>1459.661</ele><time>2024-02-09T09:17:39Z</time></trkpt>
			<trkpt lat="42.3532900" lon="13.8157000"><ele>1461.937</ele><time>2024-02-09T09:17:39Z</time></trkpt>
			<trkpt lat="42.3536200" lon="13.8154900"><ele>1465.501</ele><time>2024-02-09T09:17:39Z</time></trkpt>
			<trkpt lat="42.3539000" lon="13.8153300"><ele>1469.165</ele><time>2024-02-09T09:17:39Z</time></trkpt>
			<trkpt lat="42.3543400" lon="13.8148000"><ele>1467.319</ele><time>2024-02-09T09:17:39Z</time></trkpt>
			<trkpt lat="42.3548100" lon="13.8143500"><ele>1469.963</ele><time>2024-02-09T09:17:39Z</time></trkpt>
			<trkpt lat="42.3558100" lon="13.8135200"><ele>1471.268</ele><time>2024-02-09T09:17:39Z</time></trkpt>
			<trkpt lat="42.3564400" lon="13.8132900"><ele>1473.304</ele><time>2024-02-09T09:17:39Z</time></trkpt>
			<trkpt lat="42.3566900" lon="13.8132100"><ele>1473.663</ele><time>2024-02-09T09:17:39Z</time></trkpt>
			<trkpt lat="42.3571400" lon="13.8130800"><ele>1472.682</ele><time>2024-02-09T09:17:39Z</time></trkpt>
			<trkpt lat="42.3578900" lon="13.8124900"><ele>1469.536</ele><time>2024-02-09T09:17:39Z</time></trkpt>
			<trkpt lat="42.3583400" lon="13.8122400"><ele>1472.541</ele><time>2024-02-09T09:17:39Z</time></trkpt>
			<trkpt lat="42.3590300" lon="13.8121500"><ele>1476.832</ele><time>2024-02-09T09:17:39Z</time></trkpt>
			<trkpt lat="42.3595600" lon="13.8122100"><ele>1477.204</ele><time>2024-02-09T09:17:39Z</time></trkpt>
			<trkpt lat="42.3597900" lon="13.8126000"><ele>1482.608</ele><time>2024-02-09T09:17:39Z</time></trkpt>
			<trkpt lat="42.3597900" lon="13.8131700"><ele>1483.875</ele><time>2024-02-09T09:17:39Z</time></trkpt>
			<trkpt lat="42.3597500" lon="13.8138200"><ele>1483.375</ele><time>2024-02-09T09:17:39Z</time></trkpt>
			<trkpt lat="42.3598200" lon="13.8147300"><ele>1480.63</ele><time>2024-02-09T09:17:39Z</time></trkpt>
			<trkpt lat="42.3602800" lon="13.8151900"><ele>1477.722</ele><time>2024-02-09T09:17:39Z</time></trkpt>
			<trkpt lat="42.3610300" lon="13.8163800"><ele>1471.971</ele><time>2024-02-09T09:17:39Z</time></trkpt>
			<trkpt lat="42.3614300" lon="13.8169200"><ele>1467.481</ele><time>2024-02-09T09:17:39Z</time></trkpt>
			<trkpt lat="42.3618800" lon="13.8178100"><ele>1466.517</ele><time>2024-02-09T09:17:39Z</time></trkpt>
			<trkpt lat="42.3619900" lon="13.8181800"><ele>1464.089</ele><time>2024-02-09T09:17:39Z</time></trkpt>
			<trkpt lat="42.3620100" lon="13.8185900"><ele>1464.744</ele><time>2024-02-09T09:17:39Z</time></trkpt>
			<trkpt lat="42.3620500" lon="13.8188500"><ele>1465.287</ele><time>2024-02-09T09:17:39Z</time></trkpt>
			<trkpt lat="42.3621000" lon="13.8191000"><ele>1466.28</ele><time>2024-02-09T09:17:39Z</time></trkpt>
			<trkpt lat="42.3621300" lon="13.8196300"><ele>1469.22</ele><time>2024-02-09T09:17:39Z</time></trkpt>
			<trkpt lat="42.3621300" lon="13.8196300"><ele>1469.22</ele><time>2024-02-09T09:17:39Z</time></trkpt>
			<trkpt lat="42.3620400" lon="13.8200800"><ele>1473.106</ele><time>2024-02-09T09:17:39Z</time></trkpt>
			<trkpt lat="42.3618800" lon="13.8205000"><ele>1468.861</ele><time>2024-02-09T09:17:39Z</time></trkpt>
			<trkpt lat="42.3617400" lon="13.8206900"><ele>1465.239</ele><time>2024-02-09T09:17:39Z</time></trkpt>
			<trkpt lat="42.3606200" lon="13.8212300"><ele>1460.09</ele><time>2024-02-09T09:17:39Z</time></trkpt>
			<trkpt lat="42.3606000" lon="13.8213600"><ele>1455.83</ele><time>2024-02-09T09:17:39Z</time></trkpt>
			<trkpt lat="42.3606500" lon="13.8215300"><ele>1455.991</ele><time>2024-02-09T09:17:39Z</time></trkpt>
			<trkpt lat="42.3608300" lon="13.8216600"><ele>1452.142</ele><time>2024-02-09T09:17:39Z</time></trkpt>
			<trkpt lat="42.3610800" lon="13.8215800"><ele>1449.96</ele><time>2024-02-09T09:17:39Z</time></trkpt>
			<trkpt lat="42.3613800" lon="13.8215000"><ele>1444.779</ele><time>2024-02-09T09:17:39Z</time></trkpt>
			<trkpt lat="42.3615400" lon="13.8214900"><ele>1442.608</ele><time>2024-02-09T09:17:39Z</time></trkpt>
			<trkpt lat="42.3618500" lon="13.8215200"><ele>1438.989</ele><time>2024-02-09T09:17:39Z</time></trkpt>
			<trkpt lat="42.3621700" lon="13.8216100"><ele>1435.743</ele><time>2024-02-09T09:17:39Z</time></trkpt>
			<trkpt lat="42.3624800" lon="13.8216700"><ele>1432.988</ele><time>2024-02-09T09:17:39Z</time></trkpt>
			<trkpt lat="42.3626700" lon="13.8216400"><ele>1431.688</ele><time>2024-02-09T09:17:39Z</time></trkpt>
			<trkpt lat="42.3628000" lon="13.8216800"><ele>1428.669</ele><time>2024-02-09T09:17:39Z</time></trkpt>
			<trkpt lat="42.3630700" lon="13.8217900"><ele>1423.866</ele><time>2024-02-09T09:17:39Z</time></trkpt>
			<trkpt lat="42.3633200" lon="13.8221300"><ele>1417.62</ele><time>2024-02-09T09:17:39Z</time></trkpt>
			<trkpt lat="42.3638100" lon="13.8223600"><ele>1416.196</ele><time>2024-02-09T09:17:39Z</time></trkpt>
			<trkpt lat="42.3641400" lon="13.8224900"><ele>1410.788</ele><time>2024-02-09T09:17:39Z</time></trkpt>
			<trkpt lat="42.3645300" lon="13.8225200"><ele>1407.54</ele><time>2024-02-09T09:17:39Z</time></trkpt>
			<trkpt lat="42.3647800" lon="13.8227400"><ele>1406.63</ele><time>2024-02-09T09:17:39Z</time></trkpt>
			<trkpt lat="42.3648200" lon="13.8230300"><ele>1409.508</ele><time>2024-02-09T09:17:39Z</time></trkpt>
			<trkpt lat="42.3648200" lon="13.8238600"><ele>1405.348</ele><time>2024-02-09T09:17:39Z</time></trkpt>
			<trkpt lat="42.3649600" lon="13.8243900"><ele>1399.14</ele><time>2024-02-09T09:17:39Z</time></trkpt>
			<trkpt lat="42.3652100" lon="13.8249800"><ele>1391.451</ele><time>2024-02-09T09:17:39Z</time></trkpt>
			<trkpt lat="42.3654200" lon="13.8257800"><ele>1386.291</ele><time>2024-02-09T09:17:39Z</time></trkpt>
			<trkpt lat="42.3659500" lon="13.8274500"><ele>1374.98</ele><time>2024-02-09T09:17:39Z</time></trkpt>
			<trkpt lat="42.3662000" lon="13.8281200"><ele>1368.95</ele><time>2024-02-09T09:17:39Z</time></trkpt>
			<trkpt lat="42.3664800" lon="13.8284700"><ele>1367.193</ele><time>2024-02-09T09:17:39Z</time></trkpt>
			<trkpt lat="42.3668500" lon="13.8288400"><ele>1362.556</ele><time>2024-02-09T09:17:39Z</time></trkpt>
			<trkpt lat="42.3672900" lon="13.8291600"><ele>1361.817</ele><time>2024-02-09T09:17:39Z</time></trkpt>
			<trkpt lat="42.3677100" lon="13.8293800"><ele>1365.426</ele><time>2024-02-09T09:17:39Z</time></trkpt>
			<trkpt lat="42.3679300" lon="13.8296900"><ele>1358.65</ele><time>2024-02-09T09:17:39Z</time></trkpt>
			<trkpt lat="42.3682100" lon="13.8298200"><ele>1358.235</ele><time>2024-02-09T09:17:39Z</time></trkpt>
			<trkpt lat="42.3684800" lon="13.8299400"><ele>1358.314</ele><time>2024-02-09T09:17:39Z</time></trkpt>
			<trkpt lat="42.3686200" lon="13.8299500"><ele>1359.86</ele><time>2024-02-09T09:17:39Z</time></trkpt>
			<trkpt lat="42.3687500" lon="13.8300100"><ele>1359.194</ele><time>2024-02-09T09:17:39Z</time></trkpt>
			<trkpt lat="42.3688800" lon="13.8301800"><ele>1356.029</ele><time>2024-02-09T09:17:39Z</time></trkpt>
			<trkpt lat="42.3690300" lon="13.8303000"><ele>1354.861</ele><time>2024-02-09T09:17:39Z</time></trkpt>
			<trkpt lat="42.3691800" lon="13.8304500"><ele>1353.268</ele><time>2024-02-09T09:17:39Z</time></trkpt>
			<trkpt lat="42.3693800" lon="13.8306500"><ele>1351.815</ele><time>2024-02-09T09:17:39Z</time></trkpt>
			<trkpt lat="42.3694600" lon="13.8307500"><ele>1352.141</ele><time>2024-02-09T09:17:39Z</time></trkpt>
			<trkpt lat="42.3695400" lon="13.8309300"><ele>1350.756</ele><time>2024-02-09T09:17:39Z</time></trkpt>
			<trkpt lat="42.3697500" lon="13.8311200"><ele>1350.85</ele><time>2024-02-09T09:17:39Z</time></trkpt>
			<trkpt lat="42.3703200" lon="13.8313500"><ele>1349.916</ele><time>2024-02-09T09:17:39Z</time></trkpt>
			<trkpt lat="42.3708100" lon="13.8315600"><ele>1347.468</ele><time>2024-02-09T09:17:39Z</time></trkpt>
			<trkpt lat="42.3713100" lon="13.8317700"><ele>1345.112</ele><time>2024-02-09T09:17:39Z</time></trkpt>
			<trkpt lat="42.3717300" lon="13.8319500"><ele>1342.593</ele><time>2024-02-09T09:17:39Z</time></trkpt>
			<trkpt lat="42.3717300" lon="13.8321700"><ele>1338.994</ele><time>2024-02-09T09:17:39Z</time></trkpt>
			<trkpt lat="42.3718600" lon="13.8325600"><ele>1335.531</ele><time>2024-02-09T09:17:39Z</time></trkpt>
			<trkpt lat="42.3721700" lon="13.8327800"><ele>1335.375</ele><time>2024-02-09T09:17:39Z</time></trkpt>
			<trkpt lat="42.3721700" lon="13.8327800"><ele>1335.375</ele><time>2024-02-09T09:17:39Z</time></trkpt>
			<trkpt lat="42.3724700" lon="13.8329700"><ele>1329.915</ele><time>2024-02-09T09:17:39Z</time></trkpt>
			<trkpt lat="42.3725900" lon="13.8330700"><ele>1327.416</ele><time>2024-02-09T09:17:39Z</time></trkpt>
			<trkpt lat="42.3726500" lon="13.8331200"><ele>1326.3</ele><time>2024-02-09T09:17:39Z</time></trkpt>
			<trkpt lat="42.3727400" lon="13.8331700"><ele>1325.076</ele><time>2024-02-09T09:17:39Z</time></trkpt>
			<trkpt lat="42.3727700" lon="13.8331900"><ele>1324.608</ele><time>2024-02-09T09:17:39Z</time></trkpt>
			<trkpt lat="42.3728500" lon="13.8332900"><ele>1322</ele><time>2024-02-09T09:17:39Z</time></trkpt>
			<trkpt lat="42.3729400" lon="13.8333600"><ele>1319.864</ele><time>2024-02-09T09:17:39Z</time></trkpt>
			<trkpt lat="42.3730400" lon="13.8334300"><ele>1317.776</ele><time>2024-02-09T09:17:39Z</time></trkpt>
			<trkpt lat="42.3731500" lon="13.8335000"><ele>1315.784</ele><time>2024-02-09T09:17:39Z</time></trkpt>
			<trkpt lat="42.3732500" lon="13.8335900"><ele>1313.851</ele><time>2024-02-09T09:17:39Z</time></trkpt>
			<trkpt lat="42.3733500" lon="13.8336600"><ele>1312.359</ele><time>2024-02-09T09:17:39Z</time></trkpt>
			<trkpt lat="42.3734300" lon="13.8336900"><ele>1310.791</ele><time>2024-02-09T09:17:39Z</time></trkpt>
			<trkpt lat="42.3735200" lon="13.8337600"><ele>1308.928</ele><time>2024-02-09T09:17:39Z</time></trkpt>
			<trkpt lat="42.3735900" lon="13.8338100"><ele>1307.61</ele><time>2024-02-09T09:17:39Z</time></trkpt>
			<trkpt lat="42.3736600" lon="13.8338700"><ele>1306.188</ele><time>2024-02-09T09:17:39Z</time></trkpt>
			<trkpt lat="42.3737300" lon="13.8339000"><ele>1304.837</ele><time>2024-02-09T09:17:39Z</time></trkpt>
			<trkpt lat="42.3737800" lon="13.8339500"><ele>1303.874</ele><time>2024-02-09T09:17:39Z</time></trkpt>
			<trkpt lat="42.3738000" lon="13.8340100"><ele>1303.46</ele><time>2024-02-09T09:17:39Z</time></trkpt>
			<trkpt lat="42.3738300" lon="13.8341100"><ele>1302.891</ele><time>2024-02-09T09:17:39Z</time></trkpt>
			<trkpt lat="42.3738900" lon="13.8342000"><ele>1302.097</ele><time>2024-02-09T09:17:39Z</time></trkpt>
			<trkpt lat="42.3739400" lon="13.8342600"><ele>1301.356</ele><time>2024-02-09T09:17:39Z</time></trkpt>
			<trkpt lat="42.3740200" lon="13.8343300"><ele>1300.311</ele><time>2024-02-09T09:17:39Z</time></trkpt>
			<trkpt lat="42.3740800" lon="13.8343900"><ele>1299.782</ele><time>2024-02-09T09:17:39Z</time></trkpt>
			<trkpt lat="42.3741300" lon="13.8344300"><ele>1299.386</ele><time>2024-02-09T09:17:39Z</time></trkpt>
			<trkpt lat="42.3741900" lon="13.8344500"><ele>1298.618</ele><time>2024-02-09T09:17:39Z</time></trkpt>
			<trkpt lat="42.3742600" lon="13.8344400"><ele>1297.283</ele><time>2024-02-09T09:17:39Z</time></trkpt>
			<trkpt lat="42.3743200" lon="13.8344300"><ele>1296.141</ele><time>2024-02-09T09:17:39Z</time></trkpt>
			<trkpt lat="42.3743900" lon="13.8344000"><ele>1294.757</ele><time>2024-02-09T09:17:39Z</time></trkpt>
			<trkpt lat="42.3744400" lon="13.8343800"><ele>1293.841</ele><time>2024-02-09T09:17:39Z</time></trkpt>
			<trkpt lat="42.3744900" lon="13.8343900"><ele>1292.656</ele><time>2024-02-09T09:17:39Z</time></trkpt>
			<trkpt lat="42.3745500" lon="13.8343800"><ele>1291.108</ele><time>2024-02-09T09:17:39Z</time></trkpt>
			<trkpt lat="42.3746200" lon="13.8343700"><ele>1289.308</ele><time>2024-02-09T09:17:39Z</time></trkpt>
			<trkpt lat="42.3746700" lon="13.8343600"><ele>1288.012</ele><time>2024-02-09T09:17:39Z</time></trkpt>
			<trkpt lat="42.3747400" lon="13.8343300"><ele>1286.257</ele><time>2024-02-09T09:17:39Z</time></trkpt>
			<trkpt lat="42.3748000" lon="13.8343000"><ele>1285.091</ele><time>2024-02-09T09:17:39Z</time></trkpt>
			<trkpt lat="42.3748900" lon="13.8342800"><ele>1283.499</ele><time>2024-02-09T09:17:39Z</time></trkpt>
			<trkpt lat="42.3749500" lon="13.8342500"><ele>1282.528</ele><time>2024-02-09T09:17:39Z</time></trkpt>
			<trkpt lat="42.3750300" lon="13.8342400"><ele>1281.247</ele><time>2024-02-09T09:17:39Z</time></trkpt>
			<trkpt lat="42.3750800" lon="13.8342400"><ele>1280.432</ele><time>2024-02-09T09:17:39Z</time></trkpt>
			<trkpt lat="42.3751300" lon="13.8342800"><ele>1279.338</ele><time>2024-02-09T09:17:39Z</time></trkpt>
			<trkpt lat="42.3751700" lon="13.8343400"><ele>1278.164</ele><time>2024-02-09T09:17:39Z</time></trkpt>
			<trkpt lat="42.3752000" lon="13.8344100"><ele>1276.983</ele><time>2024-02-09T09:17:39Z</time></trkpt>
			<trkpt lat="42.3752300" lon="13.8344500"><ele>1276.222</ele><time>2024-02-09T09:17:39Z</time></trkpt>
			<trkpt lat="42.3752500" lon="13.8344800"><ele>1276.842</ele><time>2024-02-09T09:17:39Z</time></trkpt>
			<trkpt lat="42.3752800" lon="13.8345500"><ele>1278.747</ele><time>2024-02-09T09:17:39Z</time></trkpt>
			<trkpt lat="42.3753200" lon="13.8345500"><ele>1277.794</ele><time>2024-02-09T09:17:39Z</time></trkpt>
			<trkpt lat="42.3753800" lon="13.8345100"><ele>1274.871</ele><time>2024-02-09T09:17:39Z</time></trkpt>
			<trkpt lat="42.3754200" lon="13.8345000"><ele>1273.518</ele><time>2024-02-09T09:17:39Z</time></trkpt>
			<trkpt lat="42.3754700" lon="13.8345200"><ele>1273.064</ele><time>2024-02-09T09:17:39Z</time></trkpt>
			<trkpt lat="42.3755100" lon="13.8345600"><ele>1273.656</ele><time>2024-02-09T09:17:39Z</time></trkpt>
			<trkpt lat="42.3755700" lon="13.8345900"><ele>1273.373</ele><time>2024-02-09T09:17:39Z</time></trkpt>
			<trkpt lat="42.3756200" lon="13.8345900"><ele>1272.018</ele><time>2024-02-09T09:17:39Z</time></trkpt>
			<trkpt lat="42.3756500" lon="13.8346300"><ele>1272.741</ele><time>2024-02-09T09:17:39Z</time></trkpt>
			<trkpt lat="42.3756700" lon="13.8346900"><ele>1274.476</ele><time>2024-02-09T09:17:39Z</time></trkpt>
			<trkpt lat="42.3756900" lon="13.8347600"><ele>1276.628</ele><time>2024-02-09T09:17:39Z</time></trkpt>
			<trkpt lat="42.3757100" lon="13.8348300"><ele>1278.777</ele><time>2024-02-09T09:17:39Z</time></trkpt>
			<trkpt lat="42.3757400" lon="13.8348600"><ele>1278.981</ele><time>2024-02-09T09:17:39Z</time></trkpt>
			<trkpt lat="42.3757800" lon="13.8348900"><ele>1278.808</ele><time>2024-02-09T09:17:39Z</time></trkpt>
			<trkpt lat="42.3758200" lon="13.8349300"><ele>1278.936</ele><time>2024-02-09T09:17:39Z</time></trkpt>
			<trkpt lat="42.3758700" lon="13.8349700"><ele>1278.511</ele><time>2024-02-09T09:17:39Z</time></trkpt>
			<trkpt lat="42.3759300" lon="13.8350100"><ele>1277.473</ele><time>2024-02-09T09:17:39Z</time></trkpt>
			<trkpt lat="42.3759700" lon="13.8350200"><ele>1276.199</ele><time>2024-02-09T09:17:39Z</time></trkpt>
			<trkpt lat="42.3760300" lon="13.8350600"><ele>1275.093</ele><time>2024-02-09T09:17:39Z</time></trkpt>
			<trkpt lat="42.3760900" lon="13.8351200"><ele>1274.691</ele><time>2024-02-09T09:17:39Z</time></trkpt>
			<trkpt lat="42.3761300" lon="13.8351700"><ele>1274.949</ele><time>2024-02-09T09:17:39Z</time></trkpt>
			<trkpt lat="42.3761600" lon="13.8352100"><ele>1275.306</ele><time>2024-02-09T09:17:39Z</time></trkpt>
			<trkpt lat="42.3762300" lon="13.8352600"><ele>1274.627</ele><time>2024-02-09T09:17:39Z</time></trkpt>
			<trkpt lat="42.3762900" lon="13.8353000"><ele>1273.032</ele><time>2024-02-09T09:17:39Z</time></trkpt>
			<trkpt lat="42.3763200" lon="13.8353400"><ele>1271.556</ele><time>2024-02-09T09:17:39Z</time></trkpt>
			<trkpt lat="42.3763600" lon="13.8353800"><ele>1269.402</ele><time>2024-02-09T09:17:39Z</time></trkpt>
			<trkpt lat="42.3763800" lon="13.8354400"><ele>1267.518</ele><time>2024-02-09T09:17:39Z</time></trkpt>
			<trkpt lat="42.3763500" lon="13.8355600"><ele>1267.364</ele><time>2024-02-09T09:17:39Z</time></trkpt>
			<trkpt lat="42.3763400" lon="13.8356600"><ele>1267.616</ele><time>2024-02-09T09:17:39Z</time></trkpt>
			<trkpt lat="42.3763200" lon="13.8357600"><ele>1268.48</ele><time>2024-02-09T09:17:39Z</time></trkpt>
			<trkpt lat="42.3763200" lon="13.8358300"><ele>1268.228</ele><time>2024-02-09T09:17:39Z</time></trkpt>
			<trkpt lat="42.3763000" lon="13.8359100"><ele>1269.352</ele><time>2024-02-09T09:17:39Z</time></trkpt>
			<trkpt lat="42.3763000" lon="13.8359900"><ele>1269.26</ele><time>2024-02-09T09:17:39Z</time></trkpt>
			<trkpt lat="42.3763300" lon="13.8360600"><ele>1267.431</ele><time>2024-02-09T09:17:39Z</time></trkpt>
			<trkpt lat="42.3763800" lon="13.8361400"><ele>1264.817</ele><time>2024-02-09T09:17:39Z</time></trkpt>
			<trkpt lat="42.3764100" lon="13.8362100"><ele>1263.781</ele><time>2024-02-09T09:17:39Z</time></trkpt>
			<trkpt lat="42.3764300" lon="13.8363000"><ele>1263.678</ele><time>2024-02-09T09:17:39Z</time></trkpt>
			<trkpt lat="42.3764700" lon="13.8363500"><ele>1262.077</ele><time>2024-02-09T09:17:39Z</time></trkpt>
			<trkpt lat="42.3765100" lon="13.8364000"><ele>1260.7</ele><time>2024-02-09T09:17:39Z</time></trkpt>
			<trkpt lat="42.3765900" lon="13.8364600"><ele>1257.676</ele><time>2024-02-09T09:17:39Z</time></trkpt>
			<trkpt lat="42.3766300" lon="13.8365400"><ele>1257.244</ele><time>2024-02-09T09:17:39Z</time></trkpt>
			<trkpt lat="42.3766800" lon="13.8365900"><ele>1255.397</ele><time>2024-02-09T09:17:39Z</time></trkpt>
			<trkpt lat="42.3767000" lon="13.8366800"><ele>1255.738</ele><time>2024-02-09T09:17:39Z</time></trkpt>
			<trkpt lat="42.3767500" lon="13.8367600"><ele>1252.907</ele><time>2024-02-09T09:17:39Z</time></trkpt>
			<trkpt lat="42.3768000" lon="13.8368700"><ele>1250.245</ele><time>2024-02-09T09:17:39Z</time></trkpt>
			<trkpt lat="42.3768300" lon="13.8369600"><ele>1248.787</ele><time>2024-02-09T09:17:39Z</time></trkpt>
			<trkpt lat="42.3768600" lon="13.8370500"><ele>1247.26</ele><time>2024-02-09T09:17:39Z</time></trkpt>
			<trkpt lat="42.3768700" lon="13.8371500"><ele>1247.306</ele><time>2024-02-09T09:17:39Z</time></trkpt>
			<trkpt lat="42.3768900" lon="13.8372500"><ele>1246.292</ele><time>2024-02-09T09:17:39Z</time></trkpt>
			<trkpt lat="42.3769300" lon="13.8373200"><ele>1243.126</ele><time>2024-02-09T09:17:39Z</time></trkpt>
			<trkpt lat="42.3769500" lon="13.8374100"><ele>1241.6</ele><time>2024-02-09T09:17:39Z</time></trkpt>
			<trkpt lat="42.3769500" lon="13.8375200"><ele>1241.457</ele><time>2024-02-09T09:17:39Z</time></trkpt>
			<trkpt lat="42.3769700" lon="13.8376400"><ele>1239.198</ele><time>2024-02-09T09:17:39Z</time></trkpt>
			<trkpt lat="42.3770000" lon="13.8377300"><ele>1236.51</ele><time>2024-02-09T09:17:39Z</time></trkpt>
			<trkpt lat="42.3770400" lon="13.8378500"><ele>1232.944</ele><time>2024-02-09T09:17:39Z</time></trkpt>
			<trkpt lat="42.3770800" lon="13.8379700"><ele>1229.344</ele><time>2024-02-09T09:17:39Z</time></trkpt>
			<trkpt lat="42.3771300" lon="13.8381000"><ele>1224.722</ele><time>2024-02-09T09:17:39Z</time></trkpt>
			<trkpt lat="42.3771300" lon="13.8382300"><ele>1223.007</ele><time>2024-02-09T09:17:39Z</time></trkpt>
			<trkpt lat="42.3771400" lon="13.8383300"><ele>1221.075</ele><time>2024-02-09T09:17:39Z</time></trkpt>
			<trkpt lat="42.3771700" lon="13.8384500"><ele>1217.857</ele><time>2024-02-09T09:17:39Z</time></trkpt>
			<trkpt lat="42.3772100" lon="13.8385500"><ele>1214.374</ele><time>2024-02-09T09:17:39Z</time></trkpt>
			<trkpt lat="42.3772700" lon="13.8386800"><ele>1210.483</ele><time>2024-02-09T09:17:39Z</time></trkpt>
			<trkpt lat="42.3772800" lon="13.8387700"><ele>1209.479</ele><time>2024-02-09T09:17:39Z</time></trkpt>
			<trkpt lat="42.3773300" lon="13.8388800"><ele>1206.784</ele><time>2024-02-09T09:17:39Z</time></trkpt>
			<trkpt lat="42.3773800" lon="13.8389800"><ele>1203.44</ele><time>2024-02-09T09:17:39Z</time></trkpt>
			<trkpt lat="42.3774200" lon="13.8390500"><ele>1200.848</ele><time>2024-02-09T09:17:39Z</time></trkpt>
			<trkpt lat="42.3774700" lon="13.8391100"><ele>1198.004</ele><time>2024-02-09T09:17:39Z</time></trkpt>
			<trkpt lat="42.3775200" lon="13.8392000"><ele>1194.839</ele><time>2024-02-09T09:17:39Z</time></trkpt>
			<trkpt lat="42.3775800" lon="13.8392300"><ele>1192.082</ele><time>2024-02-09T09:17:39Z</time></trkpt>
			<trkpt lat="42.3776300" lon="13.8392000"><ele>1190.436</ele><time>2024-02-09T09:17:39Z</time></trkpt>
			<trkpt lat="42.3776800" lon="13.8391700"><ele>1188.828</ele><time>2024-02-09T09:17:39Z</time></trkpt>
			<trkpt lat="42.3777300" lon="13.8391400"><ele>1187.038</ele><time>2024-02-09T09:17:39Z</time></trkpt>
			<trkpt lat="42.3777700" lon="13.8391000"><ele>1185.568</ele><time>2024-02-09T09:17:39Z</time></trkpt>
			<trkpt lat="42.3777900" lon="13.8390400"><ele>1184.932</ele><time>2024-02-09T09:17:39Z</time></trkpt>
			<trkpt lat="42.3777900" lon="13.8389600"><ele>1185.195</ele><time>2024-02-09T09:17:39Z</time></trkpt>
			<trkpt lat="42.3778300" lon="13.8389100"><ele>1183.509</ele><time>2024-02-09T09:17:39Z</time></trkpt>
			<trkpt lat="42.3778600" lon="13.8388200"><ele>1182.005</ele><time>2024-02-09T09:17:39Z</time></trkpt>
			<trkpt lat="42.3778900" lon="13.8387300"><ele>1180.286</ele><time>2024-02-09T09:17:39Z</time></trkpt>
			<trkpt lat="42.3779200" lon="13.8386600"><ele>1178.5</ele><time>2024-02-09T09:17:39Z</time></trkpt>
			<trkpt lat="42.3779600" lon="13.8385700"><ele>1176.012</ele><time>2024-02-09T09:17:39Z</time></trkpt>
			<trkpt lat="42.3779800" lon="13.8384800"><ele>1174.608</ele><time>2024-02-09T09:17:39Z</time></trkpt>
			<trkpt lat="42.3780100" lon="13.8384100"><ele>1172.736</ele><time>2024-02-09T09:17:39Z</time></trkpt>
			<trkpt lat="42.3780300" lon="13.8383000"><ele>1171.282</ele><time>2024-02-09T09:17:39Z</time></trkpt>
			<trkpt lat="42.3780500" lon="13.8382100"><ele>1169.874</ele><time>2024-02-09T09:17:39Z</time></trkpt>
			<trkpt lat="42.3780700" lon="13.8381000"><ele>1168.284</ele><time>2024-02-09T09:17:39Z</time></trkpt>
			<trkpt lat="42.3780900" lon="13.8380400"><ele>1166.885</ele><time>2024-02-09T09:17:39Z</time></trkpt>
			<trkpt lat="42.3781300" lon="13.8379600"><ele>1164.352</ele><time>2024-02-09T09:17:39Z</time></trkpt>
			<trkpt lat="42.3781500" lon="13.8378600"><ele>1162.981</ele><time>2024-02-09T09:17:39Z</time></trkpt>
			<trkpt lat="42.3781800" lon="13.8377600"><ele>1160.936</ele><time>2024-02-09T09:17:39Z</time></trkpt>
			<trkpt lat="42.3782100" lon="13.8376700"><ele>1158.992</ele><time>2024-02-09T09:17:39Z</time></trkpt>
			<trkpt lat="42.3782600" lon="13.8376100"><ele>1155.752</ele><time>2024-02-09T09:17:39Z</time></trkpt>
			<trkpt lat="42.3783000" lon="13.8375100"><ele>1153.16</ele><time>2024-02-09T09:17:39Z</time></trkpt>
			<trkpt lat="42.3783600" lon="13.8374500"><ele>1149.656</ele><time>2024-02-09T09:17:39Z</time></trkpt>
			<trkpt lat="42.3784300" lon="13.8373300"><ele>1146.128</ele><time>2024-02-09T09:17:39Z</time></trkpt>
			<trkpt lat="42.3784700" lon="13.8372600"><ele>1144.112</ele><time>2024-02-09T09:17:39Z</time></trkpt>
			<trkpt lat="42.3785100" lon="13.8371800"><ele>1142.096</ele><time>2024-02-09T09:17:39Z</time></trkpt>
			<trkpt lat="42.3785600" lon="13.8371100"><ele>1139.576</ele><time>2024-02-09T09:17:39Z</time></trkpt>
			<trkpt lat="42.3786400" lon="13.8370300"><ele>1135.336</ele><time>2024-02-09T09:17:39Z</time></trkpt>
			<trkpt lat="42.3786800" lon="13.8369500"><ele>1133.032</ele><time>2024-02-09T09:17:39Z</time></trkpt>
			<trkpt lat="42.3787500" lon="13.8368600"><ele>1128.544</ele><time>2024-02-09T09:17:39Z</time></trkpt>
			<trkpt lat="42.3788200" lon="13.8368000"><ele>1124.057</ele><time>2024-02-09T09:17:39Z</time></trkpt>
			<trkpt lat="42.3788600" lon="13.8367500"><ele>1121.337</ele><time>2024-02-09T09:17:39Z</time></trkpt>
			<trkpt lat="42.3789100" lon="13.8366300"><ele>1117.448</ele><time>2024-02-09T09:17:39Z</time></trkpt>
			<trkpt lat="42.3789600" lon="13.8365200"><ele>1114.131</ele><time>2024-02-09T09:17:39Z</time></trkpt>
			<trkpt lat="42.3789700" lon="13.8364600"><ele>1113.399</ele><time>2024-02-09T09:17:39Z</time></trkpt>
			<trkpt lat="42.3789700" lon="13.8364300"><ele>1113.265</ele><time>2024-02-09T09:17:39Z</time></trkpt>
			<trkpt lat="42.3789700" lon="13.8364100"><ele>1113.175</ele><time>2024-02-09T09:17:39Z</time></trkpt>
			<trkpt lat="42.3789900" lon="13.8364100"><ele>1112.422</ele><time>2024-02-09T09:17:39Z</time></trkpt>
			<trkpt lat="42.3790000" lon="13.8364100"><ele>1112.046</ele><time>2024-02-09T09:17:39Z</time></trkpt>
			<trkpt lat="42.3790200" lon="13.8364000"><ele>1111.287</ele><time>2024-02-09T09:17:39Z</time></trkpt>
			<trkpt lat="42.3790400" lon="13.8364000"><ele>1110.549</ele><time>2024-02-09T09:17:39Z</time></trkpt>
			<trkpt lat="42.3790500" lon="13.8363900"><ele>1110.198</ele><time>2024-02-09T09:17:39Z</time></trkpt>
			<trkpt lat="42.3790800" lon="13.8363900"><ele>1109.115</ele><time>2024-02-09T09:17:39Z</time></trkpt>
			<trkpt lat="42.3791000" lon="13.8363900"><ele>1108.394</ele><time>2024-02-09T09:17:39Z</time></trkpt>
			<trkpt lat="42.3791200" lon="13.8363800"><ele>1107.802</ele><time>2024-02-09T09:17:39Z</time></trkpt>
			<trkpt lat="42.3791400" lon="13.8363700"><ele>1107.254</ele><time>2024-02-09T09:17:39Z</time></trkpt>
			<trkpt lat="42.3791700" lon="13.8363600"><ele>1106.46</ele><time>2024-02-09T09:17:39Z</time></trkpt>
			<trkpt lat="42.3791900" lon="13.8363500"><ele>1106.28</ele><time>2024-02-09T09:17:39Z</time></trkpt>
			<trkpt lat="42.3792100" lon="13.8363500"><ele>1105.92</ele><time>2024-02-09T09:17:39Z</time></trkpt>
			<trkpt lat="42.3792300" lon="13.8363400"><ele>1105.74</ele><time>2024-02-09T09:17:39Z</time></trkpt>
			<trkpt lat="42.3792600" lon="13.8363300"><ele>1105.38</ele><time>2024-02-09T09:17:39Z</time></trkpt>
			<trkpt lat="42.3792800" lon="13.8363300"><ele>1105.02</ele><time>2024-02-09T09:17:39Z</time></trkpt>
			<trkpt lat="42.3793100" lon="13.8363200"><ele>1104.66</ele><time>2024-02-09T09:17:39Z</time></trkpt>
			<trkpt lat="42.3793400" lon="13.8363200"><ele>1104.12</ele><time>2024-02-09T09:17:39Z</time></trkpt>
			<trkpt lat="42.3793700" lon="13.8363100"><ele>1103.76</ele><time>2024-02-09T09:17:39Z</time></trkpt>
			<trkpt lat="42.3793900" lon="13.8363000"><ele>1103.58</ele><time>2024-02-09T09:17:39Z</time></trkpt>
			<trkpt lat="42.3794300" lon="13.8363000"><ele>1102.86</ele><time>2024-02-09T09:17:39Z</time></trkpt>
			<trkpt lat="42.3794600" lon="13.8362800"><ele>1102.58</ele><time>2024-02-09T09:17:39Z</time></trkpt>
			<trkpt lat="42.3795100" lon="13.8362700"><ele>1101.522</ele><time>2024-02-09T09:17:39Z</time></trkpt>
			<trkpt lat="42.3795500" lon="13.8362500"><ele>1100.84</ele><time>2024-02-09T09:17:39Z</time></trkpt>
			<trkpt lat="42.3796000" lon="13.8362500"><ele>1099.58</ele><time>2024-02-09T09:17:39Z</time></trkpt>
			<trkpt lat="42.3796500" lon="13.8362400"><ele>1098.447</ele><time>2024-02-09T09:17:39Z</time></trkpt>
			<trkpt lat="42.3796900" lon="13.8362400"><ele>1097.428</ele><time>2024-02-09T09:17:39Z</time></trkpt>
			<trkpt lat="42.3797500" lon="13.8362300"><ele>1096.316</ele><time>2024-02-09T09:17:39Z</time></trkpt>
			<trkpt lat="42.3798100" lon="13.8362400"><ele>1095.344</ele><time>2024-02-09T09:17:39Z</time></trkpt>
			<trkpt lat="42.3798600" lon="13.8362400"><ele>1094.624</ele><time>2024-02-09T09:17:39Z</time></trkpt>
			<trkpt lat="42.3799200" lon="13.8362400"><ele>1093.76</ele><time>2024-02-09T09:17:39Z</time></trkpt>
			<trkpt lat="42.3799800" lon="13.8362300"><ele>1093.004</ele><time>2024-02-09T09:17:39Z</time></trkpt>
			<trkpt lat="42.3800400" lon="13.8362300"><ele>1092.798</ele><time>2024-02-09T09:17:39Z</time></trkpt>
			<trkpt lat="42.3800800" lon="13.8362200"><ele>1092.999</ele><time>2024-02-09T09:17:39Z</time></trkpt>
			<trkpt lat="42.3801200" lon="13.8362200"><ele>1093.087</ele><time>2024-02-09T09:17:39Z</time></trkpt>
			<trkpt lat="42.3801800" lon="13.8362200"><ele>1093.218</ele><time>2024-02-09T09:17:39Z</time></trkpt>
			<trkpt lat="42.3802300" lon="13.8362100"><ele>1093.465</ele><time>2024-02-09T09:17:39Z</time></trkpt>
			<trkpt lat="42.3802900" lon="13.8362000"><ele>1093.764</ele><time>2024-02-09T09:17:39Z</time></trkpt>
			<trkpt lat="42.3803400" lon="13.8361900"><ele>1094.088</ele><time>2024-02-09T09:17:39Z</time></trkpt>
			<trkpt lat="42.3804000" lon="13.8361800"><ele>1094.448</ele><time>2024-02-09T09:17:39Z</time></trkpt>
			<trkpt lat="42.3804600" lon="13.8361600"><ele>1094.952</ele><time>2024-02-09T09:17:39Z</time></trkpt>
			<trkpt lat="42.3805100" lon="13.8361500"><ele>1095.276</ele><time>2024-02-09T09:17:39Z</time></trkpt>
			<trkpt lat="42.3805400" lon="13.8361200"><ele>1095.816</ele><time>2024-02-09T09:17:39Z</time></trkpt>
			<trkpt lat="42.3805900" lon="13.8360900"><ele>1096.104</ele><time>2024-02-09T09:17:39Z</time></trkpt>
			<trkpt lat="42.3806400" lon="13.8360800"><ele>1096.032</ele><time>2024-02-09T09:17:39Z</time></trkpt>
			<trkpt lat="42.3807000" lon="13.8360800"><ele>1095.816</ele><time>2024-02-09T09:17:39Z</time></trkpt>
			<trkpt lat="42.3807500" lon="13.8361000"><ele>1095.42</ele><time>2024-02-09T09:17:39Z</time></trkpt>
			<trkpt lat="42.3807900" lon="13.8361200"><ele>1095.055</ele><time>2024-02-09T09:17:39Z</time></trkpt>
			<trkpt lat="42.3808300" lon="13.8361400"><ele>1094.699</ele><time>2024-02-09T09:17:39Z</time></trkpt>
			<trkpt lat="42.3808900" lon="13.8361300"><ele>1093.966</ele><time>2024-02-09T09:17:39Z</time></trkpt>
			<trkpt lat="42.3809100" lon="13.8361000"><ele>1094.016</ele><time>2024-02-09T09:17:39Z</time></trkpt>
			<trkpt lat="42.3809500" lon="13.8360800"><ele>1093.656</ele><time>2024-02-09T09:17:39Z</time></trkpt>
			<trkpt lat="42.3809900" lon="13.8360300"><ele>1093.62</ele><time>2024-02-09T09:17:39Z</time></trkpt>
			<trkpt lat="42.3810400" lon="13.8359800"><ele>1093.44</ele><time>2024-02-09T09:17:39Z</time></trkpt>
			<trkpt lat="42.3810800" lon="13.8359700"><ele>1092.972</ele><time>2024-02-09T09:17:39Z</time></trkpt>
			<trkpt lat="42.3811300" lon="13.8359500"><ele>1092.468</ele><time>2024-02-09T09:17:39Z</time></trkpt>
			<trkpt lat="42.3811900" lon="13.8359300"><ele>1091.82</ele><time>2024-02-09T09:17:39Z</time></trkpt>
			<trkpt lat="42.3812400" lon="13.8359100"><ele>1091.316</ele><time>2024-02-09T09:17:39Z</time></trkpt>
			<trkpt lat="42.3813100" lon="13.8359100"><ele>1090.308</ele><time>2024-02-09T09:17:39Z</time></trkpt>
			<trkpt lat="42.3813600" lon="13.8359300"><ele>1089.372</ele><time>2024-02-09T09:17:39Z</time></trkpt>
			<trkpt lat="42.3814000" lon="13.8359600"><ele>1088.552</ele><time>2024-02-09T09:17:39Z</time></trkpt>
			<trkpt lat="42.3814500" lon="13.8360000"><ele>1087.76</ele><time>2024-02-09T09:17:39Z</time></trkpt>
			<trkpt lat="42.3815100" lon="13.8360400"><ele>1086.896</ele><time>2024-02-09T09:17:39Z</time></trkpt>
			<trkpt lat="42.3815700" lon="13.8360400"><ele>1086.464</ele><time>2024-02-09T09:17:39Z</time></trkpt>
			<trkpt lat="42.3816200" lon="13.8360300"><ele>1086.212</ele><time>2024-02-09T09:17:39Z</time></trkpt>
			<trkpt lat="42.3817000" lon="13.8359800"><ele>1085.936</ele><time>2024-02-09T09:17:39Z</time></trkpt>
			<trkpt lat="42.3817600" lon="13.8359500"><ele>1085.396</ele><time>2024-02-09T09:17:39Z</time></trkpt>
			<trkpt lat="42.3818100" lon="13.8359100"><ele>1085.108</ele><time>2024-02-09T09:17:39Z</time></trkpt>
			<trkpt lat="42.3818600" lon="13.8358700"><ele>1084.82</ele><time>2024-02-09T09:17:39Z</time></trkpt>
			<trkpt lat="42.3819000" lon="13.8358200"><ele>1084.792</ele><time>2024-02-09T09:17:39Z</time></trkpt>
			<trkpt lat="42.3819400" lon="13.8357700"><ele>1084.752</ele><time>2024-02-09T09:17:39Z</time></trkpt>
			<trkpt lat="42.3819800" lon="13.8357200"><ele>1084.764</ele><time>2024-02-09T09:17:39Z</time></trkpt>
			<trkpt lat="42.3820200" lon="13.8356600"><ele>1084.954</ele><time>2024-02-09T09:17:39Z</time></trkpt>
			<trkpt lat="42.3820400" lon="13.8356000"><ele>1085.433</ele><time>2024-02-09T09:17:39Z</time></trkpt>
			<trkpt lat="42.3820800" lon="13.8355400"><ele>1085.733</ele><time>2024-02-09T09:17:39Z</time></trkpt>
			<trkpt lat="42.3821100" lon="13.8354700"><ele>1086.26</ele><time>2024-02-09T09:17:39Z</time></trkpt>
			<trkpt lat="42.3821400" lon="13.8354100"><ele>1086.615</ele><time>2024-02-09T09:17:39Z</time></trkpt>
			<trkpt lat="42.3821700" lon="13.8353500"><ele>1086.923</ele><time>2024-02-09T09:17:39Z</time></trkpt>
			<trkpt lat="42.3822000" lon="13.8352900"><ele>1087.184</ele><time>2024-02-09T09:17:39Z</time></trkpt>
			<trkpt lat="42.3822000" lon="13.8352100"><ele>1088.072</ele><time>2024-02-09T09:17:39Z</time></trkpt>
			<trkpt lat="42.3822100" lon="13.8351500"><ele>1088.576</ele><time>2024-02-09T09:17:39Z</time></trkpt>
			<trkpt lat="42.3822300" lon="13.8351000"><ele>1088.783</ele><time>2024-02-09T09:17:39Z</time></trkpt>
			<trkpt lat="42.3822700" lon="13.8350700"><ele>1088.553</ele><time>2024-02-09T09:17:39Z</time></trkpt>
			<trkpt lat="42.3823500" lon="13.8350500"><ele>1087.878</ele><time>2024-02-09T09:17:39Z</time></trkpt>
			<trkpt lat="42.3824000" lon="13.8350300"><ele>1087.843</ele><time>2024-02-09T09:17:39Z</time></trkpt>
			<trkpt lat="42.3824700" lon="13.8350100"><ele>1087.851</ele><time>2024-02-09T09:17:39Z</time></trkpt>
			<trkpt lat="42.3825200" lon="13.8349900"><ele>1087.352</ele><time>2024-02-09T09:17:39Z</time></trkpt>
			<trkpt lat="42.3825900" lon="13.8349500"><ele>1085.156</ele><time>2024-02-09T09:17:39Z</time></trkpt>
			<trkpt lat="42.3826400" lon="13.8349000"><ele>1083.896</ele><time>2024-02-09T09:17:39Z</time></trkpt>
			<trkpt lat="42.3826900" lon="13.8348600"><ele>1082.492</ele><time>2024-02-09T09:17:39Z</time></trkpt>
			<trkpt lat="42.3827300" lon="13.8348100"><ele>1081.628</ele><time>2024-02-09T09:17:39Z</time></trkpt>
			<trkpt lat="42.3827900" lon="13.8347500"><ele>1080.164</ele><time>2024-02-09T09:17:39Z</time></trkpt>
			<trkpt lat="42.3828500" lon="13.8347200"><ele>1078.408</ele><time>2024-02-09T09:17:39Z</time></trkpt>
			<trkpt lat="42.3829000" lon="13.8346700"><ele>1076.788</ele><time>2024-02-09T09:17:39Z</time></trkpt>
			<trkpt lat="42.3829500" lon="13.8346200"><ele>1075.168</ele><time>2024-02-09T09:17:39Z</time></trkpt>
			<trkpt lat="42.3830100" lon="13.8345900"><ele>1073.116</ele><time>2024-02-09T09:17:39Z</time></trkpt>
			<trkpt lat="42.3830500" lon="13.8345600"><ele>1071.784</ele><time>2024-02-09T09:17:39Z</time></trkpt>
			<trkpt lat="42.3830900" lon="13.8345200"><ele>1070.702</ele><time>2024-02-09T09:17:39Z</time></trkpt>
			<trkpt lat="42.3831200" lon="13.8344900"><ele>1069.942</ele><time>2024-02-09T09:17:39Z</time></trkpt>
			<trkpt lat="42.3831700" lon="13.8344700"><ele>1068.574</ele><time>2024-02-09T09:17:39Z</time></trkpt>
			<trkpt lat="42.3832100" lon="13.8344700"><ele>1067.409</ele><time>2024-02-09T09:17:39Z</time></trkpt>
			<trkpt lat="42.3832800" lon="13.8344600"><ele>1065.435</ele><time>2024-02-09T09:17:39Z</time></trkpt>
			<trkpt lat="42.3833200" lon="13.8344300"><ele>1064.431</ele><time>2024-02-09T09:17:39Z</time></trkpt>
			<trkpt lat="42.3833500" lon="13.8343900"><ele>1063.944</ele><time>2024-02-09T09:17:39Z</time></trkpt>
			<trkpt lat="42.3833800" lon="13.8343400"><ele>1063.641</ele><time>2024-02-09T09:17:39Z</time></trkpt>
			<trkpt lat="42.3834200" lon="13.8342800"><ele>1063.159</ele><time>2024-02-09T09:17:39Z</time></trkpt>
			<trkpt lat="42.3834800" lon="13.8342500"><ele>1062.218</ele><time>2024-02-09T09:17:39Z</time></trkpt>
			<trkpt lat="42.3835500" lon="13.8341900"><ele>1061.082</ele><time>2024-02-09T09:17:39Z</time></trkpt>
			<trkpt lat="42.3836200" lon="13.8341700"><ele>1059.966</ele><time>2024-02-09T09:17:39Z</time></trkpt>
			<trkpt lat="42.3836800" lon="13.8341700"><ele>1059.74</ele><time>2024-02-09T09:17:39Z</time></trkpt>
			<trkpt lat="42.3837500" lon="13.8342000"><ele>1059.26</ele><time>2024-02-09T09:17:39Z</time></trkpt>
			<trkpt lat="42.3838400" lon="13.8342300"><ele>1058.425</ele><time>2024-02-09T09:17:39Z</time></trkpt>
			<trkpt lat="42.3839200" lon="13.8342500"><ele>1057.688</ele><time>2024-02-09T09:17:39Z</time></trkpt>
			<trkpt lat="42.3840000" lon="13.8342500"><ele>1057.4</ele><time>2024-02-09T09:17:39Z</time></trkpt>
			<trkpt lat="42.3840800" lon="13.8342800"><ele>1056.68</ele><time>2024-02-09T09:17:39Z</time></trkpt>
			<trkpt lat="42.3841500" lon="13.8343300"><ele>1055.708</ele><time>2024-02-09T09:17:39Z</time></trkpt>
			<trkpt lat="42.3842000" lon="13.8343800"><ele>1055.02</ele><time>2024-02-09T09:17:39Z</time></trkpt>
			<trkpt lat="42.3842500" lon="13.8344500"><ele>1054.186</ele><time>2024-02-09T09:17:39Z</time></trkpt>
			<trkpt lat="42.3843100" lon="13.8345100"><ele>1053.222</ele><time>2024-02-09T09:17:39Z</time></trkpt>
			<trkpt lat="42.3843600" lon="13.8345600"><ele>1052.49</ele><time>2024-02-09T09:17:39Z</time></trkpt>
			<trkpt lat="42.3844000" lon="13.8346200"><ele>1051.579</ele><time>2024-02-09T09:17:39Z</time></trkpt>
			<trkpt lat="42.3844500" lon="13.8346700"><ele>1050.928</ele><time>2024-02-09T09:17:39Z</time></trkpt>
			<trkpt lat="42.3844900" lon="13.8347200"><ele>1049.879</ele><time>2024-02-09T09:17:39Z</time></trkpt>
			<trkpt lat="42.3845500" lon="13.8347600"><ele>1048.94</ele><time>2024-02-09T09:17:39Z</time></trkpt>
			<trkpt lat="42.3846100" lon="13.8348100"><ele>1047.824</ele><time>2024-02-09T09:17:39Z</time></trkpt>
			<trkpt lat="42.3846800" lon="13.8348600"><ele>1046.672</ele><time>2024-02-09T09:17:39Z</time></trkpt>
			<trkpt lat="42.3847500" lon="13.8349000"><ele>1045.564</ele><time>2024-02-09T09:17:39Z</time></trkpt>
			<trkpt lat="42.3848100" lon="13.8349300"><ele>1044.548</ele><time>2024-02-09T09:17:39Z</time></trkpt>
			<trkpt lat="42.3848800" lon="13.8349800"><ele>1043.183</ele><time>2024-02-09T09:17:39Z</time></trkpt>
			<trkpt lat="42.3849500" lon="13.8350300"><ele>1041.928</ele><time>2024-02-09T09:17:39Z</time></trkpt>
			<trkpt lat="42.3850100" lon="13.8350700"><ele>1040.974</ele><time>2024-02-09T09:17:39Z</time></trkpt>
			<trkpt lat="42.3850700" lon="13.8351400"><ele>1039.73</ele><time>2024-02-09T09:17:39Z</time></trkpt>
			<trkpt lat="42.3851200" lon="13.8351800"><ele>1038.848</ele><time>2024-02-09T09:17:39Z</time></trkpt>
			<trkpt lat="42.3851700" lon="13.8352000"><ele>1038.239</ele><time>2024-02-09T09:17:39Z</time></trkpt>
			<trkpt lat="42.3851700" lon="13.8352000"><ele>1038.239</ele><time>2024-02-09T09:17:39Z</time></trkpt>
			<trkpt lat="42.3851200" lon="13.8352100"><ele>1038.323</ele><time>2024-02-09T09:17:39Z</time></trkpt>
			<trkpt lat="42.3850300" lon="13.8352900"><ele>1037.564</ele><time>2024-02-09T09:17:39Z</time></trkpt>
			<trkpt lat="42.3849800" lon="13.8353600"><ele>1036.643</ele><time>2024-02-09T09:17:39Z</time></trkpt>
			<trkpt lat="42.3849200" lon="13.8354200"><ele>1035.869</ele><time>2024-02-09T09:17:39Z</time></trkpt>
			<trkpt lat="42.3848700" lon="13.8354800"><ele>1034.955</ele><time>2024-02-09T09:17:39Z</time></trkpt>
			<trkpt lat="42.3848600" lon="13.8355400"><ele>1033.812</ele><time>2024-02-09T09:17:39Z</time></trkpt>
			<trkpt lat="42.3848500" lon="13.8356000"><ele>1032.814</ele><time>2024-02-09T09:17:39Z</time></trkpt>
			<trkpt lat="42.3848300" lon="13.8357300"><ele>1030.716</ele><time>2024-02-09T09:17:39Z</time></trkpt>
			<trkpt lat="42.3847600" lon="13.8358400"><ele>1028.856</ele><time>2024-02-09T09:17:39Z</time></trkpt>
			<trkpt lat="42.3847100" lon="13.8359100"><ele>1027.244</ele><time>2024-02-09T09:17:39Z</time></trkpt>
			<trkpt lat="42.3846600" lon="13.8360300"><ele>1024.145</ele><time>2024-02-09T09:17:39Z</time></trkpt>
			<trkpt lat="42.3846300" lon="13.8361400"><ele>1021.553</ele><time>2024-02-09T09:17:39Z</time></trkpt>
			<trkpt lat="42.3846300" lon="13.8362700"><ele>1019.526</ele><time>2024-02-09T09:17:39Z</time></trkpt>
			<trkpt lat="42.3846100" lon="13.8363500"><ele>1018.001</ele><time>2024-02-09T09:17:39Z</time></trkpt>
			<trkpt lat="42.3846000" lon="13.8364100"><ele>1016.793</ele><time>2024-02-09T09:17:39Z</time></trkpt>
			<trkpt lat="42.3845400" lon="13.8365000"><ele>1013.851</ele><time>2024-02-09T09:17:39Z</time></trkpt>
			<trkpt lat="42.3844500" lon="13.8365500"><ele>1011.043</ele><time>2024-02-09T09:17:39Z</time></trkpt>
			<trkpt lat="42.3844200" lon="13.8366800"><ele>1007.456</ele><time>2024-02-09T09:17:39Z</time></trkpt>
			<trkpt lat="42.3844400" lon="13.8368000"><ele>1006.016</ele><time>2024-02-09T09:17:39Z</time></trkpt>
			<trkpt lat="42.3844500" lon="13.8369300"><ele>1004.271</ele><time>2024-02-09T09:17:39Z</time></trkpt>
			<trkpt lat="42.3844600" lon="13.8369500"><ele>1004.028</ele><time>2024-02-09T09:17:39Z</time></trkpt>
			<trkpt lat="42.3845000" lon="13.8370300"><ele>1002.444</ele><time>2024-02-09T09:17:39Z</time></trkpt>
			<trkpt lat="42.3845700" lon="13.8371100"><ele>1001.184</ele><time>2024-02-09T09:17:39Z</time></trkpt>
			<trkpt lat="42.3846600" lon="13.8372100"><ele>999.636</ele><time>2024-02-09T09:17:39Z</time></trkpt>
			<trkpt lat="42.3846800" lon="13.8373400"><ele>996.216</ele><time>2024-02-09T09:17:39Z</time></trkpt>
			<trkpt lat="42.3846300" lon="13.8373600"><ele>995.201</ele><time>2024-02-09T09:17:39Z</time></trkpt>
			<trkpt lat="42.3845200" lon="13.8374300"><ele>992.377</ele><time>2024-02-09T09:17:39Z</time></trkpt>
			<trkpt lat="42.3844600" lon="13.8375200"><ele>989.68</ele><time>2024-02-09T09:17:39Z</time></trkpt>
			<trkpt lat="42.3844300" lon="13.8375600"><ele>988.496</ele><time>2024-02-09T09:17:39Z</time></trkpt>
			<trkpt lat="42.3844100" lon="13.8376100"><ele>987.128</ele><time>2024-02-09T09:17:39Z</time></trkpt>
			<trkpt lat="42.3844200" lon="13.8377400"><ele>984.464</ele><time>2024-02-09T09:17:39Z</time></trkpt>
			<trkpt lat="42.3845000" lon="13.8378900"><ele>981.249</ele><time>2024-02-09T09:17:39Z</time></trkpt>
			<trkpt lat="42.3845300" lon="13.8379800"><ele>979.016</ele><time>2024-02-09T09:17:39Z</time></trkpt>
			<trkpt lat="42.3845500" lon="13.8381200"><ele>975.66</ele><time>2024-02-09T09:17:39Z</time></trkpt>
			<trkpt lat="42.3845800" lon="13.8381300"><ele>975.725</ele><time>2024-02-09T09:17:39Z</time></trkpt>
			<trkpt lat="42.3846300" lon="13.8381400"><ele>975.977</ele><time>2024-02-09T09:17:39Z</time></trkpt>
			<trkpt lat="42.3846500" lon="13.8381400"><ele>976.171</ele><time>2024-02-09T09:17:39Z</time></trkpt>
			<trkpt lat="42.3846700" lon="13.8381900"><ele>975.139</ele><time>2024-02-09T09:17:39Z</time></trkpt>
			<trkpt lat="42.3846600" lon="13.8382500"><ele>973.585</ele><time>2024-02-09T09:17:39Z</time></trkpt>
			<trkpt lat="42.3846600" lon="13.8383100"><ele>972.121</ele><time>2024-02-09T09:17:39Z</time></trkpt>
			<trkpt lat="42.3846600" lon="13.8383600"><ele>970.592</ele><time>2024-02-09T09:17:39Z</time></trkpt>
			<trkpt lat="42.3846500" lon="13.8383900"><ele>969.44</ele><time>2024-02-09T09:17:39Z</time></trkpt>
			<trkpt lat="42.3847100" lon="13.8385400"><ele>964.472</ele><time>2024-02-09T09:17:39Z</time></trkpt>
			<trkpt lat="42.3847100" lon="13.8385900"><ele>962.672</ele><time>2024-02-09T09:17:39Z</time></trkpt>
			<trkpt lat="42.3847800" lon="13.8386100"><ele>961.624</ele><time>2024-02-09T09:17:39Z</time></trkpt>
			<trkpt lat="42.3848600" lon="13.8387200"><ele>959.045</ele><time>2024-02-09T09:17:39Z</time></trkpt>
			<trkpt lat="42.3849500" lon="13.8388100"><ele>957.238</ele><time>2024-02-09T09:17:39Z</time></trkpt>
			<trkpt lat="42.3850000" lon="13.8389000"><ele>955.72</ele><time>2024-02-09T09:17:39Z</time></trkpt>
			<trkpt lat="42.3850800" lon="13.8389700"><ele>955.396</ele><time>2024-02-09T09:17:39Z</time></trkpt>
			<trkpt lat="42.3851100" lon="13.8391400"><ele>951.652</ele><time>2024-02-09T09:17:39Z</time></trkpt>
			<trkpt lat="42.3850900" lon="13.8393800"><ele>944.725</ele><time>2024-02-09T09:17:39Z</time></trkpt>
			<trkpt lat="42.3850500" lon="13.8397000"><ele>936.394</ele><time>2024-02-09T09:17:39Z</time></trkpt>
			<trkpt lat="42.3850500" lon="13.8397000"><ele>936.394</ele><time>2024-02-09T09:17:39Z</time></trkpt>
			<trkpt lat="42.3851600" lon="13.8396900"><ele>938.643</ele><time>2024-02-09T09:17:39Z</time></trkpt>
			<trkpt lat="42.3852700" lon="13.8396700"><ele>941.171</ele><time>2024-02-09T09:17:39Z</time></trkpt>
			<trkpt lat="42.3853800" lon="13.8397300"><ele>941.23</ele><time>2024-02-09T09:17:39Z</time></trkpt>
			<trkpt lat="42.3853900" lon="13.8398300"><ele>938.281</ele><time>2024-02-09T09:17:39Z</time></trkpt>
			<trkpt lat="42.3854400" lon="13.8400600"><ele>932.804</ele><time>2024-02-09T09:17:39Z</time></trkpt>
			<trkpt lat="42.3853900" lon="13.8402600"><ele>928.52</ele><time>2024-02-09T09:17:39Z</time></trkpt>
			<trkpt lat="42.3853600" lon="13.8404600"><ele>922.64</ele><time>2024-02-09T09:17:39Z</time></trkpt>
			<trkpt lat="42.3853900" lon="13.8405900"><ele>919.518</ele><time>2024-02-09T09:17:39Z</time></trkpt>
			<trkpt lat="42.3854600" lon="13.8406800"><ele>918.574</ele><time>2024-02-09T09:17:39Z</time></trkpt>
			<trkpt lat="42.3855300" lon="13.8409000"><ele>914.93</ele><time>2024-02-09T09:17:39Z</time></trkpt>
			<trkpt lat="42.3855700" lon="13.8409600"><ele>913.78</ele><time>2024-02-09T09:17:39Z</time></trkpt>
			<trkpt lat="42.3856000" lon="13.8411300"><ele>909.513</ele><time>2024-02-09T09:17:39Z</time></trkpt>
			<trkpt lat="42.3856000" lon="13.8411600"><ele>908.74</ele><time>2024-02-09T09:17:39Z</time></trkpt>
			<trkpt lat="42.3854900" lon="13.8413100"><ele>904.146</ele><time>2024-02-09T09:17:39Z</time></trkpt>
			<trkpt lat="42.3854300" lon="13.8414100"><ele>901.257</ele><time>2024-02-09T09:17:39Z</time></trkpt>
			<trkpt lat="42.3853600" lon="13.8415900"><ele>897.563</ele><time>2024-02-09T09:17:39Z</time></trkpt>
			<trkpt lat="42.3853200" lon="13.8418000"><ele>893.679</ele><time>2024-02-09T09:17:39Z</time></trkpt>
			<trkpt lat="42.3853400" lon="13.8419100"><ele>891.648</ele><time>2024-02-09T09:17:39Z</time></trkpt>
			<trkpt lat="42.3854000" lon="13.8420400"><ele>889.28</ele><time>2024-02-09T09:17:39Z</time></trkpt>
			<trkpt lat="42.3854900" lon="13.8421900"><ele>886.58</ele><time>2024-02-09T09:17:39Z</time></trkpt>
			<trkpt lat="42.3854900" lon="13.8422800"><ele>884.385</ele><time>2024-02-09T09:17:39Z</time></trkpt>
			<trkpt lat="42.3854500" lon="13.8424100"><ele>880.849</ele><time>2024-02-09T09:17:39Z</time></trkpt>
			<trkpt lat="42.3854900" lon="13.8425400"><ele>877.372</ele><time>2024-02-09T09:17:39Z</time></trkpt>
			<trkpt lat="42.3856400" lon="13.8427700"><ele>872.463</ele><time>2024-02-09T09:17:39Z</time></trkpt>
			<trkpt lat="42.3857000" lon="13.8429400"><ele>869.32</ele><time>2024-02-09T09:17:39Z</time></trkpt>
			<trkpt lat="42.3857600" lon="13.8429500"><ele>869.472</ele><time>2024-02-09T09:17:39Z</time></trkpt>
			<trkpt lat="42.3858400" lon="13.8428400"><ele>871.76</ele><time>2024-02-09T09:17:39Z</time></trkpt>
			<trkpt lat="42.3859500" lon="13.8428700"><ele>869.24</ele><time>2024-02-09T09:17:39Z</time></trkpt>
			<trkpt lat="42.3860800" lon="13.8430000"><ele>864.56</ele><time>2024-02-09T09:17:39Z</time></trkpt>
			<trkpt lat="42.3861900" lon="13.8430900"><ele>859.77</ele><time>2024-02-09T09:17:39Z</time></trkpt>
			<trkpt lat="42.3862400" lon="13.8432600"><ele>855.091</ele><time>2024-02-09T09:17:39Z</time></trkpt>
			<trkpt lat="42.3862000" lon="13.8433600"><ele>854.249</ele><time>2024-02-09T09:17:39Z</time></trkpt>
			<trkpt lat="42.3861100" lon="13.8434100"><ele>855.64</ele><time>2024-02-09T09:17:39Z</time></trkpt>
			<trkpt lat="42.3861300" lon="13.8434600"><ele>854.213</ele><time>2024-02-09T09:17:39Z</time></trkpt>
			<trkpt lat="42.3862200" lon="13.8435200"><ele>850.633</ele><time>2024-02-09T09:17:39Z</time></trkpt>
			<trkpt lat="42.3862700" lon="13.8435100"><ele>849.452</ele><time>2024-02-09T09:17:39Z</time></trkpt>
			<trkpt lat="42.3863500" lon="13.8434700"><ele>848.097</ele><time>2024-02-09T09:17:39Z</time></trkpt>
			<trkpt lat="42.3864400" lon="13.8435200"><ele>844.62</ele><time>2024-02-09T09:17:39Z</time></trkpt>
			<trkpt lat="42.3864900" lon="13.8436200"><ele>841.216</ele><time>2024-02-09T09:17:39Z</time></trkpt>
			<trkpt lat="42.3865000" lon="13.8437400"><ele>837.766</ele><time>2024-02-09T09:17:39Z</time></trkpt>
			<trkpt lat="42.3865000" lon="13.8438300"><ele>835.369</ele><time>2024-02-09T09:17:39Z</time></trkpt>
			<trkpt lat="42.3865000" lon="13.8438300"><ele>835.369</ele><time>2024-02-09T09:17:39Z</time></trkpt>
			<trkpt lat="42.3867500" lon="13.8436100"><ele>835.22</ele><time>2024-02-09T09:17:39Z</time></trkpt>
			<trkpt lat="42.3868800" lon="13.8434300"><ele>835.652</ele><time>2024-02-09T09:17:39Z</time></trkpt>
			<trkpt lat="42.3870100" lon="13.8432100"><ele>837.015</ele><time>2024-02-09T09:17:39Z</time></trkpt>
			<trkpt lat="42.3872000" lon="13.8431700"><ele>835.916</ele><time>2024-02-09T09:17:39Z</time></trkpt>
			<trkpt lat="42.3873800" lon="13.8432100"><ele>839.855</ele><time>2024-02-09T09:17:39Z</time></trkpt>
			<trkpt lat="42.3874500" lon="13.8434100"><ele>840.592</ele><time>2024-02-09T09:17:39Z</time></trkpt>
			<trkpt lat="42.3874800" lon="13.8436400"><ele>841.679</ele><time>2024-02-09T09:17:39Z</time></trkpt>
			<trkpt lat="42.3875800" lon="13.8439900"><ele>846.579</ele><time>2024-02-09T09:17:39Z</time></trkpt>
			<trkpt lat="42.3875400" lon="13.8443100"><ele>846.931</ele><time>2024-02-09T09:17:39Z</time></trkpt>
			<trkpt lat="42.3875300" lon="13.8447500"><ele>851.199</ele><time>2024-02-09T09:17:39Z</time></trkpt>
			<trkpt lat="42.3875800" lon="13.8453700"><ele>850.648</ele><time>2024-02-09T09:17:39Z</time></trkpt>
			<trkpt lat="42.3875900" lon="13.8456500"><ele>850.098</ele><time>2024-02-09T09:17:39Z</time></trkpt>
			<trkpt lat="42.3875000" lon="13.8458400"><ele>844.976</ele><time>2024-02-09T09:17:39Z</time></trkpt>
			<trkpt lat="42.3874800" lon="13.8462000"><ele>840.919</ele><time>2024-02-09T09:17:39Z</time></trkpt>
			<trkpt lat="42.3875300" lon="13.8463600"><ele>838.797</ele><time>2024-02-09T09:17:39Z</time></trkpt>
			<trkpt lat="42.3876000" lon="13.8465400"><ele>837.836</ele><time>2024-02-09T09:17:39Z</time></trkpt>
			<trkpt lat="42.3876000" lon="13.8466800"><ele>835.948</ele><time>2024-02-09T09:17:39Z</time></trkpt>
			<trkpt lat="42.3875600" lon="13.8467500"><ele>837.318</ele><time>2024-02-09T09:17:39Z</time></trkpt>
			<trkpt lat="42.3874700" lon="13.8468000"><ele>837.1</ele><time>2024-02-09T09:17:39Z</time></trkpt>
			<trkpt lat="42.3873600" lon="13.8468300"><ele>835.56</ele><time>2024-02-09T09:17:39Z</time></trkpt>
			<trkpt lat="42.3871000" lon="13.8470200"><ele>836.634</ele><time>2024-02-09T09:17:39Z</time></trkpt>
			<trkpt lat="42.3868800" lon="13.8471900"><ele>834.628</ele><time>2024-02-09T09:17:39Z</time></trkpt>
			<trkpt lat="42.3868000" lon="13.8473900"><ele>832.05</ele><time>2024-02-09T09:17:39Z</time></trkpt>
			<trkpt lat="42.3867700" lon="13.8476400"><ele>831.023</ele><time>2024-02-09T09:17:39Z</time></trkpt>
			<trkpt lat="42.3867100" lon="13.8482600"><ele>823.517</ele><time>2024-02-09T09:17:39Z</time></trkpt>
			<trkpt lat="42.3867600" lon="13.8484700"><ele>820.581</ele><time>2024-02-09T09:17:39Z</time></trkpt>
			<trkpt lat="42.3868300" lon="13.8486600"><ele>816.521</ele><time>2024-02-09T09:17:39Z</time></trkpt>
			<trkpt lat="42.3869500" lon="13.8489500"><ele>813.276</ele><time>2024-02-09T09:17:39Z</time></trkpt>
			<trkpt lat="42.3869600" lon="13.8490300"><ele>812.496</ele><time>2024-02-09T09:17:39Z</time></trkpt>
			<trkpt lat="42.3870100" lon="13.8495500"><ele>807.348</ele><time>2024-02-09T09:17:39Z</time></trkpt>
			<trkpt lat="42.3870700" lon="13.8498400"><ele>807.52</ele><time>2024-02-09T09:17:39Z</time></trkpt>
			<trkpt lat="42.3870500" lon="13.8501200"><ele>805.667</ele><time>2024-02-09T09:17:39Z</time></trkpt>
			<trkpt lat="42.3870000" lon="13.8504400"><ele>799.979</ele><time>2024-02-09T09:17:39Z</time></trkpt>
			<trkpt lat="42.3870800" lon="13.8505900"><ele>799.861</ele><time>2024-02-09T09:17:39Z</time></trkpt>
			<trkpt lat="42.3872500" lon="13.8507800"><ele>802.79</ele><time>2024-02-09T09:17:39Z</time></trkpt>
			<trkpt lat="42.3873600" lon="13.8510800"><ele>806.608</ele><time>2024-02-09T09:17:39Z</time></trkpt>
			<trkpt lat="42.3873000" lon="13.8513300"><ele>807.14</ele><time>2024-02-09T09:17:39Z</time></trkpt>
			<trkpt lat="42.3871100" lon="13.8514800"><ele>804.333</ele><time>2024-02-09T09:17:39Z</time></trkpt>
			<trkpt lat="42.3870300" lon="13.8516400"><ele>807.706</ele><time>2024-02-09T09:17:39Z</time></trkpt>
			<trkpt lat="42.3869500" lon="13.8518100"><ele>811.734</ele><time>2024-02-09T09:17:39Z</time></trkpt>
			<trkpt lat="42.3868400" lon="13.8519500"><ele>813.568</ele><time>2024-02-09T09:17:39Z</time></trkpt>
			<trkpt lat="42.3867100" lon="13.8521200"><ele>814.041</ele><time>2024-02-09T09:17:39Z</time></trkpt>
			<trkpt lat="42.3867300" lon="13.8523400"><ele>817.189</ele><time>2024-02-09T09:17:39Z</time></trkpt>
			<trkpt lat="42.3867500" lon="13.8526000"><ele>819.396</ele><time>2024-02-09T09:17:39Z</time></trkpt>
			<trkpt lat="42.3866900" lon="13.8527700"><ele>819.607</ele><time>2024-02-09T09:17:39Z</time></trkpt>
			<trkpt lat="42.3865900" lon="13.8529500"><ele>823.82</ele><time>2024-02-09T09:17:39Z</time></trkpt>
			<trkpt lat="42.3863900" lon="13.8531600"><ele>827.025</ele><time>2024-02-09T09:17:39Z</time></trkpt>
			<trkpt lat="42.3861300" lon="13.8533300"><ele>827.266</ele><time>2024-02-09T09:17:39Z</time></trkpt>
			<trkpt lat="42.3860400" lon="13.8534000"><ele>826.248</ele><time>2024-02-09T09:17:39Z</time></trkpt>
			<trkpt lat="42.3859700" lon="13.8534700"><ele>825.492</ele><time>2024-02-09T09:17:39Z</time></trkpt>
			<trkpt lat="42.3859500" lon="13.8535500"><ele>825.06</ele><time>2024-02-09T09:17:39Z</time></trkpt>
			<trkpt lat="42.3859700" lon="13.8536100"><ele>824.988</ele><time>2024-02-09T09:17:39Z</time></trkpt>
			<trkpt lat="42.3860100" lon="13.8536500"><ele>824.521</ele><time>2024-02-09T09:17:39Z</time></trkpt>
			<trkpt lat="42.3861000" lon="13.8537200"><ele>823.944</ele><time>2024-02-09T09:17:39Z</time></trkpt>
			<trkpt lat="42.3862000" lon="13.8537900"><ele>823.854</ele><time>2024-02-09T09:17:39Z</time></trkpt>
			<trkpt lat="42.3863200" lon="13.8539000"><ele>823.217</ele><time>2024-02-09T09:17:39Z</time></trkpt>
			<trkpt lat="42.3864200" lon="13.8540400"><ele>824.819</ele><time>2024-02-09T09:17:39Z</time></trkpt>
			<trkpt lat="42.3864200" lon="13.8540400"><ele>824.819</ele><time>2024-02-09T09:17:39Z</time></trkpt>
			<trkpt lat="42.3864800" lon="13.8542000"><ele>825.017</ele><time>2024-02-09T09:17:39Z</time></trkpt>
			<trkpt lat="42.3864800" lon="13.8542400"><ele>824.249</ele><time>2024-02-09T09:17:39Z</time></trkpt>
			<trkpt lat="42.3864700" lon="13.8543000"><ele>823.044</ele><time>2024-02-09T09:17:39Z</time></trkpt>
			<trkpt lat="42.3864600" lon="13.8543700"><ele>821.665</ele><time>2024-02-09T09:17:39Z</time></trkpt>
			<trkpt lat="42.3864500" lon="13.8543700"><ele>821.619</ele><time>2024-02-09T09:17:39Z</time></trkpt>
			<trkpt lat="42.3864400" lon="13.8544100"><ele>820.827</ele><time>2024-02-09T09:17:39Z</time></trkpt>
			<trkpt lat="42.3864300" lon="13.8544300"><ele>820.416</ele><time>2024-02-09T09:17:39Z</time></trkpt>
			<trkpt lat="42.3864200" lon="13.8544500"><ele>819.956</ele><time>2024-02-09T09:17:39Z</time></trkpt>
			<trkpt lat="42.3864000" lon="13.8544700"><ele>819.311</ele><time>2024-02-09T09:17:39Z</time></trkpt>
			<trkpt lat="42.3863900" lon="13.8544900"><ele>818.693</ele><time>2024-02-09T09:17:39Z</time></trkpt>
			<trkpt lat="42.3863700" lon="13.8545100"><ele>817.956</ele><time>2024-02-09T09:17:39Z</time></trkpt>
			<trkpt lat="42.3863200" lon="13.8545500"><ele>816.499</ele><time>2024-02-09T09:17:39Z</time></trkpt>
			<trkpt lat="42.3863100" lon="13.8545700"><ele>815.917</ele><time>2024-02-09T09:17:39Z</time></trkpt>
			<trkpt lat="42.3862700" lon="13.8546000"><ele>814.955</ele><time>2024-02-09T09:17:39Z</time></trkpt>
			<trkpt lat="42.3862500" lon="13.8546200"><ele>814.392</ele><time>2024-02-09T09:17:39Z</time></trkpt>
			<trkpt lat="42.3862300" lon="13.8546300"><ele>814.086</ele><time>2024-02-09T09:17:39Z</time></trkpt>
			<trkpt lat="42.3860200" lon="13.8546800"><ele>810.999</ele><time>2024-02-09T09:17:39Z</time></trkpt>
			<trkpt lat="42.3859300" lon="13.8546800"><ele>809.26</ele><time>2024-02-09T09:17:39Z</time></trkpt>
			<trkpt lat="42.3858000" lon="13.8547300"><ele>806.592</ele><time>2024-02-09T09:17:39Z</time></trkpt>
			<trkpt lat="42.3856200" lon="13.8548700"><ele>800.284</ele><time>2024-02-09T09:17:39Z</time></trkpt>
			<trkpt lat="42.3853100" lon="13.8550600"><ele>797.559</ele><time>2024-02-09T09:17:39Z</time></trkpt>
			<trkpt lat="42.3851500" lon="13.8551700"><ele>795.066</ele><time>2024-02-09T09:17:39Z</time></trkpt>
			<trkpt lat="42.3848600" lon="13.8553300"><ele>790.172</ele><time>2024-02-09T09:17:39Z</time></trkpt>
			<trkpt lat="42.3845000" lon="13.8556500"><ele>779.7</ele><time>2024-02-09T09:17:39Z</time></trkpt>
			<trkpt lat="42.3842400" lon="13.8559200"><ele>773.816</ele><time>2024-02-09T09:17:39Z</time></trkpt>
			<trkpt lat="42.3838900" lon="13.8561900"><ele>767.862</ele><time>2024-02-09T09:17:39Z</time></trkpt>
			<trkpt lat="42.3834000" lon="13.8565800"><ele>759.426</ele><time>2024-02-09T09:17:39Z</time></trkpt>
			<trkpt lat="42.3831400" lon="13.8568500"><ele>753.58</ele><time>2024-02-09T09:17:39Z</time></trkpt>
			<trkpt lat="42.3829000" lon="13.8571600"><ele>747.458</ele><time>2024-02-09T09:17:39Z</time></trkpt>
			<trkpt lat="42.3826800" lon="13.8575700"><ele>740.957</ele><time>2024-02-09T09:17:39Z</time></trkpt>
			<trkpt lat="42.3825600" lon="13.8579000"><ele>736.605</ele><time>2024-02-09T09:17:39Z</time></trkpt>
			<trkpt lat="42.3824700" lon="13.8584300"><ele>733.719</ele><time>2024-02-09T09:17:39Z</time></trkpt>
			<trkpt lat="42.3822600" lon="13.8589200"><ele>726.303</ele><time>2024-02-09T09:17:39Z</time></trkpt>
			<trkpt lat="42.3821600" lon="13.8591600"><ele>719.318</ele><time>2024-02-09T09:17:39Z</time></trkpt>
			<trkpt lat="42.3822300" lon="13.8592100"><ele>718.157</ele><time>2024-02-09T09:17:39Z</time></trkpt>
			<trkpt lat="42.3823800" lon="13.8591800"><ele>716.714</ele><time>2024-02-09T09:17:39Z</time></trkpt>
			<trkpt lat="42.3826300" lon="13.8589300"><ele>718.693</ele><time>2024-02-09T09:17:39Z</time></trkpt>
			<trkpt lat="42.3828100" lon="13.8589000"><ele>716.403</ele><time>2024-02-09T09:17:39Z</time></trkpt>
			<trkpt lat="42.3828100" lon="13.8592200"><ele>708.33</ele><time>2024-02-09T09:17:39Z</time></trkpt>
		</trkseg>
	</trk>
</gpx>
