<?xml version="1.0" encoding="UTF-8"?>
<gpx creator="Garmin Connect" version="1.1"
  xsi:schemaLocation="http://www.topografix.com/GPX/1/1 http://www.topografix.com/GPX/11.xsd"
  xmlns="http://www.topografix.com/GPX/1/1"
  xmlns:ns3="http://www.garmin.com/xmlschemas/TrackPointExtension/v1"
  xmlns:ns2="http://www.garmin.com/xmlschemas/GpxExtensions/v3" xmlns:xsi="http://www.w3.org/2001/XMLSchema-instance">
  <metadata>
    <link href="connect.garmin.com">
      <text>Garmin Connect</text>
    </link>
    <time>2017-08-11T16:17:43.000Z</time>
  </metadata>
  <trk>
    <name>Preturo Corsa</name>
    <type>running</type>
    <trkseg>
      <trkpt lat="42.3748621903359889984130859375" lon="13.28077948652207851409912109375">
        <ele>739.20001220703125</ele>
        <time>2017-08-11T16:17:43.000Z</time>
        <extensions>
          <ns3:TrackPointExtension>
            <ns3:cad>0</ns3:cad>
          </ns3:TrackPointExtension>
        </extensions>
      </trkpt>
      <trkpt lat="42.374862022697925567626953125" lon="13.280766494572162628173828125">
        <ele>739.20001220703125</ele>
        <time>2017-08-11T16:17:44.000Z</time>
        <extensions>
          <ns3:TrackPointExtension>
            <ns3:cad>0</ns3:cad>
          </ns3:TrackPointExtension>
        </extensions>
      </trkpt>
      <trkpt lat="42.3748256452381610870361328125" lon="13.28050171025097370147705078125">
        <ele>738.79998779296875</ele>
        <time>2017-08-11T16:17:53.000Z</time>
        <extensions>
          <ns3:TrackPointExtension>
            <ns3:cad>0</ns3:cad>
          </ns3:TrackPointExtension>
        </extensions>
      </trkpt>
      <trkpt lat="42.3747874237596988677978515625" lon="13.28025989234447479248046875">
        <ele>738.4000244140625</ele>
        <time>2017-08-11T16:17:59.000Z</time>
        <extensions>
          <ns3:TrackPointExtension>
            <ns3:cad>83</ns3:cad>
          </ns3:TrackPointExtension>
        </extensions>
      </trkpt>
      <trkpt lat="42.37473252229392528533935546875" lon="13.2800186611711978912353515625">
        <ele>737.20001220703125</ele>
        <time>2017-08-11T16:18:05.000Z</time>
        <extensions>
          <ns3:TrackPointExtension>
            <ns3:cad>81</ns3:cad>
          </ns3:TrackPointExtension>
        </extensions>
      </trkpt>
      <trkpt lat="42.37469765357673168182373046875" lon="13.2797474227845668792724609375">
        <ele>736.20001220703125</ele>
        <time>2017-08-11T16:18:12.000Z</time>
        <extensions>
          <ns3:TrackPointExtension>
            <ns3:cad>80</ns3:cad>
          </ns3:TrackPointExtension>
        </extensions>
      </trkpt>
      <trkpt lat="42.37470209598541259765625" lon="13.279497809708118438720703125">
        <ele>736</ele>
        <time>2017-08-11T16:18:19.000Z</time>
        <extensions>
          <ns3:TrackPointExtension>
            <ns3:cad>80</ns3:cad>
          </ns3:TrackPointExtension>
        </extensions>
      </trkpt>
      <trkpt lat="42.3748155869543552398681640625" lon="13.2793056964874267578125">
        <ele>738.5999755859375</ele>
        <time>2017-08-11T16:18:26.000Z</time>
        <extensions>
          <ns3:TrackPointExtension>
            <ns3:cad>79</ns3:cad>
          </ns3:TrackPointExtension>
        </extensions>
      </trkpt>
      <trkpt lat="42.37497978843748569488525390625" lon="13.27917938120663166046142578125">
        <ele>742.4000244140625</ele>
        <time>2017-08-11T16:18:38.000Z</time>
        <extensions>
          <ns3:TrackPointExtension>
            <ns3:cad>78</ns3:cad>
          </ns3:TrackPointExtension>
        </extensions>
      </trkpt>
      <trkpt lat="42.375034354627132415771484375" lon="13.2791060395538806915283203125">
        <ele>744</ele>
        <time>2017-08-11T16:18:44.000Z</time>
        <extensions>
          <ns3:TrackPointExtension>
            <ns3:cad>78</ns3:cad>
          </ns3:TrackPointExtension>
        </extensions>
      </trkpt>
      <trkpt lat="42.37514809705317020416259765625" lon="13.27890579588711261749267578125">
        <ele>746.79998779296875</ele>
        <time>2017-08-11T16:18:54.000Z</time>
        <extensions>
          <ns3:TrackPointExtension>
            <ns3:cad>80</ns3:cad>
          </ns3:TrackPointExtension>
        </extensions>
      </trkpt>
      <trkpt lat="42.3751736618578433990478515625" lon="13.27885852195322513580322265625">
        <ele>747.4000244140625</ele>
        <time>2017-08-11T16:18:57.000Z</time>
        <extensions>
          <ns3:TrackPointExtension>
            <ns3:cad>79</ns3:cad>
          </ns3:TrackPointExtension>
        </extensions>
      </trkpt>
      <trkpt lat="42.37520609982311725616455078125" lon="13.2787050493061542510986328125">
        <ele>747.79998779296875</ele>
        <time>2017-08-11T16:19:03.000Z</time>
        <extensions>
          <ns3:TrackPointExtension>
            <ns3:cad>78</ns3:cad>
          </ns3:TrackPointExtension>
        </extensions>
      </trkpt>
      <trkpt lat="42.37522780895233154296875" lon="13.27858527190983295440673828125">
        <ele>748.5999755859375</ele>
        <time>2017-08-11T16:19:08.000Z</time>
        <extensions>
          <ns3:TrackPointExtension>
            <ns3:cad>78</ns3:cad>
          </ns3:TrackPointExtension>
        </extensions>
      </trkpt>
      <trkpt lat="42.3752732388675212860107421875" lon="13.2783345691859722137451171875">
        <ele>751</ele>
        <time>2017-08-11T16:19:17.000Z</time>
        <extensions>
          <ns3:TrackPointExtension>
            <ns3:cad>78</ns3:cad>
          </ns3:TrackPointExtension>
        </extensions>
      </trkpt>
      <trkpt lat="42.37530081532895565032958984375" lon="13.27806718647480010986328125">
        <ele>752.5999755859375</ele>
        <time>2017-08-11T16:19:27.000Z</time>
        <extensions>
          <ns3:TrackPointExtension>
            <ns3:cad>80</ns3:cad>
          </ns3:TrackPointExtension>
        </extensions>
      </trkpt>
      <trkpt lat="42.37530953250825405120849609375" lon="13.2778189145028591156005859375">
        <ele>753.20001220703125</ele>
        <time>2017-08-11T16:19:34.000Z</time>
        <extensions>
          <ns3:TrackPointExtension>
            <ns3:cad>82</ns3:cad>
          </ns3:TrackPointExtension>
        </extensions>
      </trkpt>
      <trkpt lat="42.3753463290631771087646484375" lon="13.277571983635425567626953125">
        <ele>755</ele>
        <time>2017-08-11T16:19:42.000Z</time>
        <extensions>
          <ns3:TrackPointExtension>
            <ns3:cad>80</ns3:cad>
          </ns3:TrackPointExtension>
        </extensions>
      </trkpt>
      <trkpt lat="42.37535747699439525604248046875" lon="13.27732077799737453460693359375">
        <ele>756.5999755859375</ele>
        <time>2017-08-11T16:19:50.000Z</time>
        <extensions>
          <ns3:TrackPointExtension>
            <ns3:cad>81</ns3:cad>
          </ns3:TrackPointExtension>
        </extensions>
      </trkpt>
      <trkpt lat="42.37538379617035388946533203125" lon="13.277048952877521514892578125">
        <ele>758</ele>
        <time>2017-08-11T16:20:00.000Z</time>
        <extensions>
          <ns3:TrackPointExtension>
            <ns3:cad>79</ns3:cad>
          </ns3:TrackPointExtension>
        </extensions>
      </trkpt>
      <trkpt lat="42.37541179172694683074951171875" lon="13.2768757827579975128173828125">
        <ele>759</ele>
        <time>2017-08-11T16:20:07.000Z</time>
        <extensions>
          <ns3:TrackPointExtension>
            <ns3:cad>81</ns3:cad>
          </ns3:TrackPointExtension>
        </extensions>
      </trkpt>
      <trkpt lat="42.37546962685883045196533203125" lon="13.2766598649322986602783203125">
        <ele>761.20001220703125</ele>
        <time>2017-08-11T16:20:17.000Z</time>
        <extensions>
          <ns3:TrackPointExtension>
            <ns3:cad>78</ns3:cad>
          </ns3:TrackPointExtension>
        </extensions>
      </trkpt>
      <trkpt lat="42.37553081475198268890380859375" lon="13.27646213583648204803466796875">
        <ele>763.4000244140625</ele>
        <time>2017-08-11T16:20:29.000Z</time>
        <extensions>
          <ns3:TrackPointExtension>
            <ns3:cad>76</ns3:cad>
          </ns3:TrackPointExtension>
        </extensions>
      </trkpt>
      <trkpt lat="42.3755478300154209136962890625" lon="13.27641704119741916656494140625">
        <ele>764</ele>
        <time>2017-08-11T16:20:32.000Z</time>
        <extensions>
          <ns3:TrackPointExtension>
            <ns3:cad>76</ns3:cad>
          </ns3:TrackPointExtension>
        </extensions>
      </trkpt>
      <trkpt lat="42.37562318332493305206298828125" lon="13.276187293231487274169921875">
        <ele>765.79998779296875</ele>
        <time>2017-08-11T16:20:43.000Z</time>
        <extensions>
          <ns3:TrackPointExtension>
            <ns3:cad>78</ns3:cad>
          </ns3:TrackPointExtension>
        </extensions>
      </trkpt>
      <trkpt lat="42.3756765760481357574462890625" lon="13.27594363130629062652587890625">
        <ele>767</ele>
        <time>2017-08-11T16:20:53.000Z</time>
        <extensions>
          <ns3:TrackPointExtension>
            <ns3:cad>78</ns3:cad>
          </ns3:TrackPointExtension>
        </extensions>
      </trkpt>
      <trkpt lat="42.37570214085280895233154296875" lon="13.2758216746151447296142578125">
        <ele>767.5999755859375</ele>
        <time>2017-08-11T16:20:59.000Z</time>
        <extensions>
          <ns3:TrackPointExtension>
            <ns3:cad>77</ns3:cad>
          </ns3:TrackPointExtension>
        </extensions>
      </trkpt>
      <trkpt lat="42.3757322318851947784423828125" lon="13.2757113687694072723388671875">
        <ele>768.4000244140625</ele>
        <time>2017-08-11T16:21:04.000Z</time>
        <extensions>
          <ns3:TrackPointExtension>
            <ns3:cad>77</ns3:cad>
          </ns3:TrackPointExtension>
        </extensions>
      </trkpt>
      <trkpt lat="42.37583323381841182708740234375" lon="13.27550710178911685943603515625">
        <ele>771.79998779296875</ele>
        <time>2017-08-11T16:21:14.000Z</time>
        <extensions>
          <ns3:TrackPointExtension>
            <ns3:cad>79</ns3:cad>
          </ns3:TrackPointExtension>
        </extensions>
      </trkpt>
      <trkpt lat="42.37589358352124691009521484375" lon="13.2752751745283603668212890625">
        <ele>774.4000244140625</ele>
        <time>2017-08-11T16:21:23.000Z</time>
        <extensions>
          <ns3:TrackPointExtension>
            <ns3:cad>79</ns3:cad>
          </ns3:TrackPointExtension>
        </extensions>
      </trkpt>
      <trkpt lat="42.3759330622851848602294921875" lon="13.27511608600616455078125">
        <ele>774.4000244140625</ele>
        <time>2017-08-11T16:21:30.000Z</time>
        <extensions>
          <ns3:TrackPointExtension>
            <ns3:cad>81</ns3:cad>
          </ns3:TrackPointExtension>
        </extensions>
      </trkpt>
      <trkpt lat="42.3759748041629791259765625" lon="13.275016508996486663818359375">
        <ele>775</ele>
        <time>2017-08-11T16:21:34.000Z</time>
        <extensions>
          <ns3:TrackPointExtension>
            <ns3:cad>82</ns3:cad>
          </ns3:TrackPointExtension>
        </extensions>
      </trkpt>
      <trkpt lat="42.37606792710721492767333984375" lon="13.2747866772115230560302734375">
        <ele>775.79998779296875</ele>
        <time>2017-08-11T16:21:42.000Z</time>
        <extensions>
          <ns3:TrackPointExtension>
            <ns3:cad>80</ns3:cad>
          </ns3:TrackPointExtension>
        </extensions>
      </trkpt>
      <trkpt lat="42.3761402629315853118896484375" lon="13.27456061728298664093017578125">
        <ele>776</ele>
        <time>2017-08-11T16:21:51.000Z</time>
        <extensions>
          <ns3:TrackPointExtension>
            <ns3:cad>81</ns3:cad>
          </ns3:TrackPointExtension>
        </extensions>
      </trkpt>
      <trkpt lat="42.3762240819633007049560546875" lon="13.274337910115718841552734375">
        <ele>776.5999755859375</ele>
        <time>2017-08-11T16:22:00.000Z</time>
        <extensions>
          <ns3:TrackPointExtension>
            <ns3:cad>81</ns3:cad>
          </ns3:TrackPointExtension>
        </extensions>
      </trkpt>
      <trkpt lat="42.3763082362711429595947265625" lon="13.27414604835212230682373046875">
        <ele>778.4000244140625</ele>
        <time>2017-08-11T16:22:10.000Z</time>
        <extensions>
          <ns3:TrackPointExtension>
            <ns3:cad>82</ns3:cad>
          </ns3:TrackPointExtension>
        </extensions>
      </trkpt>
      <trkpt lat="42.37637017853558063507080078125" lon="13.2739116065204143524169921875">
        <ele>779.4000244140625</ele>
        <time>2017-08-11T16:22:19.000Z</time>
        <extensions>
          <ns3:TrackPointExtension>
            <ns3:cad>82</ns3:cad>
          </ns3:TrackPointExtension>
        </extensions>
      </trkpt>
      <trkpt lat="42.376408316195011138916015625" lon="13.27366165816783905029296875">
        <ele>779.5999755859375</ele>
        <time>2017-08-11T16:22:27.000Z</time>
        <extensions>
          <ns3:TrackPointExtension>
            <ns3:cad>80</ns3:cad>
          </ns3:TrackPointExtension>
        </extensions>
      </trkpt>
      <trkpt lat="42.37646455876529216766357421875" lon="13.2734088599681854248046875">
        <ele>780.79998779296875</ele>
        <time>2017-08-11T16:22:36.000Z</time>
        <extensions>
          <ns3:TrackPointExtension>
            <ns3:cad>81</ns3:cad>
          </ns3:TrackPointExtension>
        </extensions>
      </trkpt>
      <trkpt lat="42.37650160677731037139892578125" lon="13.2731602527201175689697265625">
        <ele>783</ele>
        <time>2017-08-11T16:22:45.000Z</time>
        <extensions>
          <ns3:TrackPointExtension>
            <ns3:cad>80</ns3:cad>
          </ns3:TrackPointExtension>
        </extensions>
      </trkpt>
      <trkpt lat="42.37656019628047943115234375" lon="13.27290929853916168212890625">
        <ele>786</ele>
        <time>2017-08-11T16:22:55.000Z</time>
        <extensions>
          <ns3:TrackPointExtension>
            <ns3:cad>80</ns3:cad>
          </ns3:TrackPointExtension>
        </extensions>
      </trkpt>
      <trkpt lat="42.37657100893557071685791015625" lon="13.2726496271789073944091796875">
        <ele>787.5999755859375</ele>
        <time>2017-08-11T16:23:03.000Z</time>
        <extensions>
          <ns3:TrackPointExtension>
            <ns3:cad>80</ns3:cad>
          </ns3:TrackPointExtension>
        </extensions>
      </trkpt>
      <trkpt lat="42.37657628953456878662109375" lon="13.27255030162632465362548828125">
        <ele>788.20001220703125</ele>
        <time>2017-08-11T16:23:07.000Z</time>
        <extensions>
          <ns3:TrackPointExtension>
            <ns3:cad>81</ns3:cad>
          </ns3:TrackPointExtension>
        </extensions>
      </trkpt>
      <trkpt lat="42.3765809834003448486328125" lon="13.27237193472683429718017578125">
        <ele>787.5999755859375</ele>
        <time>2017-08-11T16:23:13.000Z</time>
        <extensions>
          <ns3:TrackPointExtension>
            <ns3:cad>80</ns3:cad>
          </ns3:TrackPointExtension>
        </extensions>
      </trkpt>
      <trkpt lat="42.37660177052021026611328125" lon="13.272118382155895233154296875">
        <ele>787.20001220703125</ele>
        <time>2017-08-11T16:23:22.000Z</time>
        <extensions>
          <ns3:TrackPointExtension>
            <ns3:cad>80</ns3:cad>
          </ns3:TrackPointExtension>
        </extensions>
      </trkpt>
      <trkpt lat="42.3766233958303928375244140625" lon="13.272021152079105377197265625">
        <ele>787.20001220703125</ele>
        <time>2017-08-11T16:23:26.000Z</time>
        <extensions>
          <ns3:TrackPointExtension>
            <ns3:cad>79</ns3:cad>
          </ns3:TrackPointExtension>
        </extensions>
      </trkpt>
      <trkpt lat="42.376692295074462890625" lon="13.2717963494360446929931640625">
        <ele>788.4000244140625</ele>
        <time>2017-08-11T16:23:35.000Z</time>
        <extensions>
          <ns3:TrackPointExtension>
            <ns3:cad>81</ns3:cad>
          </ns3:TrackPointExtension>
        </extensions>
      </trkpt>
      <trkpt lat="42.37675624899566173553466796875" lon="13.2715378515422344207763671875">
        <ele>790.20001220703125</ele>
        <time>2017-08-11T16:23:44.000Z</time>
        <extensions>
          <ns3:TrackPointExtension>
            <ns3:cad>80</ns3:cad>
          </ns3:TrackPointExtension>
        </extensions>
      </trkpt>
      <trkpt lat="42.37679178826510906219482421875" lon="13.27128966338932514190673828125">
        <ele>791</ele>
        <time>2017-08-11T16:23:53.000Z</time>
        <extensions>
          <ns3:TrackPointExtension>
            <ns3:cad>81</ns3:cad>
          </ns3:TrackPointExtension>
        </extensions>
      </trkpt>
      <trkpt lat="42.37681643106043338775634765625" lon="13.27118740417063236236572265625">
        <ele>791.5999755859375</ele>
        <time>2017-08-11T16:23:57.000Z</time>
        <extensions>
          <ns3:TrackPointExtension>
            <ns3:cad>79</ns3:cad>
          </ns3:TrackPointExtension>
        </extensions>
      </trkpt>
      <trkpt lat="42.37684040330350399017333984375" lon="13.27105781994760036468505859375">
        <ele>792.5999755859375</ele>
        <time>2017-08-11T16:24:01.000Z</time>
        <extensions>
          <ns3:TrackPointExtension>
            <ns3:cad>81</ns3:cad>
          </ns3:TrackPointExtension>
        </extensions>
      </trkpt>
      <trkpt lat="42.3769174329936504364013671875" lon="13.27082119882106781005859375">
        <ele>796.5999755859375</ele>
        <time>2017-08-11T16:24:10.000Z</time>
        <extensions>
          <ns3:TrackPointExtension>
            <ns3:cad>81</ns3:cad>
          </ns3:TrackPointExtension>
        </extensions>
      </trkpt>
      <trkpt lat="42.37694048322737216949462890625" lon="13.27074919827282428741455078125">
        <ele>798</ele>
        <time>2017-08-11T16:24:13.000Z</time>
        <extensions>
          <ns3:TrackPointExtension>
            <ns3:cad>81</ns3:cad>
          </ns3:TrackPointExtension>
        </extensions>
      </trkpt>
      <trkpt lat="42.376992702484130859375" lon="13.270496316254138946533203125">
        <ele>802</ele>
        <time>2017-08-11T16:24:23.000Z</time>
        <extensions>
          <ns3:TrackPointExtension>
            <ns3:cad>80</ns3:cad>
          </ns3:TrackPointExtension>
        </extensions>
      </trkpt>
      <trkpt lat="42.37705782987177371978759765625" lon="13.27027059160172939300537109375">
        <ele>804.20001220703125</ele>
        <time>2017-08-11T16:24:31.000Z</time>
        <extensions>
          <ns3:TrackPointExtension>
            <ns3:cad>80</ns3:cad>
          </ns3:TrackPointExtension>
        </extensions>
      </trkpt>
      <trkpt lat="42.37703134305775165557861328125" lon="13.27001896686851978302001953125">
        <ele>805.79998779296875</ele>
        <time>2017-08-11T16:24:39.000Z</time>
        <extensions>
          <ns3:TrackPointExtension>
            <ns3:cad>81</ns3:cad>
          </ns3:TrackPointExtension>
        </extensions>
      </trkpt>
      <trkpt lat="42.3770034313201904296875" lon="13.26975510455667972564697265625">
        <ele>810</ele>
        <time>2017-08-11T16:24:47.000Z</time>
        <extensions>
          <ns3:TrackPointExtension>
            <ns3:cad>81</ns3:cad>
          </ns3:TrackPointExtension>
        </extensions>
      </trkpt>
      <trkpt lat="42.3768921196460723876953125" lon="13.269556872546672821044921875">
        <ele>810.79998779296875</ele>
        <time>2017-08-11T16:24:56.000Z</time>
        <extensions>
          <ns3:TrackPointExtension>
            <ns3:cad>81</ns3:cad>
          </ns3:TrackPointExtension>
        </extensions>
      </trkpt>
      <trkpt lat="42.3768510483205318450927734375" lon="13.2694668509066104888916015625">
        <ele>810.79998779296875</ele>
        <time>2017-08-11T16:25:00.000Z</time>
        <extensions>
          <ns3:TrackPointExtension>
            <ns3:cad>81</ns3:cad>
          </ns3:TrackPointExtension>
        </extensions>
      </trkpt>
      <trkpt lat="42.37685599364340305328369140625" lon="13.26938210986554622650146484375">
        <ele>811</ele>
        <time>2017-08-11T16:25:03.000Z</time>
        <extensions>
          <ns3:TrackPointExtension>
            <ns3:cad>83</ns3:cad>
          </ns3:TrackPointExtension>
        </extensions>
      </trkpt>
      <trkpt lat="42.37687979824841022491455078125" lon="13.26930047012865543365478515625">
        <ele>811.5999755859375</ele>
        <time>2017-08-11T16:25:07.000Z</time>
        <extensions>
          <ns3:TrackPointExtension>
            <ns3:cad>77</ns3:cad>
          </ns3:TrackPointExtension>
        </extensions>
      </trkpt>
      <trkpt lat="42.37689823843538761138916015625" lon="13.26910332776606082916259765625">
        <ele>814.4000244140625</ele>
        <time>2017-08-11T16:25:17.000Z</time>
        <extensions>
          <ns3:TrackPointExtension>
            <ns3:cad>75</ns3:cad>
          </ns3:TrackPointExtension>
        </extensions>
      </trkpt>
      <trkpt lat="42.3769258148968219757080078125" lon="13.26889671385288238525390625">
        <ele>817.79998779296875</ele>
        <time>2017-08-11T16:25:31.000Z</time>
        <extensions>
          <ns3:TrackPointExtension>
            <ns3:cad>0</ns3:cad>
          </ns3:TrackPointExtension>
        </extensions>
      </trkpt>
      <trkpt lat="42.377001084387302398681640625" lon="13.2686695642769336700439453125">
        <ele>820.79998779296875</ele>
        <time>2017-08-11T16:25:45.000Z</time>
        <extensions>
          <ns3:TrackPointExtension>
            <ns3:cad>56</ns3:cad>
          </ns3:TrackPointExtension>
        </extensions>
      </trkpt>
      <trkpt lat="42.377005778253078460693359375" lon="13.268630504608154296875">
        <ele>821</ele>
        <time>2017-08-11T16:25:47.000Z</time>
        <extensions>
          <ns3:TrackPointExtension>
            <ns3:cad>56</ns3:cad>
          </ns3:TrackPointExtension>
        </extensions>
      </trkpt>
      <trkpt lat="42.37700485624372959136962890625" lon="13.268563784658908843994140625">
        <ele>821.5999755859375</ele>
        <time>2017-08-11T16:25:52.000Z</time>
        <extensions>
          <ns3:TrackPointExtension>
            <ns3:cad>56</ns3:cad>
          </ns3:TrackPointExtension>
        </extensions>
      </trkpt>
      <trkpt lat="42.37707727588713169097900390625" lon="13.26831601560115814208984375">
        <ele>825</ele>
        <time>2017-08-11T16:26:07.000Z</time>
        <extensions>
          <ns3:TrackPointExtension>
            <ns3:cad>54</ns3:cad>
          </ns3:TrackPointExtension>
        </extensions>
      </trkpt>
      <trkpt lat="42.37714550457894802093505859375" lon="13.26808375306427478790283203125">
        <ele>829</ele>
        <time>2017-08-11T16:26:20.000Z</time>
        <extensions>
          <ns3:TrackPointExtension>
            <ns3:cad>55</ns3:cad>
          </ns3:TrackPointExtension>
        </extensions>
      </trkpt>
      <trkpt lat="42.37719529308378696441650390625" lon="13.26784805394709110260009765625">
        <ele>832.4000244140625</ele>
        <time>2017-08-11T16:26:36.000Z</time>
        <extensions>
          <ns3:TrackPointExtension>
            <ns3:cad>61</ns3:cad>
          </ns3:TrackPointExtension>
        </extensions>
      </trkpt>
      <trkpt lat="42.37729269079864025115966796875" lon="13.267642445862293243408203125">
        <ele>835.5999755859375</ele>
        <time>2017-08-11T16:26:50.000Z</time>
        <extensions>
          <ns3:TrackPointExtension>
            <ns3:cad>61</ns3:cad>
          </ns3:TrackPointExtension>
        </extensions>
      </trkpt>
      <trkpt lat="42.37733258865773677825927734375" lon="13.26740540564060211181640625">
        <ele>840.20001220703125</ele>
        <time>2017-08-11T16:27:11.000Z</time>
        <extensions>
          <ns3:TrackPointExtension>
            <ns3:cad>56</ns3:cad>
          </ns3:TrackPointExtension>
        </extensions>
      </trkpt>
      <trkpt lat="42.37731465138494968414306640625" lon="13.2673140428960323333740234375">
        <ele>842.5999755859375</ele>
        <time>2017-08-11T16:27:15.000Z</time>
        <extensions>
          <ns3:TrackPointExtension>
            <ns3:cad>113</ns3:cad>
          </ns3:TrackPointExtension>
        </extensions>
      </trkpt>
      <trkpt lat="42.3772590793669223785400390625" lon="13.26713450253009796142578125">
        <ele>847</ele>
        <time>2017-08-11T16:27:22.000Z</time>
        <extensions>
          <ns3:TrackPointExtension>
            <ns3:cad>80</ns3:cad>
          </ns3:TrackPointExtension>
        </extensions>
      </trkpt>
      <trkpt lat="42.37715975381433963775634765625" lon="13.26702008955180644989013671875">
        <ele>849</ele>
        <time>2017-08-11T16:27:29.000Z</time>
        <extensions>
          <ns3:TrackPointExtension>
            <ns3:cad>79</ns3:cad>
          </ns3:TrackPointExtension>
        </extensions>
      </trkpt>
      <trkpt lat="42.37702346406877040863037109375" lon="13.26695454306900501251220703125">
        <ele>848.79998779296875</ele>
        <time>2017-08-11T16:27:38.000Z</time>
        <extensions>
          <ns3:TrackPointExtension>
            <ns3:cad>81</ns3:cad>
          </ns3:TrackPointExtension>
        </extensions>
      </trkpt>
      <trkpt lat="42.3769040219485759735107421875" lon="13.26691967435181140899658203125">
        <ele>848.20001220703125</ele>
        <time>2017-08-11T16:27:45.000Z</time>
        <extensions>
          <ns3:TrackPointExtension>
            <ns3:cad>81</ns3:cad>
          </ns3:TrackPointExtension>
        </extensions>
      </trkpt>
      <trkpt lat="42.37680494785308837890625" lon="13.26684306375682353973388671875">
        <ele>848.79998779296875</ele>
        <time>2017-08-11T16:27:51.000Z</time>
        <extensions>
          <ns3:TrackPointExtension>
            <ns3:cad>82</ns3:cad>
          </ns3:TrackPointExtension>
        </extensions>
      </trkpt>
      <trkpt lat="42.3766773752868175506591796875" lon="13.26680601574480533599853515625">
        <ele>848.20001220703125</ele>
        <time>2017-08-11T16:27:59.000Z</time>
        <extensions>
          <ns3:TrackPointExtension>
            <ns3:cad>79</ns3:cad>
          </ns3:TrackPointExtension>
        </extensions>
      </trkpt>
      <trkpt lat="42.3765848390758037567138671875" lon="13.266784809529781341552734375">
        <ele>847</ele>
        <time>2017-08-11T16:28:03.000Z</time>
        <extensions>
          <ns3:TrackPointExtension>
            <ns3:cad>78</ns3:cad>
          </ns3:TrackPointExtension>
        </extensions>
      </trkpt>
      <trkpt lat="42.376470677554607391357421875" lon="13.266730494797229766845703125">
        <ele>845</ele>
        <time>2017-08-11T16:28:09.000Z</time>
        <extensions>
          <ns3:TrackPointExtension>
            <ns3:cad>79</ns3:cad>
          </ns3:TrackPointExtension>
        </extensions>
      </trkpt>
      <trkpt lat="42.376461289823055267333984375" lon="13.26664902269840240478515625">
        <ele>844</ele>
        <time>2017-08-11T16:28:13.000Z</time>
        <extensions>
          <ns3:TrackPointExtension>
            <ns3:cad>79</ns3:cad>
          </ns3:TrackPointExtension>
        </extensions>
      </trkpt>
      <trkpt lat="42.37646405585110187530517578125" lon="13.26660744845867156982421875">
        <ele>843.5999755859375</ele>
        <time>2017-08-11T16:28:15.000Z</time>
        <extensions>
          <ns3:TrackPointExtension>
            <ns3:cad>79</ns3:cad>
          </ns3:TrackPointExtension>
        </extensions>
      </trkpt>
      <trkpt lat="42.37648643553256988525390625" lon="13.26653905212879180908203125">
        <ele>844.79998779296875</ele>
        <time>2017-08-11T16:28:19.000Z</time>
        <extensions>
          <ns3:TrackPointExtension>
            <ns3:cad>52</ns3:cad>
          </ns3:TrackPointExtension>
        </extensions>
      </trkpt>
      <trkpt lat="42.376591376960277557373046875" lon="13.26632849872112274169921875">
        <ele>849.20001220703125</ele>
        <time>2017-08-11T16:28:32.000Z</time>
        <extensions>
          <ns3:TrackPointExtension>
            <ns3:cad>56</ns3:cad>
          </ns3:TrackPointExtension>
        </extensions>
      </trkpt>
      <trkpt lat="42.37662917934358119964599609375" lon="13.266286589205265045166015625">
        <ele>850.5999755859375</ele>
        <time>2017-08-11T16:28:36.000Z</time>
        <extensions>
          <ns3:TrackPointExtension>
            <ns3:cad>53</ns3:cad>
          </ns3:TrackPointExtension>
        </extensions>
      </trkpt>
      <trkpt lat="42.37678759731352329254150390625" lon="13.26615440659224987030029296875">
        <ele>853.79998779296875</ele>
        <time>2017-08-11T16:28:51.000Z</time>
        <extensions>
          <ns3:TrackPointExtension>
            <ns3:cad>57</ns3:cad>
          </ns3:TrackPointExtension>
        </extensions>
      </trkpt>
      <trkpt lat="42.3768487013876438140869140625" lon="13.266111910343170166015625">
        <ele>855.79998779296875</ele>
        <time>2017-08-11T16:28:55.000Z</time>
        <extensions>
          <ns3:TrackPointExtension>
            <ns3:cad>57</ns3:cad>
          </ns3:TrackPointExtension>
        </extensions>
      </trkpt>
      <trkpt lat="42.3770176805555820465087890625" lon="13.26602130196988582611083984375">
        <ele>863.20001220703125</ele>
        <time>2017-08-11T16:29:12.000Z</time>
        <extensions>
          <ns3:TrackPointExtension>
            <ns3:cad>54</ns3:cad>
          </ns3:TrackPointExtension>
        </extensions>
      </trkpt>
      <trkpt lat="42.3771306686103343963623046875" lon="13.2659990899264812469482421875">
        <ele>867.20001220703125</ele>
        <time>2017-08-11T16:29:26.000Z</time>
        <extensions>
          <ns3:TrackPointExtension>
            <ns3:cad>53</ns3:cad>
          </ns3:TrackPointExtension>
        </extensions>
      </trkpt>
      <trkpt lat="42.37706906162202358245849609375" lon="13.26599665917456150054931640625">
        <ele>865.4000244140625</ele>
        <time>2017-08-11T16:29:31.000Z</time>
        <extensions>
          <ns3:TrackPointExtension>
            <ns3:cad>80</ns3:cad>
          </ns3:TrackPointExtension>
        </extensions>
      </trkpt>
      <trkpt lat="42.37705917097628116607666015625" lon="13.265862800180912017822265625">
        <ele>866</ele>
        <time>2017-08-11T16:29:36.000Z</time>
        <extensions>
          <ns3:TrackPointExtension>
            <ns3:cad>85</ns3:cad>
          </ns3:TrackPointExtension>
        </extensions>
      </trkpt>
      <trkpt lat="42.377079539000988006591796875" lon="13.26578401029109954833984375">
        <ele>866.79998779296875</ele>
        <time>2017-08-11T16:29:40.000Z</time>
        <extensions>
          <ns3:TrackPointExtension>
            <ns3:cad>82</ns3:cad>
          </ns3:TrackPointExtension>
        </extensions>
      </trkpt>
      <trkpt lat="42.3771182633936405181884765625" lon="13.265553005039691925048828125">
        <ele>868.5999755859375</ele>
        <time>2017-08-11T16:29:50.000Z</time>
        <extensions>
          <ns3:TrackPointExtension>
            <ns3:cad>77</ns3:cad>
          </ns3:TrackPointExtension>
        </extensions>
      </trkpt>
      <trkpt lat="42.37720920704305171966552734375" lon="13.26531269587576389312744140625">
        <ele>874</ele>
        <time>2017-08-11T16:30:02.000Z</time>
        <extensions>
          <ns3:TrackPointExtension>
            <ns3:cad>75</ns3:cad>
          </ns3:TrackPointExtension>
        </extensions>
      </trkpt>
      <trkpt lat="42.37722647376358509063720703125" lon="13.26505604200065135955810546875">
        <ele>876.4000244140625</ele>
        <time>2017-08-11T16:30:14.000Z</time>
        <extensions>
          <ns3:TrackPointExtension>
            <ns3:cad>76</ns3:cad>
          </ns3:TrackPointExtension>
        </extensions>
      </trkpt>
      <trkpt lat="42.377217672765254974365234375" lon="13.2649999670684337615966796875">
        <ele>876.20001220703125</ele>
        <time>2017-08-11T16:30:17.000Z</time>
        <extensions>
          <ns3:TrackPointExtension>
            <ns3:cad>61</ns3:cad>
          </ns3:TrackPointExtension>
        </extensions>
      </trkpt>
      <trkpt lat="42.37726083956658840179443359375" lon="13.2647699676454067230224609375">
        <ele>879</ele>
        <time>2017-08-11T16:30:29.000Z</time>
        <extensions>
          <ns3:TrackPointExtension>
            <ns3:cad>63</ns3:cad>
          </ns3:TrackPointExtension>
        </extensions>
      </trkpt>
      <trkpt lat="42.377263270318508148193359375" lon="13.2646982185542583465576171875">
        <ele>879.4000244140625</ele>
        <time>2017-08-11T16:30:32.000Z</time>
        <extensions>
          <ns3:TrackPointExtension>
            <ns3:cad>63</ns3:cad>
          </ns3:TrackPointExtension>
        </extensions>
      </trkpt>
      <trkpt lat="42.3773231171071529388427734375" lon="13.264490850269794464111328125">
        <ele>883.20001220703125</ele>
        <time>2017-08-11T16:30:44.000Z</time>
        <extensions>
          <ns3:TrackPointExtension>
            <ns3:cad>60</ns3:cad>
          </ns3:TrackPointExtension>
        </extensions>
      </trkpt>
      <trkpt lat="42.37737827003002166748046875" lon="13.26427166350185871124267578125">
        <ele>886.79998779296875</ele>
        <time>2017-08-11T16:30:55.000Z</time>
        <extensions>
          <ns3:TrackPointExtension>
            <ns3:cad>61</ns3:cad>
          </ns3:TrackPointExtension>
        </extensions>
      </trkpt>
      <trkpt lat="42.37738556228578090667724609375" lon="13.26419119723141193389892578125">
        <ele>887.5999755859375</ele>
        <time>2017-08-11T16:30:59.000Z</time>
        <extensions>
          <ns3:TrackPointExtension>
            <ns3:cad>62</ns3:cad>
          </ns3:TrackPointExtension>
        </extensions>
      </trkpt>
      <trkpt lat="42.37739503383636474609375" lon="13.26411726884543895721435546875">
        <ele>888.20001220703125</ele>
        <time>2017-08-11T16:31:02.000Z</time>
        <extensions>
          <ns3:TrackPointExtension>
            <ns3:cad>62</ns3:cad>
          </ns3:TrackPointExtension>
        </extensions>
      </trkpt>
      <trkpt lat="42.377375252544879913330078125" lon="13.26386128552258014678955078125">
        <ele>888.4000244140625</ele>
        <time>2017-08-11T16:31:13.000Z</time>
        <extensions>
          <ns3:TrackPointExtension>
            <ns3:cad>61</ns3:cad>
          </ns3:TrackPointExtension>
        </extensions>
      </trkpt>
      <trkpt lat="42.3773553036153316497802734375" lon="13.2636638917028903961181640625">
        <ele>888.4000244140625</ele>
        <time>2017-08-11T16:31:21.000Z</time>
        <extensions>
          <ns3:TrackPointExtension>
            <ns3:cad>82</ns3:cad>
          </ns3:TrackPointExtension>
        </extensions>
      </trkpt>
      <trkpt lat="42.37737030722200870513916015625" lon="13.26357026584446430206298828125">
        <ele>889.20001220703125</ele>
        <time>2017-08-11T16:31:25.000Z</time>
        <extensions>
          <ns3:TrackPointExtension>
            <ns3:cad>61</ns3:cad>
          </ns3:TrackPointExtension>
        </extensions>
      </trkpt>
      <trkpt lat="42.37740919925272464752197265625" lon="13.26331864111125469207763671875">
        <ele>891.79998779296875</ele>
        <time>2017-08-11T16:31:35.000Z</time>
        <extensions>
          <ns3:TrackPointExtension>
            <ns3:cad>61</ns3:cad>
          </ns3:TrackPointExtension>
        </extensions>
      </trkpt>
      <trkpt lat="42.37742411904036998748779296875" lon="13.26315217651426792144775390625">
        <ele>892.5999755859375</ele>
        <time>2017-08-11T16:31:44.000Z</time>
        <extensions>
          <ns3:TrackPointExtension>
            <ns3:cad>61</ns3:cad>
          </ns3:TrackPointExtension>
        </extensions>
      </trkpt>
      <trkpt lat="42.377457730472087860107421875" lon="13.26297883875668048858642578125">
        <ele>894.4000244140625</ele>
        <time>2017-08-11T16:31:53.000Z</time>
        <extensions>
          <ns3:TrackPointExtension>
            <ns3:cad>57</ns3:cad>
          </ns3:TrackPointExtension>
        </extensions>
      </trkpt>
      <trkpt lat="42.3774827085435390472412109375" lon="13.2628716342151165008544921875">
        <ele>895.5999755859375</ele>
        <time>2017-08-11T16:31:58.000Z</time>
        <extensions>
          <ns3:TrackPointExtension>
            <ns3:cad>61</ns3:cad>
          </ns3:TrackPointExtension>
        </extensions>
      </trkpt>
      <trkpt lat="42.3775410465896129608154296875" lon="13.2626439817249774932861328125">
        <ele>899</ele>
        <time>2017-08-11T16:32:09.000Z</time>
        <extensions>
          <ns3:TrackPointExtension>
            <ns3:cad>69</ns3:cad>
          </ns3:TrackPointExtension>
        </extensions>
      </trkpt>
      <trkpt lat="42.37758454866707324981689453125" lon="13.262583129107952117919921875">
        <ele>900.5999755859375</ele>
        <time>2017-08-11T16:32:14.000Z</time>
        <extensions>
          <ns3:TrackPointExtension>
            <ns3:cad>57</ns3:cad>
          </ns3:TrackPointExtension>
        </extensions>
      </trkpt>
      <trkpt lat="42.377614639699459075927734375" lon="13.26252034865319728851318359375">
        <ele>901.4000244140625</ele>
        <time>2017-08-11T16:32:19.000Z</time>
        <extensions>
          <ns3:TrackPointExtension>
            <ns3:cad>57</ns3:cad>
          </ns3:TrackPointExtension>
        </extensions>
      </trkpt>
      <trkpt lat="42.37766392529010772705078125" lon="13.2623241282999515533447265625">
        <ele>901.5999755859375</ele>
        <time>2017-08-11T16:32:28.000Z</time>
        <extensions>
          <ns3:TrackPointExtension>
            <ns3:cad>80</ns3:cad>
          </ns3:TrackPointExtension>
        </extensions>
      </trkpt>
      <trkpt lat="42.37768479622900485992431640625" lon="13.26226436533033847808837890625">
        <ele>902</ele>
        <time>2017-08-11T16:32:31.000Z</time>
        <extensions>
          <ns3:TrackPointExtension>
            <ns3:cad>80</ns3:cad>
          </ns3:TrackPointExtension>
        </extensions>
      </trkpt>
      <trkpt lat="42.37770407460629940032958984375" lon="13.26222916133701801300048828125">
        <ele>902.4000244140625</ele>
        <time>2017-08-11T16:32:35.000Z</time>
        <extensions>
          <ns3:TrackPointExtension>
            <ns3:cad>80</ns3:cad>
          </ns3:TrackPointExtension>
        </extensions>
      </trkpt>
      <trkpt lat="42.37774573266506195068359375" lon="13.26223351992666721343994140625">
        <ele>904.5999755859375</ele>
        <time>2017-08-11T16:32:39.000Z</time>
        <extensions>
          <ns3:TrackPointExtension>
            <ns3:cad>80</ns3:cad>
          </ns3:TrackPointExtension>
        </extensions>
      </trkpt>
      <trkpt lat="42.37792284227907657623291015625" lon="13.262252546846866607666015625">
        <ele>913.20001220703125</ele>
        <time>2017-08-11T16:33:07.000Z</time>
        <extensions>
          <ns3:TrackPointExtension>
            <ns3:cad>42</ns3:cad>
          </ns3:TrackPointExtension>
        </extensions>
      </trkpt>
      <trkpt lat="42.37809198908507823944091796875" lon="13.2622835598886013031005859375">
        <ele>920.79998779296875</ele>
        <time>2017-08-11T16:33:33.000Z</time>
        <extensions>
          <ns3:TrackPointExtension>
            <ns3:cad>0</ns3:cad>
          </ns3:TrackPointExtension>
        </extensions>
      </trkpt>
      <trkpt lat="42.37826742231845855712890625" lon="13.2623432390391826629638671875">
        <ele>929</ele>
        <time>2017-08-11T16:34:03.000Z</time>
        <extensions>
          <ns3:TrackPointExtension>
            <ns3:cad>0</ns3:cad>
          </ns3:TrackPointExtension>
        </extensions>
      </trkpt>
      <trkpt lat="42.378442771732807159423828125" lon="13.26237936504185199737548828125">
        <ele>936.5999755859375</ele>
        <time>2017-08-11T16:34:33.000Z</time>
        <extensions>
          <ns3:TrackPointExtension>
            <ns3:cad>61</ns3:cad>
          </ns3:TrackPointExtension>
        </extensions>
      </trkpt>
      <trkpt lat="42.37847940064966678619384765625" lon="13.26238833367824554443359375">
        <ele>938.20001220703125</ele>
        <time>2017-08-11T16:34:37.000Z</time>
        <extensions>
          <ns3:TrackPointExtension>
            <ns3:cad>61</ns3:cad>
          </ns3:TrackPointExtension>
        </extensions>
      </trkpt>
      <trkpt lat="42.37864024937152862548828125" lon="13.262438960373401641845703125">
        <ele>945.5999755859375</ele>
        <time>2017-08-11T16:35:04.000Z</time>
        <extensions>
          <ns3:TrackPointExtension>
            <ns3:cad>0</ns3:cad>
          </ns3:TrackPointExtension>
        </extensions>
      </trkpt>
      <trkpt lat="42.37873940728604793548583984375" lon="13.2623970508575439453125">
        <ele>948.79998779296875</ele>
        <time>2017-08-11T16:35:23.000Z</time>
        <extensions>
          <ns3:TrackPointExtension>
            <ns3:cad>0</ns3:cad>
          </ns3:TrackPointExtension>
        </extensions>
      </trkpt>
      <trkpt lat="42.37890603952109813690185546875" lon="13.2624682970345020294189453125">
        <ele>956.5999755859375</ele>
        <time>2017-08-11T16:35:48.000Z</time>
        <extensions>
          <ns3:TrackPointExtension>
            <ns3:cad>49</ns3:cad>
          </ns3:TrackPointExtension>
        </extensions>
      </trkpt>
      <trkpt lat="42.3790229670703411102294921875" lon="13.26244491152465343475341796875">
        <ele>961</ele>
        <time>2017-08-11T16:36:01.000Z</time>
        <extensions>
          <ns3:TrackPointExtension>
            <ns3:cad>45</ns3:cad>
          </ns3:TrackPointExtension>
        </extensions>
      </trkpt>
      <trkpt lat="42.3791010864078998565673828125" lon="13.26243527233600616455078125">
        <ele>964.4000244140625</ele>
        <time>2017-08-11T16:36:10.000Z</time>
        <extensions>
          <ns3:TrackPointExtension>
            <ns3:cad>52</ns3:cad>
          </ns3:TrackPointExtension>
        </extensions>
      </trkpt>
      <trkpt lat="42.37927953712642192840576171875" lon="13.26244005002081394195556640625">
        <ele>971.20001220703125</ele>
        <time>2017-08-11T16:36:32.000Z</time>
        <extensions>
          <ns3:TrackPointExtension>
            <ns3:cad>40</ns3:cad>
          </ns3:TrackPointExtension>
        </extensions>
      </trkpt>
      <trkpt lat="42.379459999501705169677734375" lon="13.2624163292348384857177734375">
        <ele>977.20001220703125</ele>
        <time>2017-08-11T16:36:53.000Z</time>
        <extensions>
          <ns3:TrackPointExtension>
            <ns3:cad>47</ns3:cad>
          </ns3:TrackPointExtension>
        </extensions>
      </trkpt>
      <trkpt lat="42.37962386570870876312255859375" lon="13.26230342499911785125732421875">
        <ele>981.4000244140625</ele>
        <time>2017-08-11T16:37:15.000Z</time>
        <extensions>
          <ns3:TrackPointExtension>
            <ns3:cad>45</ns3:cad>
          </ns3:TrackPointExtension>
        </extensions>
      </trkpt>
      <trkpt lat="42.37962939776480197906494140625" lon="13.26229906640946865081787109375">
        <ele>981.4000244140625</ele>
        <time>2017-08-11T16:37:16.000Z</time>
        <extensions>
          <ns3:TrackPointExtension>
            <ns3:cad>45</ns3:cad>
          </ns3:TrackPointExtension>
        </extensions>
      </trkpt>
      <trkpt lat="42.37979301251471042633056640625" lon="13.26220468617975711822509765625">
        <ele>988.20001220703125</ele>
        <time>2017-08-11T16:37:37.000Z</time>
        <extensions>
          <ns3:TrackPointExtension>
            <ns3:cad>45</ns3:cad>
          </ns3:TrackPointExtension>
        </extensions>
      </trkpt>
      <trkpt lat="42.37985051237046718597412109375" lon="13.2621742598712444305419921875">
        <ele>990.5999755859375</ele>
        <time>2017-08-11T16:37:44.000Z</time>
        <extensions>
          <ns3:TrackPointExtension>
            <ns3:cad>45</ns3:cad>
          </ns3:TrackPointExtension>
        </extensions>
      </trkpt>
      <trkpt lat="42.37986509688198566436767578125" lon="13.26216679997742176055908203125">
        <ele>991.20001220703125</ele>
        <time>2017-08-11T16:37:46.000Z</time>
        <extensions>
          <ns3:TrackPointExtension>
            <ns3:cad>45</ns3:cad>
          </ns3:TrackPointExtension>
        </extensions>
      </trkpt>
      <trkpt lat="42.3800445534288883209228515625" lon="13.26211432926356792449951171875">
        <ele>998</ele>
        <time>2017-08-11T16:38:05.000Z</time>
        <extensions>
          <ns3:TrackPointExtension>
            <ns3:cad>52</ns3:cad>
          </ns3:TrackPointExtension>
        </extensions>
      </trkpt>
      <trkpt lat="42.38021613098680973052978515625" lon="13.26203235425055027008056640625">
        <ele>1002.5999755859375</ele>
        <time>2017-08-11T16:38:22.000Z</time>
        <extensions>
          <ns3:TrackPointExtension>
            <ns3:cad>55</ns3:cad>
          </ns3:TrackPointExtension>
        </extensions>
      </trkpt>
      <trkpt lat="42.38035493530333042144775390625" lon="13.26193981803953647613525390625">
        <ele>1008.20001220703125</ele>
        <time>2017-08-11T16:38:38.000Z</time>
        <extensions>
          <ns3:TrackPointExtension>
            <ns3:cad>52</ns3:cad>
          </ns3:TrackPointExtension>
        </extensions>
      </trkpt>
      <trkpt lat="42.38037429749965667724609375" lon="13.261928670108318328857421875">
        <ele>1009</ele>
        <time>2017-08-11T16:38:40.000Z</time>
        <extensions>
          <ns3:TrackPointExtension>
            <ns3:cad>52</ns3:cad>
          </ns3:TrackPointExtension>
        </extensions>
      </trkpt>
      <trkpt lat="42.380449734628200531005859375" lon="13.26189405284821987152099609375">
        <ele>1012</ele>
        <time>2017-08-11T16:38:48.000Z</time>
        <extensions>
          <ns3:TrackPointExtension>
            <ns3:cad>53</ns3:cad>
          </ns3:TrackPointExtension>
        </extensions>
      </trkpt>
      <trkpt lat="42.38051318563520908355712890625" lon="13.26187175698578357696533203125">
        <ele>1014.4000244140625</ele>
        <time>2017-08-11T16:38:55.000Z</time>
        <extensions>
          <ns3:TrackPointExtension>
            <ns3:cad>51</ns3:cad>
          </ns3:TrackPointExtension>
        </extensions>
      </trkpt>
      <trkpt lat="42.38054721616208553314208984375" lon="13.2618577592074871063232421875">
        <ele>1015.79998779296875</ele>
        <time>2017-08-11T16:38:59.000Z</time>
        <extensions>
          <ns3:TrackPointExtension>
            <ns3:cad>52</ns3:cad>
          </ns3:TrackPointExtension>
        </extensions>
      </trkpt>
      <trkpt lat="42.3806034587323665618896484375" lon="13.26180386357009410858154296875">
        <ele>1018.20001220703125</ele>
        <time>2017-08-11T16:39:07.000Z</time>
        <extensions>
          <ns3:TrackPointExtension>
            <ns3:cad>49</ns3:cad>
          </ns3:TrackPointExtension>
        </extensions>
      </trkpt>
      <trkpt lat="42.38065659999847412109375" lon="13.26175206340849399566650390625">
        <ele>1020.20001220703125</ele>
        <time>2017-08-11T16:39:14.000Z</time>
        <extensions>
          <ns3:TrackPointExtension>
            <ns3:cad>50</ns3:cad>
          </ns3:TrackPointExtension>
        </extensions>
      </trkpt>
      <trkpt lat="42.38070395775139331817626953125" lon="13.26172423548996448516845703125">
        <ele>1022</ele>
        <time>2017-08-11T16:39:20.000Z</time>
        <extensions>
          <ns3:TrackPointExtension>
            <ns3:cad>46</ns3:cad>
          </ns3:TrackPointExtension>
        </extensions>
      </trkpt>
      <trkpt lat="42.380754165351390838623046875" lon="13.26172390021383762359619140625">
        <ele>1023.79998779296875</ele>
        <time>2017-08-11T16:39:25.000Z</time>
        <extensions>
          <ns3:TrackPointExtension>
            <ns3:cad>46</ns3:cad>
          </ns3:TrackPointExtension>
        </extensions>
      </trkpt>
      <trkpt lat="42.38077889196574687957763671875" lon="13.26169431209564208984375">
        <ele>1025</ele>
        <time>2017-08-11T16:39:29.000Z</time>
        <extensions>
          <ns3:TrackPointExtension>
            <ns3:cad>48</ns3:cad>
          </ns3:TrackPointExtension>
        </extensions>
      </trkpt>
      <trkpt lat="42.3808230645954608917236328125" lon="13.261635638773441314697265625">
        <ele>1026.800048828125</ele>
        <time>2017-08-11T16:39:35.000Z</time>
        <extensions>
          <ns3:TrackPointExtension>
            <ns3:cad>48</ns3:cad>
          </ns3:TrackPointExtension>
        </extensions>
      </trkpt>
      <trkpt lat="42.38097771070897579193115234375" lon="13.26154218055307865142822265625">
        <ele>1032</ele>
        <time>2017-08-11T16:39:53.000Z</time>
        <extensions>
          <ns3:TrackPointExtension>
            <ns3:cad>49</ns3:cad>
          </ns3:TrackPointExtension>
        </extensions>
      </trkpt>
      <trkpt lat="42.3811295069754123687744140625" lon="13.2614239118993282318115234375">
        <ele>1037.199951171875</ele>
        <time>2017-08-11T16:40:11.000Z</time>
        <extensions>
          <ns3:TrackPointExtension>
            <ns3:cad>52</ns3:cad>
          </ns3:TrackPointExtension>
        </extensions>
      </trkpt>
      <trkpt lat="42.38120033405721187591552734375" lon="13.26140522025525569915771484375">
        <ele>1039.4000244140625</ele>
        <time>2017-08-11T16:40:19.000Z</time>
        <extensions>
          <ns3:TrackPointExtension>
            <ns3:cad>50</ns3:cad>
          </ns3:TrackPointExtension>
        </extensions>
      </trkpt>
      <trkpt lat="42.38123469986021518707275390625" lon="13.261380493640899658203125">
        <ele>1040.5999755859375</ele>
        <time>2017-08-11T16:40:23.000Z</time>
        <extensions>
          <ns3:TrackPointExtension>
            <ns3:cad>50</ns3:cad>
          </ns3:TrackPointExtension>
        </extensions>
      </trkpt>
      <trkpt lat="42.3812931217253208160400390625" lon="13.26133497990667819976806640625">
        <ele>1043.199951171875</ele>
        <time>2017-08-11T16:40:30.000Z</time>
        <extensions>
          <ns3:TrackPointExtension>
            <ns3:cad>51</ns3:cad>
          </ns3:TrackPointExtension>
        </extensions>
      </trkpt>
      <trkpt lat="42.38134031184017658233642578125" lon="13.261294662952423095703125">
        <ele>1045.199951171875</ele>
        <time>2017-08-11T16:40:36.000Z</time>
        <extensions>
          <ns3:TrackPointExtension>
            <ns3:cad>47</ns3:cad>
          </ns3:TrackPointExtension>
        </extensions>
      </trkpt>
      <trkpt lat="42.38142974674701690673828125" lon="13.26125954277813434600830078125">
        <ele>1048.5999755859375</ele>
        <time>2017-08-11T16:40:46.000Z</time>
        <extensions>
          <ns3:TrackPointExtension>
            <ns3:cad>50</ns3:cad>
          </ns3:TrackPointExtension>
        </extensions>
      </trkpt>
      <trkpt lat="42.38159478642046451568603515625" lon="13.2611525058746337890625">
        <ele>1055.5999755859375</ele>
        <time>2017-08-11T16:41:06.000Z</time>
        <extensions>
          <ns3:TrackPointExtension>
            <ns3:cad>50</ns3:cad>
          </ns3:TrackPointExtension>
        </extensions>
      </trkpt>
      <trkpt lat="42.38166167400777339935302734375" lon="13.2610188983380794525146484375">
        <ele>1058.5999755859375</ele>
        <time>2017-08-11T16:41:19.000Z</time>
        <extensions>
          <ns3:TrackPointExtension>
            <ns3:cad>52</ns3:cad>
          </ns3:TrackPointExtension>
        </extensions>
      </trkpt>
      <trkpt lat="42.381733842194080352783203125" lon="13.26096399687230587005615234375">
        <ele>1061.199951171875</ele>
        <time>2017-08-11T16:41:45.000Z</time>
        <extensions>
          <ns3:TrackPointExtension>
            <ns3:cad>51</ns3:cad>
          </ns3:TrackPointExtension>
        </extensions>
      </trkpt>
      <trkpt lat="42.38179276697337627410888671875" lon="13.260932900011539459228515625">
        <ele>1062.800048828125</ele>
        <time>2017-08-11T16:41:54.000Z</time>
        <extensions>
          <ns3:TrackPointExtension>
            <ns3:cad>53</ns3:cad>
          </ns3:TrackPointExtension>
        </extensions>
      </trkpt>
      <trkpt lat="42.3819402046501636505126953125" lon="13.2607852108776569366455078125">
        <ele>1067.800048828125</ele>
        <time>2017-08-11T16:42:14.000Z</time>
        <extensions>
          <ns3:TrackPointExtension>
            <ns3:cad>52</ns3:cad>
          </ns3:TrackPointExtension>
        </extensions>
      </trkpt>
      <trkpt lat="42.38196677528321743011474609375" lon="13.260739780962467193603515625">
        <ele>1069</ele>
        <time>2017-08-11T16:42:18.000Z</time>
        <extensions>
          <ns3:TrackPointExtension>
            <ns3:cad>51</ns3:cad>
          </ns3:TrackPointExtension>
        </extensions>
      </trkpt>
      <trkpt lat="42.38201446831226348876953125" lon="13.26066710986196994781494140625">
        <ele>1070.800048828125</ele>
        <time>2017-08-11T16:42:25.000Z</time>
        <extensions>
          <ns3:TrackPointExtension>
            <ns3:cad>49</ns3:cad>
          </ns3:TrackPointExtension>
        </extensions>
      </trkpt>
      <trkpt lat="42.38202947191894054412841796875" lon="13.26066426001489162445068359375">
        <ele>1071.199951171875</ele>
        <time>2017-08-11T16:42:28.000Z</time>
        <extensions>
          <ns3:TrackPointExtension>
            <ns3:cad>0</ns3:cad>
          </ns3:TrackPointExtension>
        </extensions>
      </trkpt>
      <trkpt lat="42.38206182606518268585205078125" lon="13.2606281340122222900390625">
        <ele>1072.199951171875</ele>
        <time>2017-08-11T16:42:33.000Z</time>
        <extensions>
          <ns3:TrackPointExtension>
            <ns3:cad>0</ns3:cad>
          </ns3:TrackPointExtension>
        </extensions>
      </trkpt>
      <trkpt lat="42.3821497522294521331787109375" lon="13.26054959557950496673583984375">
        <ele>1075</ele>
        <time>2017-08-11T16:42:44.000Z</time>
        <extensions>
          <ns3:TrackPointExtension>
            <ns3:cad>50</ns3:cad>
          </ns3:TrackPointExtension>
        </extensions>
      </trkpt>
      <trkpt lat="42.38221739418804645538330078125" lon="13.26053936965763568878173828125">
        <ele>1076.800048828125</ele>
        <time>2017-08-11T16:42:50.000Z</time>
        <extensions>
          <ns3:TrackPointExtension>
            <ns3:cad>51</ns3:cad>
          </ns3:TrackPointExtension>
        </extensions>
      </trkpt>
      <trkpt lat="42.3822270333766937255859375" lon="13.26053568162024021148681640625">
        <ele>1077</ele>
        <time>2017-08-11T16:42:51.000Z</time>
        <extensions>
          <ns3:TrackPointExtension>
            <ns3:cad>51</ns3:cad>
          </ns3:TrackPointExtension>
        </extensions>
      </trkpt>
      <trkpt lat="42.38227942027151584625244140625" lon="13.2605101168155670166015625">
        <ele>1078.4000244140625</ele>
        <time>2017-08-11T16:42:57.000Z</time>
        <extensions>
          <ns3:TrackPointExtension>
            <ns3:cad>62</ns3:cad>
          </ns3:TrackPointExtension>
        </extensions>
      </trkpt>
      <trkpt lat="42.38234111107885837554931640625" lon="13.26048807241022586822509765625">
        <ele>1080</ele>
        <time>2017-08-11T16:43:03.000Z</time>
        <extensions>
          <ns3:TrackPointExtension>
            <ns3:cad>45</ns3:cad>
          </ns3:TrackPointExtension>
        </extensions>
      </trkpt>
      <trkpt lat="42.38239559344947338104248046875" lon="13.26026964001357555389404296875">
        <ele>1083</ele>
        <time>2017-08-11T16:43:20.000Z</time>
        <extensions>
          <ns3:TrackPointExtension>
            <ns3:cad>56</ns3:cad>
          </ns3:TrackPointExtension>
        </extensions>
      </trkpt>
      <trkpt lat="42.382519729435443878173828125" lon="13.2600851543247699737548828125">
        <ele>1087.199951171875</ele>
        <time>2017-08-11T16:43:37.000Z</time>
        <extensions>
          <ns3:TrackPointExtension>
            <ns3:cad>55</ns3:cad>
          </ns3:TrackPointExtension>
        </extensions>
      </trkpt>
      <trkpt lat="42.38255183212459087371826171875" lon="13.2600610144436359405517578125">
        <ele>1088.199951171875</ele>
        <time>2017-08-11T16:43:41.000Z</time>
        <extensions>
          <ns3:TrackPointExtension>
            <ns3:cad>47</ns3:cad>
          </ns3:TrackPointExtension>
        </extensions>
      </trkpt>
      <trkpt lat="42.38270974718034267425537109375" lon="13.25993386097252368927001953125">
        <ele>1092.800048828125</ele>
        <time>2017-08-11T16:44:01.000Z</time>
        <extensions>
          <ns3:TrackPointExtension>
            <ns3:cad>52</ns3:cad>
          </ns3:TrackPointExtension>
        </extensions>
      </trkpt>
      <trkpt lat="42.382809408009052276611328125" lon="13.2597984932363033294677734375">
        <ele>1096.199951171875</ele>
        <time>2017-08-11T16:44:15.000Z</time>
        <extensions>
          <ns3:TrackPointExtension>
            <ns3:cad>51</ns3:cad>
          </ns3:TrackPointExtension>
        </extensions>
      </trkpt>
      <trkpt lat="42.38288157619535923004150390625" lon="13.2596419192850589752197265625">
        <ele>1099.199951171875</ele>
        <time>2017-08-11T16:44:28.000Z</time>
        <extensions>
          <ns3:TrackPointExtension>
            <ns3:cad>56</ns3:cad>
          </ns3:TrackPointExtension>
        </extensions>
      </trkpt>
      <trkpt lat="42.38298534415662288665771484375" lon="13.2594870217144489288330078125">
        <ele>1102.800048828125</ele>
        <time>2017-08-11T16:44:41.000Z</time>
        <extensions>
          <ns3:TrackPointExtension>
            <ns3:cad>55</ns3:cad>
          </ns3:TrackPointExtension>
        </extensions>
      </trkpt>
      <trkpt lat="42.3830848373472690582275390625" lon="13.259275965392589569091796875">
        <ele>1106.800048828125</ele>
        <time>2017-08-11T16:44:57.000Z</time>
        <extensions>
          <ns3:TrackPointExtension>
            <ns3:cad>53</ns3:cad>
          </ns3:TrackPointExtension>
        </extensions>
      </trkpt>
      <trkpt lat="42.383148707449436187744140625" lon="13.2591809146106243133544921875">
        <ele>1108.4000244140625</ele>
        <time>2017-08-11T16:45:04.000Z</time>
        <extensions>
          <ns3:TrackPointExtension>
            <ns3:cad>53</ns3:cad>
          </ns3:TrackPointExtension>
        </extensions>
      </trkpt>
      <trkpt lat="42.3831733502447605133056640625" lon="13.2591296173632144927978515625">
        <ele>1109</ele>
        <time>2017-08-11T16:45:08.000Z</time>
        <extensions>
          <ns3:TrackPointExtension>
            <ns3:cad>48</ns3:cad>
          </ns3:TrackPointExtension>
        </extensions>
      </trkpt>
      <trkpt lat="42.38325809128582477569580078125" lon="13.25898184441030025482177734375">
        <ele>1110.800048828125</ele>
        <time>2017-08-11T16:45:19.000Z</time>
        <extensions>
          <ns3:TrackPointExtension>
            <ns3:cad>53</ns3:cad>
          </ns3:TrackPointExtension>
        </extensions>
      </trkpt>
      <trkpt lat="42.3833374679088592529296875" lon="13.258754946291446685791015625">
        <ele>1112.4000244140625</ele>
        <time>2017-08-11T16:45:38.000Z</time>
        <extensions>
          <ns3:TrackPointExtension>
            <ns3:cad>54</ns3:cad>
          </ns3:TrackPointExtension>
        </extensions>
      </trkpt>
      <trkpt lat="42.38348306156694889068603515625" lon="13.258610107004642486572265625">
        <ele>1115.199951171875</ele>
        <time>2017-08-11T16:45:55.000Z</time>
        <extensions>
          <ns3:TrackPointExtension>
            <ns3:cad>54</ns3:cad>
          </ns3:TrackPointExtension>
        </extensions>
      </trkpt>
      <trkpt lat="42.38363963551819324493408203125" lon="13.2584761641919612884521484375">
        <ele>1119</ele>
        <time>2017-08-11T16:46:07.000Z</time>
        <extensions>
          <ns3:TrackPointExtension>
            <ns3:cad>54</ns3:cad>
          </ns3:TrackPointExtension>
        </extensions>
      </trkpt>
      <trkpt lat="42.3836553096771240234375" lon="13.2584707997739315032958984375">
        <ele>1119.4000244140625</ele>
        <time>2017-08-11T16:46:08.000Z</time>
        <extensions>
          <ns3:TrackPointExtension>
            <ns3:cad>54</ns3:cad>
          </ns3:TrackPointExtension>
        </extensions>
      </trkpt>
      <trkpt lat="42.383763603866100311279296875" lon="13.2584582269191741943359375">
        <ele>1121.800048828125</ele>
        <time>2017-08-11T16:46:15.000Z</time>
        <extensions>
          <ns3:TrackPointExtension>
            <ns3:cad>55</ns3:cad>
          </ns3:TrackPointExtension>
        </extensions>
      </trkpt>
      <trkpt lat="42.38385002128779888153076171875" lon="13.25838471762835979461669921875">
        <ele>1124.199951171875</ele>
        <time>2017-08-11T16:46:20.000Z</time>
        <extensions>
          <ns3:TrackPointExtension>
            <ns3:cad>79</ns3:cad>
          </ns3:TrackPointExtension>
        </extensions>
      </trkpt>
      <trkpt lat="42.383950017392635345458984375" lon="13.2581630162894725799560546875">
        <ele>1127.5999755859375</ele>
        <time>2017-08-11T16:46:29.000Z</time>
        <extensions>
          <ns3:TrackPointExtension>
            <ns3:cad>81</ns3:cad>
          </ns3:TrackPointExtension>
        </extensions>
      </trkpt>
      <trkpt lat="42.38404716365039348602294921875" lon="13.25793142430484294891357421875">
        <ele>1130.5999755859375</ele>
        <time>2017-08-11T16:46:39.000Z</time>
        <extensions>
          <ns3:TrackPointExtension>
            <ns3:cad>78</ns3:cad>
          </ns3:TrackPointExtension>
        </extensions>
      </trkpt>
      <trkpt lat="42.38410248421132564544677734375" lon="13.2576872594654560089111328125">
        <ele>1132.800048828125</ele>
        <time>2017-08-11T16:46:50.000Z</time>
        <extensions>
          <ns3:TrackPointExtension>
            <ns3:cad>77</ns3:cad>
          </ns3:TrackPointExtension>
        </extensions>
      </trkpt>
      <trkpt lat="42.38423458300530910491943359375" lon="13.25750612653791904449462890625">
        <ele>1136.800048828125</ele>
        <time>2017-08-11T16:47:03.000Z</time>
        <extensions>
          <ns3:TrackPointExtension>
            <ns3:cad>78</ns3:cad>
          </ns3:TrackPointExtension>
        </extensions>
      </trkpt>
      <trkpt lat="42.38432426936924457550048828125" lon="13.25727998279035091400146484375">
        <ele>1140</ele>
        <time>2017-08-11T16:47:17.000Z</time>
        <extensions>
          <ns3:TrackPointExtension>
            <ns3:cad>52</ns3:cad>
          </ns3:TrackPointExtension>
        </extensions>
      </trkpt>
      <trkpt lat="42.3844028078019618988037109375" lon="13.2571648992598056793212890625">
        <ele>1142.4000244140625</ele>
        <time>2017-08-11T16:47:28.000Z</time>
        <extensions>
          <ns3:TrackPointExtension>
            <ns3:cad>53</ns3:cad>
          </ns3:TrackPointExtension>
        </extensions>
      </trkpt>
      <trkpt lat="42.38448704592883586883544921875" lon="13.257106728851795196533203125">
        <ele>1144.800048828125</ele>
        <time>2017-08-11T16:47:36.000Z</time>
        <extensions>
          <ns3:TrackPointExtension>
            <ns3:cad>52</ns3:cad>
          </ns3:TrackPointExtension>
        </extensions>
      </trkpt>
      <trkpt lat="42.3845540173351764678955078125" lon="13.2570378296077251434326171875">
        <ele>1146.4000244140625</ele>
        <time>2017-08-11T16:47:43.000Z</time>
        <extensions>
          <ns3:TrackPointExtension>
            <ns3:cad>54</ns3:cad>
          </ns3:TrackPointExtension>
        </extensions>
      </trkpt>
      <trkpt lat="42.38456097431480884552001953125" lon="13.2569667510688304901123046875">
        <ele>1146.4000244140625</ele>
        <time>2017-08-11T16:47:48.000Z</time>
        <extensions>
          <ns3:TrackPointExtension>
            <ns3:cad>53</ns3:cad>
          </ns3:TrackPointExtension>
        </extensions>
      </trkpt>
      <trkpt lat="42.38467128016054630279541015625" lon="13.2567743025720119476318359375">
        <ele>1148.4000244140625</ele>
        <time>2017-08-11T16:48:01.000Z</time>
        <extensions>
          <ns3:TrackPointExtension>
            <ns3:cad>56</ns3:cad>
          </ns3:TrackPointExtension>
        </extensions>
      </trkpt>
      <trkpt lat="42.3848406784236431121826171875" lon="13.2566703669726848602294921875">
        <ele>1152</ele>
        <time>2017-08-11T16:48:15.000Z</time>
        <extensions>
          <ns3:TrackPointExtension>
            <ns3:cad>52</ns3:cad>
          </ns3:TrackPointExtension>
        </extensions>
      </trkpt>
      <trkpt lat="42.38501577638089656829833984375" lon="13.25661747716367244720458984375">
        <ele>1156.800048828125</ele>
        <time>2017-08-11T16:48:29.000Z</time>
        <extensions>
          <ns3:TrackPointExtension>
            <ns3:cad>54</ns3:cad>
          </ns3:TrackPointExtension>
        </extensions>
      </trkpt>
      <trkpt lat="42.3851769603788852691650390625" lon="13.25654338113963603973388671875">
        <ele>1161</ele>
        <time>2017-08-11T16:48:43.000Z</time>
        <extensions>
          <ns3:TrackPointExtension>
            <ns3:cad>52</ns3:cad>
          </ns3:TrackPointExtension>
        </extensions>
      </trkpt>
      <trkpt lat="42.38533529452979564666748046875" lon="13.256419412791728973388671875">
        <ele>1165</ele>
        <time>2017-08-11T16:49:12.000Z</time>
        <extensions>
          <ns3:TrackPointExtension>
            <ns3:cad>0</ns3:cad>
          </ns3:TrackPointExtension>
        </extensions>
      </trkpt>
      <trkpt lat="42.3855062015354633331298828125" lon="13.25628899037837982177734375">
        <ele>1169.4000244140625</ele>
        <time>2017-08-11T16:49:22.000Z</time>
        <extensions>
          <ns3:TrackPointExtension>
            <ns3:cad>79</ns3:cad>
          </ns3:TrackPointExtension>
        </extensions>
      </trkpt>
      <trkpt lat="42.38567073829472064971923828125" lon="13.25617901980876922607421875">
        <ele>1174</ele>
        <time>2017-08-11T16:49:32.000Z</time>
        <extensions>
          <ns3:TrackPointExtension>
            <ns3:cad>79</ns3:cad>
          </ns3:TrackPointExtension>
        </extensions>
      </trkpt>
      <trkpt lat="42.3858273960649967193603515625" lon="13.25605094432830810546875">
        <ele>1178.199951171875</ele>
        <time>2017-08-11T16:49:43.000Z</time>
        <extensions>
          <ns3:TrackPointExtension>
            <ns3:cad>77</ns3:cad>
          </ns3:TrackPointExtension>
        </extensions>
      </trkpt>
      <trkpt lat="42.38599042408168315887451171875" lon="13.25593938119709491729736328125">
        <ele>1181.4000244140625</ele>
        <time>2017-08-11T16:49:57.000Z</time>
        <extensions>
          <ns3:TrackPointExtension>
            <ns3:cad>78</ns3:cad>
          </ns3:TrackPointExtension>
        </extensions>
      </trkpt>
      <trkpt lat="42.386110536754131317138671875" lon="13.2557537220418453216552734375">
        <ele>1186</ele>
        <time>2017-08-11T16:50:15.000Z</time>
        <extensions>
          <ns3:TrackPointExtension>
            <ns3:cad>51</ns3:cad>
          </ns3:TrackPointExtension>
        </extensions>
      </trkpt>
      <trkpt lat="42.3861516080796718597412109375" lon="13.25568960048258304595947265625">
        <ele>1187.5999755859375</ele>
        <time>2017-08-11T16:50:21.000Z</time>
        <extensions>
          <ns3:TrackPointExtension>
            <ns3:cad>51</ns3:cad>
          </ns3:TrackPointExtension>
        </extensions>
      </trkpt>
      <trkpt lat="42.3861834593117237091064453125" lon="13.2556601800024509429931640625">
        <ele>1188.5999755859375</ele>
        <time>2017-08-11T16:50:25.000Z</time>
        <extensions>
          <ns3:TrackPointExtension>
            <ns3:cad>47</ns3:cad>
          </ns3:TrackPointExtension>
        </extensions>
      </trkpt>
      <trkpt lat="42.3862491734325885772705078125" lon="13.25565674342215061187744140625">
        <ele>1189.800048828125</ele>
        <time>2017-08-11T16:50:33.000Z</time>
        <extensions>
          <ns3:TrackPointExtension>
            <ns3:cad>47</ns3:cad>
          </ns3:TrackPointExtension>
        </extensions>
      </trkpt>
      <trkpt lat="42.38634355366230010986328125" lon="13.255560100078582763671875">
        <ele>1192.4000244140625</ele>
        <time>2017-08-11T16:50:43.000Z</time>
        <extensions>
          <ns3:TrackPointExtension>
            <ns3:cad>54</ns3:cad>
          </ns3:TrackPointExtension>
        </extensions>
      </trkpt>
      <trkpt lat="42.3863889835774898529052734375" lon="13.2555106468498706817626953125">
        <ele>1193.5999755859375</ele>
        <time>2017-08-11T16:50:48.000Z</time>
        <extensions>
          <ns3:TrackPointExtension>
            <ns3:cad>52</ns3:cad>
          </ns3:TrackPointExtension>
        </extensions>
      </trkpt>
      <trkpt lat="42.38648110069334506988525390625" lon="13.25539405457675457000732421875">
        <ele>1196</ele>
        <time>2017-08-11T16:51:00.000Z</time>
        <extensions>
          <ns3:TrackPointExtension>
            <ns3:cad>51</ns3:cad>
          </ns3:TrackPointExtension>
        </extensions>
      </trkpt>
      <trkpt lat="42.386543042957782745361328125" lon="13.2553393207490444183349609375">
        <ele>1197.4000244140625</ele>
        <time>2017-08-11T16:51:11.000Z</time>
        <extensions>
          <ns3:TrackPointExtension>
            <ns3:cad>0</ns3:cad>
          </ns3:TrackPointExtension>
        </extensions>
      </trkpt>
      <trkpt lat="42.38659241236746311187744140625" lon="13.255289532244205474853515625">
        <ele>1198.5999755859375</ele>
        <time>2017-08-11T16:51:17.000Z</time>
        <extensions>
          <ns3:TrackPointExtension>
            <ns3:cad>49</ns3:cad>
          </ns3:TrackPointExtension>
        </extensions>
      </trkpt>
      <trkpt lat="42.38662862218916416168212890625" lon="13.25525390915572643280029296875">
        <ele>1199.4000244140625</ele>
        <time>2017-08-11T16:51:21.000Z</time>
        <extensions>
          <ns3:TrackPointExtension>
            <ns3:cad>49</ns3:cad>
          </ns3:TrackPointExtension>
        </extensions>
      </trkpt>
      <trkpt lat="42.38675904460251331329345703125" lon="13.255075626075267791748046875">
        <ele>1201</ele>
        <time>2017-08-11T16:51:37.000Z</time>
        <extensions>
          <ns3:TrackPointExtension>
            <ns3:cad>51</ns3:cad>
          </ns3:TrackPointExtension>
        </extensions>
      </trkpt>
      <trkpt lat="42.38678083755075931549072265625" lon="13.2550097443163394927978515625">
        <ele>1201.199951171875</ele>
        <time>2017-08-11T16:51:42.000Z</time>
        <extensions>
          <ns3:TrackPointExtension>
            <ns3:cad>52</ns3:cad>
          </ns3:TrackPointExtension>
        </extensions>
      </trkpt>
      <trkpt lat="42.3867572844028472900390625" lon="13.2549203932285308837890625">
        <ele>1201.800048828125</ele>
        <time>2017-08-11T16:51:49.000Z</time>
        <extensions>
          <ns3:TrackPointExtension>
            <ns3:cad>61</ns3:cad>
          </ns3:TrackPointExtension>
        </extensions>
      </trkpt>
      <trkpt lat="42.3867520876228809356689453125" lon="13.25490823946893215179443359375">
        <ele>1202</ele>
        <time>2017-08-11T16:51:50.000Z</time>
        <extensions>
          <ns3:TrackPointExtension>
            <ns3:cad>0</ns3:cad>
          </ns3:TrackPointExtension>
        </extensions>
      </trkpt>
      <trkpt lat="42.38669089972972869873046875" lon="13.25480036437511444091796875">
        <ele>1202.800048828125</ele>
        <time>2017-08-11T16:51:59.000Z</time>
        <extensions>
          <ns3:TrackPointExtension>
            <ns3:cad>52</ns3:cad>
          </ns3:TrackPointExtension>
        </extensions>
      </trkpt>
      <trkpt lat="42.38663482479751110076904296875" lon="13.25457413680851459503173828125">
        <ele>1204</ele>
        <time>2017-08-11T16:52:14.000Z</time>
        <extensions>
          <ns3:TrackPointExtension>
            <ns3:cad>53</ns3:cad>
          </ns3:TrackPointExtension>
        </extensions>
      </trkpt>
      <trkpt lat="42.3866675980389118194580078125" lon="13.25433458201587200164794921875">
        <ele>1205.5999755859375</ele>
        <time>2017-08-11T16:52:27.000Z</time>
        <extensions>
          <ns3:TrackPointExtension>
            <ns3:cad>61</ns3:cad>
          </ns3:TrackPointExtension>
        </extensions>
      </trkpt>
      <trkpt lat="42.386663742363452911376953125" lon="13.2542791776359081268310546875">
        <ele>1206.199951171875</ele>
        <time>2017-08-11T16:52:30.000Z</time>
        <extensions>
          <ns3:TrackPointExtension>
            <ns3:cad>61</ns3:cad>
          </ns3:TrackPointExtension>
        </extensions>
      </trkpt>
      <trkpt lat="42.38664588890969753265380859375" lon="13.25410810299217700958251953125">
        <ele>1208.199951171875</ele>
        <time>2017-08-11T16:52:41.000Z</time>
        <extensions>
          <ns3:TrackPointExtension>
            <ns3:cad>107</ns3:cad>
          </ns3:TrackPointExtension>
        </extensions>
      </trkpt>
      <trkpt lat="42.38661085255444049835205078125" lon="13.2539599947631359100341796875">
        <ele>1209</ele>
        <time>2017-08-11T16:52:48.000Z</time>
        <extensions>
          <ns3:TrackPointExtension>
            <ns3:cad>61</ns3:cad>
          </ns3:TrackPointExtension>
        </extensions>
      </trkpt>
      <trkpt lat="42.386612780392169952392578125" lon="13.253714740276336669921875">
        <ele>1212</ele>
        <time>2017-08-11T16:53:00.000Z</time>
        <extensions>
          <ns3:TrackPointExtension>
            <ns3:cad>55</ns3:cad>
          </ns3:TrackPointExtension>
        </extensions>
      </trkpt>
      <trkpt lat="42.38660372793674468994140625" lon="13.253457583487033843994140625">
        <ele>1214.800048828125</ele>
        <time>2017-08-11T16:53:14.000Z</time>
        <extensions>
          <ns3:TrackPointExtension>
            <ns3:cad>54</ns3:cad>
          </ns3:TrackPointExtension>
        </extensions>
      </trkpt>
      <trkpt lat="42.38658654503524303436279296875" lon="13.25321073643863201141357421875">
        <ele>1216</ele>
        <time>2017-08-11T16:53:28.000Z</time>
        <extensions>
          <ns3:TrackPointExtension>
            <ns3:cad>54</ns3:cad>
          </ns3:TrackPointExtension>
        </extensions>
      </trkpt>
      <trkpt lat="42.3865871317684650421142578125" lon="13.2529548369348049163818359375">
        <ele>1218</ele>
        <time>2017-08-11T16:53:42.000Z</time>
        <extensions>
          <ns3:TrackPointExtension>
            <ns3:cad>56</ns3:cad>
          </ns3:TrackPointExtension>
        </extensions>
      </trkpt>
      <trkpt lat="42.3866330645978450775146484375" lon="13.252703212201595306396484375">
        <ele>1221</ele>
        <time>2017-08-11T16:53:55.000Z</time>
        <extensions>
          <ns3:TrackPointExtension>
            <ns3:cad>55</ns3:cad>
          </ns3:TrackPointExtension>
        </extensions>
      </trkpt>
      <trkpt lat="42.38670489750802516937255859375" lon="13.252467177808284759521484375">
        <ele>1225.199951171875</ele>
        <time>2017-08-11T16:54:06.000Z</time>
        <extensions>
          <ns3:TrackPointExtension>
            <ns3:cad>74</ns3:cad>
          </ns3:TrackPointExtension>
        </extensions>
      </trkpt>
      <trkpt lat="42.386801876127719879150390625" lon="13.25224413536489009857177734375">
        <ele>1230.4000244140625</ele>
        <time>2017-08-11T16:54:16.000Z</time>
        <extensions>
          <ns3:TrackPointExtension>
            <ns3:cad>76</ns3:cad>
          </ns3:TrackPointExtension>
        </extensions>
      </trkpt>
      <trkpt lat="42.38690053112804889678955078125" lon="13.2520080171525478363037109375">
        <ele>1235.4000244140625</ele>
        <time>2017-08-11T16:54:26.000Z</time>
        <extensions>
          <ns3:TrackPointExtension>
            <ns3:cad>80</ns3:cad>
          </ns3:TrackPointExtension>
        </extensions>
      </trkpt>
      <trkpt lat="42.387006394565105438232421875" lon="13.2518108747899532318115234375">
        <ele>1239</ele>
        <time>2017-08-11T16:54:35.000Z</time>
        <extensions>
          <ns3:TrackPointExtension>
            <ns3:cad>80</ns3:cad>
          </ns3:TrackPointExtension>
        </extensions>
      </trkpt>
      <trkpt lat="42.38709549419581890106201171875" lon="13.25166963972151279449462890625">
        <ele>1242.5999755859375</ele>
        <time>2017-08-11T16:54:42.000Z</time>
        <extensions>
          <ns3:TrackPointExtension>
            <ns3:cad>81</ns3:cad>
          </ns3:TrackPointExtension>
        </extensions>
      </trkpt>
      <trkpt lat="42.38715517334640026092529296875" lon="13.2515973038971424102783203125">
        <ele>1244.5999755859375</ele>
        <time>2017-08-11T16:54:46.000Z</time>
        <extensions>
          <ns3:TrackPointExtension>
            <ns3:cad>80</ns3:cad>
          </ns3:TrackPointExtension>
        </extensions>
      </trkpt>
      <trkpt lat="42.38727520219981670379638671875" lon="13.2513901032507419586181640625">
        <ele>1246.5999755859375</ele>
        <time>2017-08-11T16:54:57.000Z</time>
        <extensions>
          <ns3:TrackPointExtension>
            <ns3:cad>81</ns3:cad>
          </ns3:TrackPointExtension>
        </extensions>
      </trkpt>
      <trkpt lat="42.387314178049564361572265625" lon="13.251225315034389495849609375">
        <ele>1246</ele>
        <time>2017-08-11T16:55:08.000Z</time>
        <extensions>
          <ns3:TrackPointExtension>
            <ns3:cad>61</ns3:cad>
          </ns3:TrackPointExtension>
        </extensions>
      </trkpt>
      <trkpt lat="42.38734594546258449554443359375" lon="13.2512831501662731170654296875">
        <ele>1246.5999755859375</ele>
        <time>2017-08-11T16:55:15.000Z</time>
        <extensions>
          <ns3:TrackPointExtension>
            <ns3:cad>61</ns3:cad>
          </ns3:TrackPointExtension>
        </extensions>
      </trkpt>
      <trkpt lat="42.387388609349727630615234375" lon="13.2511007599532604217529296875">
        <ele>1246</ele>
        <time>2017-08-11T16:55:42.000Z</time>
        <extensions>
          <ns3:TrackPointExtension>
            <ns3:cad>82</ns3:cad>
          </ns3:TrackPointExtension>
        </extensions>
      </trkpt>
      <trkpt lat="42.387534789741039276123046875" lon="13.250941671431064605712890625">
        <ele>1246.4000244140625</ele>
        <time>2017-08-11T16:55:51.000Z</time>
        <extensions>
          <ns3:TrackPointExtension>
            <ns3:cad>79</ns3:cad>
          </ns3:TrackPointExtension>
        </extensions>
      </trkpt>
      <trkpt lat="42.3876968957483768463134765625" lon="13.25081460177898406982421875">
        <ele>1247.199951171875</ele>
        <time>2017-08-11T16:55:59.000Z</time>
        <extensions>
          <ns3:TrackPointExtension>
            <ns3:cad>81</ns3:cad>
          </ns3:TrackPointExtension>
        </extensions>
      </trkpt>
      <trkpt lat="42.387819774448871612548828125" lon="13.25066498480737209320068359375">
        <ele>1247.800048828125</ele>
        <time>2017-08-11T16:56:07.000Z</time>
        <extensions>
          <ns3:TrackPointExtension>
            <ns3:cad>79</ns3:cad>
          </ns3:TrackPointExtension>
        </extensions>
      </trkpt>
      <trkpt lat="42.38783528096973896026611328125" lon="13.25063196010887622833251953125">
        <ele>1247.800048828125</ele>
        <time>2017-08-11T16:56:09.000Z</time>
        <extensions>
          <ns3:TrackPointExtension>
            <ns3:cad>79</ns3:cad>
          </ns3:TrackPointExtension>
        </extensions>
      </trkpt>
      <trkpt lat="42.3879885859787464141845703125" lon="13.25046448968350887298583984375">
        <ele>1247.800048828125</ele>
        <time>2017-08-11T16:56:25.000Z</time>
        <extensions>
          <ns3:TrackPointExtension>
            <ns3:cad>82</ns3:cad>
          </ns3:TrackPointExtension>
        </extensions>
      </trkpt>
      <trkpt lat="42.38809897564351558685302734375" lon="13.25023063458502292633056640625">
        <ele>1246.800048828125</ele>
        <time>2017-08-11T16:56:33.000Z</time>
        <extensions>
          <ns3:TrackPointExtension>
            <ns3:cad>81</ns3:cad>
          </ns3:TrackPointExtension>
        </extensions>
      </trkpt>
      <trkpt lat="42.38818095065653324127197265625" lon="13.2499772496521472930908203125">
        <ele>1245.199951171875</ele>
        <time>2017-08-11T16:56:39.000Z</time>
        <extensions>
          <ns3:TrackPointExtension>
            <ns3:cad>86</ns3:cad>
          </ns3:TrackPointExtension>
        </extensions>
      </trkpt>
      <trkpt lat="42.38826401531696319580078125" lon="13.24974196963012218475341796875">
        <ele>1243.5999755859375</ele>
        <time>2017-08-11T16:56:48.000Z</time>
        <extensions>
          <ns3:TrackPointExtension>
            <ns3:cad>80</ns3:cad>
          </ns3:TrackPointExtension>
        </extensions>
      </trkpt>
      <trkpt lat="42.38832159899175167083740234375" lon="13.2495103776454925537109375">
        <ele>1241.800048828125</ele>
        <time>2017-08-11T16:56:57.000Z</time>
        <extensions>
          <ns3:TrackPointExtension>
            <ns3:cad>79</ns3:cad>
          </ns3:TrackPointExtension>
        </extensions>
      </trkpt>
      <trkpt lat="42.3883456550538539886474609375" lon="13.24926939792931079864501953125">
        <ele>1239.800048828125</ele>
        <time>2017-08-11T16:57:04.000Z</time>
        <extensions>
          <ns3:TrackPointExtension>
            <ns3:cad>79</ns3:cad>
          </ns3:TrackPointExtension>
        </extensions>
      </trkpt>
      <trkpt lat="42.38840349018573760986328125" lon="13.24901827611029148101806640625">
        <ele>1237.800048828125</ele>
        <time>2017-08-11T16:57:11.000Z</time>
        <extensions>
          <ns3:TrackPointExtension>
            <ns3:cad>80</ns3:cad>
          </ns3:TrackPointExtension>
        </extensions>
      </trkpt>
      <trkpt lat="42.38849460147321224212646484375" lon="13.2487997598946094512939453125">
        <ele>1235.800048828125</ele>
        <time>2017-08-11T16:57:20.000Z</time>
        <extensions>
          <ns3:TrackPointExtension>
            <ns3:cad>83</ns3:cad>
          </ns3:TrackPointExtension>
        </extensions>
      </trkpt>
      <trkpt lat="42.38861228339374065399169921875" lon="13.2485885359346866607666015625">
        <ele>1235</ele>
        <time>2017-08-11T16:57:28.000Z</time>
        <extensions>
          <ns3:TrackPointExtension>
            <ns3:cad>81</ns3:cad>
          </ns3:TrackPointExtension>
        </extensions>
      </trkpt>
      <trkpt lat="42.3886428773403167724609375" lon="13.2483374141156673431396484375">
        <ele>1234.5999755859375</ele>
        <time>2017-08-11T16:57:35.000Z</time>
        <extensions>
          <ns3:TrackPointExtension>
            <ns3:cad>81</ns3:cad>
          </ns3:TrackPointExtension>
        </extensions>
      </trkpt>
      <trkpt lat="42.38867565058171749114990234375" lon="13.2480782456696033477783203125">
        <ele>1233.800048828125</ele>
        <time>2017-08-11T16:57:42.000Z</time>
        <extensions>
          <ns3:TrackPointExtension>
            <ns3:cad>82</ns3:cad>
          </ns3:TrackPointExtension>
        </extensions>
      </trkpt>
      <trkpt lat="42.3887000419199466705322265625" lon="13.2478271238505840301513671875">
        <ele>1233.5999755859375</ele>
        <time>2017-08-11T16:57:49.000Z</time>
        <extensions>
          <ns3:TrackPointExtension>
            <ns3:cad>83</ns3:cad>
          </ns3:TrackPointExtension>
        </extensions>
      </trkpt>
      <trkpt lat="42.38879081793129444122314453125" lon="13.247594274580478668212890625">
        <ele>1235.199951171875</ele>
        <time>2017-08-11T16:57:56.000Z</time>
        <extensions>
          <ns3:TrackPointExtension>
            <ns3:cad>81</ns3:cad>
          </ns3:TrackPointExtension>
        </extensions>
      </trkpt>
      <trkpt lat="42.3889384232461452484130859375" lon="13.24743711389601230621337890625">
        <ele>1239.4000244140625</ele>
        <time>2017-08-11T16:58:03.000Z</time>
        <extensions>
          <ns3:TrackPointExtension>
            <ns3:cad>82</ns3:cad>
          </ns3:TrackPointExtension>
        </extensions>
      </trkpt>
      <trkpt lat="42.38907244987785816192626953125" lon="13.2472474314272403717041015625">
        <ele>1238.5999755859375</ele>
        <time>2017-08-11T16:58:10.000Z</time>
        <extensions>
          <ns3:TrackPointExtension>
            <ns3:cad>82</ns3:cad>
          </ns3:TrackPointExtension>
        </extensions>
      </trkpt>
      <trkpt lat="42.389218546450138092041015625" lon="13.2470802962779998779296875">
        <ele>1236.199951171875</ele>
        <time>2017-08-11T16:58:17.000Z</time>
        <extensions>
          <ns3:TrackPointExtension>
            <ns3:cad>83</ns3:cad>
          </ns3:TrackPointExtension>
        </extensions>
      </trkpt>
      <trkpt lat="42.38933287560939788818359375" lon="13.24688382446765899658203125">
        <ele>1233.199951171875</ele>
        <time>2017-08-11T16:58:24.000Z</time>
        <extensions>
          <ns3:TrackPointExtension>
            <ns3:cad>82</ns3:cad>
          </ns3:TrackPointExtension>
        </extensions>
      </trkpt>
      <trkpt lat="42.3893716000020503997802734375" lon="13.24664569459855556488037109375">
        <ele>1234.199951171875</ele>
        <time>2017-08-11T16:58:32.000Z</time>
        <extensions>
          <ns3:TrackPointExtension>
            <ns3:cad>84</ns3:cad>
          </ns3:TrackPointExtension>
        </extensions>
      </trkpt>
      <trkpt lat="42.3894731886684894561767578125" lon="13.24640370905399322509765625">
        <ele>1235.5999755859375</ele>
        <time>2017-08-11T16:58:41.000Z</time>
        <extensions>
          <ns3:TrackPointExtension>
            <ns3:cad>79</ns3:cad>
          </ns3:TrackPointExtension>
        </extensions>
      </trkpt>
      <trkpt lat="42.38957854919135570526123046875" lon="13.246212266385555267333984375">
        <ele>1234.4000244140625</ele>
        <time>2017-08-11T16:58:49.000Z</time>
        <extensions>
          <ns3:TrackPointExtension>
            <ns3:cad>85</ns3:cad>
          </ns3:TrackPointExtension>
        </extensions>
      </trkpt>
      <trkpt lat="42.38965700380504131317138671875" lon="13.24609684757888317108154296875">
        <ele>1232.5999755859375</ele>
        <time>2017-08-11T16:58:54.000Z</time>
        <extensions>
          <ns3:TrackPointExtension>
            <ns3:cad>86</ns3:cad>
          </ns3:TrackPointExtension>
        </extensions>
      </trkpt>
      <trkpt lat="42.38972288556396961212158203125" lon="13.2459790818393230438232421875">
        <ele>1231.199951171875</ele>
        <time>2017-08-11T16:59:00.000Z</time>
        <extensions>
          <ns3:TrackPointExtension>
            <ns3:cad>78</ns3:cad>
          </ns3:TrackPointExtension>
        </extensions>
      </trkpt>
      <trkpt lat="42.38980628550052642822265625" lon="13.24578956700861454010009765625">
        <ele>1229.800048828125</ele>
        <time>2017-08-11T16:59:07.000Z</time>
        <extensions>
          <ns3:TrackPointExtension>
            <ns3:cad>78</ns3:cad>
          </ns3:TrackPointExtension>
        </extensions>
      </trkpt>
      <trkpt lat="42.3898584209382534027099609375" lon="13.2456300593912601470947265625">
        <ele>1231</ele>
        <time>2017-08-11T16:59:13.000Z</time>
        <extensions>
          <ns3:TrackPointExtension>
            <ns3:cad>80</ns3:cad>
          </ns3:TrackPointExtension>
        </extensions>
      </trkpt>
      <trkpt lat="42.3899989016354084014892578125" lon="13.24543769471347332000732421875">
        <ele>1230.199951171875</ele>
        <time>2017-08-11T16:59:21.000Z</time>
        <extensions>
          <ns3:TrackPointExtension>
            <ns3:cad>69</ns3:cad>
          </ns3:TrackPointExtension>
        </extensions>
      </trkpt>
      <trkpt lat="42.390074171125888824462890625" lon="13.24534893035888671875">
        <ele>1228.800048828125</ele>
        <time>2017-08-11T16:59:25.000Z</time>
        <extensions>
          <ns3:TrackPointExtension>
            <ns3:cad>80</ns3:cad>
          </ns3:TrackPointExtension>
        </extensions>
      </trkpt>
      <trkpt lat="42.39010945893824100494384765625" lon="13.24522295035421848297119140625">
        <ele>1229.800048828125</ele>
        <time>2017-08-11T16:59:29.000Z</time>
        <extensions>
          <ns3:TrackPointExtension>
            <ns3:cad>90</ns3:cad>
          </ns3:TrackPointExtension>
        </extensions>
      </trkpt>
      <trkpt lat="42.3901202715933322906494140625" lon="13.24514986015856266021728515625">
        <ele>1231.199951171875</ele>
        <time>2017-08-11T16:59:31.000Z</time>
        <extensions>
          <ns3:TrackPointExtension>
            <ns3:cad>90</ns3:cad>
          </ns3:TrackPointExtension>
        </extensions>
      </trkpt>
      <trkpt lat="42.3901990614831447601318359375" lon="13.2449092157185077667236328125">
        <ele>1230.5999755859375</ele>
        <time>2017-08-11T16:59:38.000Z</time>
        <extensions>
          <ns3:TrackPointExtension>
            <ns3:cad>81</ns3:cad>
          </ns3:TrackPointExtension>
        </extensions>
      </trkpt>
      <trkpt lat="42.3902138136327266693115234375" lon="13.24488398618996143341064453125">
        <ele>1230.199951171875</ele>
        <time>2017-08-11T16:59:39.000Z</time>
        <extensions>
          <ns3:TrackPointExtension>
            <ns3:cad>81</ns3:cad>
          </ns3:TrackPointExtension>
        </extensions>
      </trkpt>
      <trkpt lat="42.390247844159603118896484375" lon="13.244810141623020172119140625">
        <ele>1229.5999755859375</ele>
        <time>2017-08-11T16:59:42.000Z</time>
        <extensions>
          <ns3:TrackPointExtension>
            <ns3:cad>80</ns3:cad>
          </ns3:TrackPointExtension>
        </extensions>
      </trkpt>
      <trkpt lat="42.3902744986116886138916015625" lon="13.24474501423537731170654296875">
        <ele>1229.199951171875</ele>
        <time>2017-08-11T16:59:45.000Z</time>
        <extensions>
          <ns3:TrackPointExtension>
            <ns3:cad>80</ns3:cad>
          </ns3:TrackPointExtension>
        </extensions>
      </trkpt>
      <trkpt lat="42.390383966267108917236328125" lon="13.24458190239965915679931640625">
        <ele>1226.199951171875</ele>
        <time>2017-08-11T16:59:56.000Z</time>
        <extensions>
          <ns3:TrackPointExtension>
            <ns3:cad>62</ns3:cad>
          </ns3:TrackPointExtension>
        </extensions>
      </trkpt>
      <trkpt lat="42.39046820439398288726806640625" lon="13.24448433704674243927001953125">
        <ele>1223.199951171875</ele>
        <time>2017-08-11T17:00:01.000Z</time>
        <extensions>
          <ns3:TrackPointExtension>
            <ns3:cad>49</ns3:cad>
          </ns3:TrackPointExtension>
        </extensions>
      </trkpt>
      <trkpt lat="42.39055017940700054168701171875" lon="13.24435374699532985687255859375">
        <ele>1220.4000244140625</ele>
        <time>2017-08-11T17:00:08.000Z</time>
        <extensions>
          <ns3:TrackPointExtension>
            <ns3:cad>86</ns3:cad>
          </ns3:TrackPointExtension>
        </extensions>
      </trkpt>
      <trkpt lat="42.39063885994255542755126953125" lon="13.24419650249183177947998046875">
        <ele>1216.5999755859375</ele>
        <time>2017-08-11T17:00:21.000Z</time>
        <extensions>
          <ns3:TrackPointExtension>
            <ns3:cad>0</ns3:cad>
          </ns3:TrackPointExtension>
        </extensions>
      </trkpt>
      <trkpt lat="42.39063986577093601226806640625" lon="13.244193233549594879150390625">
        <ele>1216.4000244140625</ele>
        <time>2017-08-11T17:00:22.000Z</time>
        <extensions>
          <ns3:TrackPointExtension>
            <ns3:cad>0</ns3:cad>
          </ns3:TrackPointExtension>
        </extensions>
      </trkpt>
      <trkpt lat="42.39073357544839382171630859375" lon="13.244004808366298675537109375">
        <ele>1212.800048828125</ele>
        <time>2017-08-11T17:00:47.000Z</time>
        <extensions>
          <ns3:TrackPointExtension>
            <ns3:cad>85</ns3:cad>
          </ns3:TrackPointExtension>
        </extensions>
      </trkpt>
      <trkpt lat="42.3908528499305248260498046875" lon="13.243792243301868438720703125">
        <ele>1208.4000244140625</ele>
        <time>2017-08-11T17:00:53.000Z</time>
        <extensions>
          <ns3:TrackPointExtension>
            <ns3:cad>85</ns3:cad>
          </ns3:TrackPointExtension>
        </extensions>
      </trkpt>
      <trkpt lat="42.390893585979938507080078125" lon="13.24364664964377880096435546875">
        <ele>1206.4000244140625</ele>
        <time>2017-08-11T17:00:56.000Z</time>
        <extensions>
          <ns3:TrackPointExtension>
            <ns3:cad>85</ns3:cad>
          </ns3:TrackPointExtension>
        </extensions>
      </trkpt>
      <trkpt lat="42.3909329809248447418212890625" lon="13.24337507598102092742919921875">
        <ele>1204.199951171875</ele>
        <time>2017-08-11T17:01:02.000Z</time>
        <extensions>
          <ns3:TrackPointExtension>
            <ns3:cad>61</ns3:cad>
          </ns3:TrackPointExtension>
        </extensions>
      </trkpt>
      <trkpt lat="42.39094488322734832763671875" lon="13.24319486506283283233642578125">
        <ele>1201.4000244140625</ele>
        <time>2017-08-11T17:01:08.000Z</time>
        <extensions>
          <ns3:TrackPointExtension>
            <ns3:cad>85</ns3:cad>
          </ns3:TrackPointExtension>
        </extensions>
      </trkpt>
      <trkpt lat="42.39093842916190624237060546875" lon="13.24291340075433254241943359375">
        <ele>1198</ele>
        <time>2017-08-11T17:01:16.000Z</time>
        <extensions>
          <ns3:TrackPointExtension>
            <ns3:cad>82</ns3:cad>
          </ns3:TrackPointExtension>
        </extensions>
      </trkpt>
      <trkpt lat="42.390862070024013519287109375" lon="13.24267669580876827239990234375">
        <ele>1197.199951171875</ele>
        <time>2017-08-11T17:01:21.000Z</time>
        <extensions>
          <ns3:TrackPointExtension>
            <ns3:cad>83</ns3:cad>
          </ns3:TrackPointExtension>
        </extensions>
      </trkpt>
      <trkpt lat="42.39082016050815582275390625" lon="13.24253403581678867340087890625">
        <ele>1195.5999755859375</ele>
        <time>2017-08-11T17:01:25.000Z</time>
        <extensions>
          <ns3:TrackPointExtension>
            <ns3:cad>82</ns3:cad>
          </ns3:TrackPointExtension>
        </extensions>
      </trkpt>
      <trkpt lat="42.39078923128545284271240234375" lon="13.24227402918040752410888671875">
        <ele>1189.5999755859375</ele>
        <time>2017-08-11T17:01:33.000Z</time>
        <extensions>
          <ns3:TrackPointExtension>
            <ns3:cad>86</ns3:cad>
          </ns3:TrackPointExtension>
        </extensions>
      </trkpt>
      <trkpt lat="42.39076056517660617828369140625" lon="13.2421314530074596405029296875">
        <ele>1186.5999755859375</ele>
        <time>2017-08-11T17:01:39.000Z</time>
        <extensions>
          <ns3:TrackPointExtension>
            <ns3:cad>86</ns3:cad>
          </ns3:TrackPointExtension>
        </extensions>
      </trkpt>
      <trkpt lat="42.39071681164205074310302734375" lon="13.24189919047057628631591796875">
        <ele>1181.5999755859375</ele>
        <time>2017-08-11T17:01:47.000Z</time>
        <extensions>
          <ns3:TrackPointExtension>
            <ns3:cad>86</ns3:cad>
          </ns3:TrackPointExtension>
        </extensions>
      </trkpt>
      <trkpt lat="42.3906986229121685028076171875" lon="13.24183381162583827972412109375">
        <ele>1180.199951171875</ele>
        <time>2017-08-11T17:01:50.000Z</time>
        <extensions>
          <ns3:TrackPointExtension>
            <ns3:cad>86</ns3:cad>
          </ns3:TrackPointExtension>
        </extensions>
      </trkpt>
      <trkpt lat="42.39066149108111858367919921875" lon="13.24170372448861598968505859375">
        <ele>1176.800048828125</ele>
        <time>2017-08-11T17:01:55.000Z</time>
        <extensions>
          <ns3:TrackPointExtension>
            <ns3:cad>86</ns3:cad>
          </ns3:TrackPointExtension>
        </extensions>
      </trkpt>
      <trkpt lat="42.39063986577093601226806640625" lon="13.24144556187093257904052734375">
        <ele>1169.4000244140625</ele>
        <time>2017-08-11T17:02:03.000Z</time>
        <extensions>
          <ns3:TrackPointExtension>
            <ns3:cad>86</ns3:cad>
          </ns3:TrackPointExtension>
        </extensions>
      </trkpt>
      <trkpt lat="42.390589155256748199462890625" lon="13.241208605468273162841796875">
        <ele>1163.4000244140625</ele>
        <time>2017-08-11T17:02:09.000Z</time>
        <extensions>
          <ns3:TrackPointExtension>
            <ns3:cad>86</ns3:cad>
          </ns3:TrackPointExtension>
        </extensions>
      </trkpt>
      <trkpt lat="42.39052779972553253173828125" lon="13.2409844733774662017822265625">
        <ele>1157.800048828125</ele>
        <time>2017-08-11T17:02:17.000Z</time>
        <extensions>
          <ns3:TrackPointExtension>
            <ns3:cad>87</ns3:cad>
          </ns3:TrackPointExtension>
        </extensions>
      </trkpt>
      <trkpt lat="42.39043115638196468353271484375" lon="13.2407427392899990081787109375">
        <ele>1152</ele>
        <time>2017-08-11T17:02:24.000Z</time>
        <extensions>
          <ns3:TrackPointExtension>
            <ns3:cad>91</ns3:cad>
          </ns3:TrackPointExtension>
        </extensions>
      </trkpt>
      <trkpt lat="42.390318252146244049072265625" lon="13.24054618366062641143798828125">
        <ele>1147.5999755859375</ele>
        <time>2017-08-11T17:02:29.000Z</time>
        <extensions>
          <ns3:TrackPointExtension>
            <ns3:cad>94</ns3:cad>
          </ns3:TrackPointExtension>
        </extensions>
      </trkpt>
      <trkpt lat="42.3901819624006748199462890625" lon="13.24037116952240467071533203125">
        <ele>1144</ele>
        <time>2017-08-11T17:02:35.000Z</time>
        <extensions>
          <ns3:TrackPointExtension>
            <ns3:cad>84</ns3:cad>
          </ns3:TrackPointExtension>
        </extensions>
      </trkpt>
      <trkpt lat="42.39015690051019191741943359375" lon="13.24035608209669589996337890625">
        <ele>1143.800048828125</ele>
        <time>2017-08-11T17:02:36.000Z</time>
        <extensions>
          <ns3:TrackPointExtension>
            <ns3:cad>84</ns3:cad>
          </ns3:TrackPointExtension>
        </extensions>
      </trkpt>
      <trkpt lat="42.389978282153606414794921875" lon="13.24025516398251056671142578125">
        <ele>1142.800048828125</ele>
        <time>2017-08-11T17:02:43.000Z</time>
        <extensions>
          <ns3:TrackPointExtension>
            <ns3:cad>84</ns3:cad>
          </ns3:TrackPointExtension>
        </extensions>
      </trkpt>
      <trkpt lat="42.38994844257831573486328125" lon="13.24022029526531696319580078125">
        <ele>1142</ele>
        <time>2017-08-11T17:02:45.000Z</time>
        <extensions>
          <ns3:TrackPointExtension>
            <ns3:cad>84</ns3:cad>
          </ns3:TrackPointExtension>
        </extensions>
      </trkpt>
      <trkpt lat="42.3898543976247310638427734375" lon="13.24000856839120388031005859375">
        <ele>1139</ele>
        <time>2017-08-11T17:02:51.000Z</time>
        <extensions>
          <ns3:TrackPointExtension>
            <ns3:cad>81</ns3:cad>
          </ns3:TrackPointExtension>
        </extensions>
      </trkpt>
      <trkpt lat="42.3897816427052021026611328125" lon="13.23983103968203067779541015625">
        <ele>1139.4000244140625</ele>
        <time>2017-08-11T17:02:58.000Z</time>
        <extensions>
          <ns3:TrackPointExtension>
            <ns3:cad>82</ns3:cad>
          </ns3:TrackPointExtension>
        </extensions>
      </trkpt>
      <trkpt lat="42.3898074589669704437255859375" lon="13.23987948708236217498779296875">
        <ele>1139.199951171875</ele>
        <time>2017-08-11T17:03:02.000Z</time>
        <extensions>
          <ns3:TrackPointExtension>
            <ns3:cad>65</ns3:cad>
          </ns3:TrackPointExtension>
        </extensions>
      </trkpt>
      <trkpt lat="42.38990896381437778472900390625" lon="13.23986372910439968109130859375">
        <ele>1140</ele>
        <time>2017-08-11T17:03:06.000Z</time>
        <extensions>
          <ns3:TrackPointExtension>
            <ns3:cad>83</ns3:cad>
          </ns3:TrackPointExtension>
        </extensions>
      </trkpt>
      <trkpt lat="42.3900250531733036041259765625" lon="13.23967865668237209320068359375">
        <ele>1141.4000244140625</ele>
        <time>2017-08-11T17:03:24.000Z</time>
        <extensions>
          <ns3:TrackPointExtension>
            <ns3:cad>56</ns3:cad>
          </ns3:TrackPointExtension>
        </extensions>
      </trkpt>
      <trkpt lat="42.39010023884475231170654296875" lon="13.23955460451543331146240234375">
        <ele>1141.800048828125</ele>
        <time>2017-08-11T17:03:32.000Z</time>
        <extensions>
          <ns3:TrackPointExtension>
            <ns3:cad>58</ns3:cad>
          </ns3:TrackPointExtension>
        </extensions>
      </trkpt>
      <trkpt lat="42.3902010731399059295654296875" lon="13.23946223594248294830322265625">
        <ele>1142.4000244140625</ele>
        <time>2017-08-11T17:03:42.000Z</time>
        <extensions>
          <ns3:TrackPointExtension>
            <ns3:cad>56</ns3:cad>
          </ns3:TrackPointExtension>
        </extensions>
      </trkpt>
      <trkpt lat="42.39031062461435794830322265625" lon="13.23933315463364124298095703125">
        <ele>1145.199951171875</ele>
        <time>2017-08-11T17:03:51.000Z</time>
        <extensions>
          <ns3:TrackPointExtension>
            <ns3:cad>56</ns3:cad>
          </ns3:TrackPointExtension>
        </extensions>
      </trkpt>
      <trkpt lat="42.3903821222484111785888671875" lon="13.23934413492679595947265625">
        <ele>1145.4000244140625</ele>
        <time>2017-08-11T17:03:56.000Z</time>
        <extensions>
          <ns3:TrackPointExtension>
            <ns3:cad>63</ns3:cad>
          </ns3:TrackPointExtension>
        </extensions>
      </trkpt>
      <trkpt lat="42.39052117802202701568603515625" lon="13.23924757540225982666015625">
        <ele>1148.4000244140625</ele>
        <time>2017-08-11T17:04:07.000Z</time>
        <extensions>
          <ns3:TrackPointExtension>
            <ns3:cad>0</ns3:cad>
          </ns3:TrackPointExtension>
        </extensions>
      </trkpt>
      <trkpt lat="42.39065411500632762908935546875" lon="13.23940020985901355743408203125">
        <ele>1146.199951171875</ele>
        <time>2017-08-11T17:04:24.000Z</time>
        <extensions>
          <ns3:TrackPointExtension>
            <ns3:cad>123</ns3:cad>
          </ns3:TrackPointExtension>
        </extensions>
      </trkpt>
      <trkpt lat="42.39084304310381412506103515625" lon="13.23945410549640655517578125">
        <ele>1146</ele>
        <time>2017-08-11T17:04:30.000Z</time>
        <extensions>
          <ns3:TrackPointExtension>
            <ns3:cad>88</ns3:cad>
          </ns3:TrackPointExtension>
        </extensions>
      </trkpt>
      <trkpt lat="42.39099559374153614044189453125" lon="13.2395907305181026458740234375">
        <ele>1142.800048828125</ele>
        <time>2017-08-11T17:04:37.000Z</time>
        <extensions>
          <ns3:TrackPointExtension>
            <ns3:cad>88</ns3:cad>
          </ns3:TrackPointExtension>
        </extensions>
      </trkpt>
      <trkpt lat="42.39101017825305461883544921875" lon="13.23959819041192531585693359375">
        <ele>1142.5999755859375</ele>
        <time>2017-08-11T17:04:38.000Z</time>
        <extensions>
          <ns3:TrackPointExtension>
            <ns3:cad>88</ns3:cad>
          </ns3:TrackPointExtension>
        </extensions>
      </trkpt>
      <trkpt lat="42.3911763913929462432861328125" lon="13.23967731557786464691162109375">
        <ele>1140.4000244140625</ele>
        <time>2017-08-11T17:04:45.000Z</time>
        <extensions>
          <ns3:TrackPointExtension>
            <ns3:cad>82</ns3:cad>
          </ns3:TrackPointExtension>
        </extensions>
      </trkpt>
      <trkpt lat="42.39125744439661502838134765625" lon="13.23976499028503894805908203125">
        <ele>1138.4000244140625</ele>
        <time>2017-08-11T17:04:49.000Z</time>
        <extensions>
          <ns3:TrackPointExtension>
            <ns3:cad>84</ns3:cad>
          </ns3:TrackPointExtension>
        </extensions>
      </trkpt>
      <trkpt lat="42.39141024649143218994140625" lon="13.23988233692944049835205078125">
        <ele>1135.4000244140625</ele>
        <time>2017-08-11T17:04:56.000Z</time>
        <extensions>
          <ns3:TrackPointExtension>
            <ns3:cad>81</ns3:cad>
          </ns3:TrackPointExtension>
        </extensions>
      </trkpt>
      <trkpt lat="42.39160210825502872467041015625" lon="13.23994687758386135101318359375">
        <ele>1133.5999755859375</ele>
        <time>2017-08-11T17:05:03.000Z</time>
        <extensions>
          <ns3:TrackPointExtension>
            <ns3:cad>85</ns3:cad>
          </ns3:TrackPointExtension>
        </extensions>
      </trkpt>
      <trkpt lat="42.39176656119525432586669921875" lon="13.24010445736348628997802734375">
        <ele>1127.4000244140625</ele>
        <time>2017-08-11T17:05:11.000Z</time>
        <extensions>
          <ns3:TrackPointExtension>
            <ns3:cad>85</ns3:cad>
          </ns3:TrackPointExtension>
        </extensions>
      </trkpt>
      <trkpt lat="42.3919042758643627166748046875" lon="13.240269832313060760498046875">
        <ele>1123</ele>
        <time>2017-08-11T17:05:18.000Z</time>
        <extensions>
          <ns3:TrackPointExtension>
            <ns3:cad>86</ns3:cad>
          </ns3:TrackPointExtension>
        </extensions>
      </trkpt>
      <trkpt lat="42.39203578792512416839599609375" lon="13.2404557429254055023193359375">
        <ele>1119</ele>
        <time>2017-08-11T17:05:25.000Z</time>
        <extensions>
          <ns3:TrackPointExtension>
            <ns3:cad>82</ns3:cad>
          </ns3:TrackPointExtension>
        </extensions>
      </trkpt>
      <trkpt lat="42.39217341877520084381103515625" lon="13.240614496171474456787109375">
        <ele>1115</ele>
        <time>2017-08-11T17:05:32.000Z</time>
        <extensions>
          <ns3:TrackPointExtension>
            <ns3:cad>83</ns3:cad>
          </ns3:TrackPointExtension>
        </extensions>
      </trkpt>
      <trkpt lat="42.3923113010823726654052734375" lon="13.24082094244658946990966796875">
        <ele>1111.4000244140625</ele>
        <time>2017-08-11T17:05:40.000Z</time>
        <extensions>
          <ns3:TrackPointExtension>
            <ns3:cad>83</ns3:cad>
          </ns3:TrackPointExtension>
        </extensions>
      </trkpt>
      <trkpt lat="42.3924065195024013519287109375" lon="13.24104926548898220062255859375">
        <ele>1111.199951171875</ele>
        <time>2017-08-11T17:05:46.000Z</time>
        <extensions>
          <ns3:TrackPointExtension>
            <ns3:cad>86</ns3:cad>
          </ns3:TrackPointExtension>
        </extensions>
      </trkpt>
      <trkpt lat="42.39246569573879241943359375" lon="13.2410775125026702880859375">
        <ele>1109.4000244140625</ele>
        <time>2017-08-11T17:05:48.000Z</time>
        <extensions>
          <ns3:TrackPointExtension>
            <ns3:cad>86</ns3:cad>
          </ns3:TrackPointExtension>
        </extensions>
      </trkpt>
      <trkpt lat="42.392674572765827178955078125" lon="13.241075836122035980224609375">
        <ele>1099</ele>
        <time>2017-08-11T17:05:53.000Z</time>
        <extensions>
          <ns3:TrackPointExtension>
            <ns3:cad>61</ns3:cad>
          </ns3:TrackPointExtension>
        </extensions>
      </trkpt>
      <trkpt lat="42.3927454836666584014892578125" lon="13.24108514003455638885498046875">
        <ele>1096</ele>
        <time>2017-08-11T17:05:55.000Z</time>
        <extensions>
          <ns3:TrackPointExtension>
            <ns3:cad>61</ns3:cad>
          </ns3:TrackPointExtension>
        </extensions>
      </trkpt>
      <trkpt lat="42.39294388331472873687744140625" lon="13.241162002086639404296875">
        <ele>1088.199951171875</ele>
        <time>2017-08-11T17:06:00.000Z</time>
        <extensions>
          <ns3:TrackPointExtension>
            <ns3:cad>92</ns3:cad>
          </ns3:TrackPointExtension>
        </extensions>
      </trkpt>
      <trkpt lat="42.39310313947498798370361328125" lon="13.2413056679069995880126953125">
        <ele>1083</ele>
        <time>2017-08-11T17:06:05.000Z</time>
        <extensions>
          <ns3:TrackPointExtension>
            <ns3:cad>61</ns3:cad>
          </ns3:TrackPointExtension>
        </extensions>
      </trkpt>
      <trkpt lat="42.3932239226996898651123046875" lon="13.2414803467690944671630859375">
        <ele>1080</ele>
        <time>2017-08-11T17:06:10.000Z</time>
        <extensions>
          <ns3:TrackPointExtension>
            <ns3:cad>61</ns3:cad>
          </ns3:TrackPointExtension>
        </extensions>
      </trkpt>
      <trkpt lat="42.3932430334389209747314453125" lon="13.2415276207029819488525390625">
        <ele>1079.800048828125</ele>
        <time>2017-08-11T17:06:11.000Z</time>
        <extensions>
          <ns3:TrackPointExtension>
            <ns3:cad>61</ns3:cad>
          </ns3:TrackPointExtension>
        </extensions>
      </trkpt>
      <trkpt lat="42.3932903073728084564208984375" lon="13.24177228845655918121337890625">
        <ele>1081</ele>
        <time>2017-08-11T17:06:16.000Z</time>
        <extensions>
          <ns3:TrackPointExtension>
            <ns3:cad>86</ns3:cad>
          </ns3:TrackPointExtension>
        </extensions>
      </trkpt>
      <trkpt lat="42.39334520883858203887939453125" lon="13.2420409284532070159912109375">
        <ele>1075.199951171875</ele>
        <time>2017-08-11T17:06:23.000Z</time>
        <extensions>
          <ns3:TrackPointExtension>
            <ns3:cad>85</ns3:cad>
          </ns3:TrackPointExtension>
        </extensions>
      </trkpt>
      <trkpt lat="42.3933238349854946136474609375" lon="13.24229766614735126495361328125">
        <ele>1074</ele>
        <time>2017-08-11T17:06:29.000Z</time>
        <extensions>
          <ns3:TrackPointExtension>
            <ns3:cad>85</ns3:cad>
          </ns3:TrackPointExtension>
        </extensions>
      </trkpt>
      <trkpt lat="42.393290139734745025634765625" lon="13.24254442937672138214111328125">
        <ele>1073.199951171875</ele>
        <time>2017-08-11T17:06:35.000Z</time>
        <extensions>
          <ns3:TrackPointExtension>
            <ns3:cad>85</ns3:cad>
          </ns3:TrackPointExtension>
        </extensions>
      </trkpt>
      <trkpt lat="42.3932430334389209747314453125" lon="13.24281164444983005523681640625">
        <ele>1072.4000244140625</ele>
        <time>2017-08-11T17:06:40.000Z</time>
        <extensions>
          <ns3:TrackPointExtension>
            <ns3:cad>87</ns3:cad>
          </ns3:TrackPointExtension>
        </extensions>
      </trkpt>
      <trkpt lat="42.39322802983224391937255859375" lon="13.24308221228420734405517578125">
        <ele>1067.199951171875</ele>
        <time>2017-08-11T17:06:45.000Z</time>
        <extensions>
          <ns3:TrackPointExtension>
            <ns3:cad>87</ns3:cad>
          </ns3:TrackPointExtension>
        </extensions>
      </trkpt>
      <trkpt lat="42.39320338703691959381103515625" lon="13.2433304004371166229248046875">
        <ele>1063.5999755859375</ele>
        <time>2017-08-11T17:06:50.000Z</time>
        <extensions>
          <ns3:TrackPointExtension>
            <ns3:cad>86</ns3:cad>
          </ns3:TrackPointExtension>
        </extensions>
      </trkpt>
      <trkpt lat="42.393183521926403045654296875" lon="13.24358244426548480987548828125">
        <ele>1062.4000244140625</ele>
        <time>2017-08-11T17:06:56.000Z</time>
        <extensions>
          <ns3:TrackPointExtension>
            <ns3:cad>90</ns3:cad>
          </ns3:TrackPointExtension>
        </extensions>
      </trkpt>
      <trkpt lat="42.39320271648466587066650390625" lon="13.2438400201499462127685546875">
        <ele>1058</ele>
        <time>2017-08-11T17:07:02.000Z</time>
        <extensions>
          <ns3:TrackPointExtension>
            <ns3:cad>88</ns3:cad>
          </ns3:TrackPointExtension>
        </extensions>
      </trkpt>
      <trkpt lat="42.3931756429374217987060546875" lon="13.2440820895135402679443359375">
        <ele>1057.5999755859375</ele>
        <time>2017-08-11T17:07:07.000Z</time>
        <extensions>
          <ns3:TrackPointExtension>
            <ns3:cad>88</ns3:cad>
          </ns3:TrackPointExtension>
        </extensions>
      </trkpt>
      <trkpt lat="42.39317388273775577545166015625" lon="13.2443325407803058624267578125">
        <ele>1054.4000244140625</ele>
        <time>2017-08-11T17:07:13.000Z</time>
        <extensions>
          <ns3:TrackPointExtension>
            <ns3:cad>86</ns3:cad>
          </ns3:TrackPointExtension>
        </extensions>
      </trkpt>
      <trkpt lat="42.39322450943291187286376953125" lon="13.24460838921368122100830078125">
        <ele>1049.5999755859375</ele>
        <time>2017-08-11T17:07:19.000Z</time>
        <extensions>
          <ns3:TrackPointExtension>
            <ns3:cad>86</ns3:cad>
          </ns3:TrackPointExtension>
        </extensions>
      </trkpt>
      <trkpt lat="42.393245212733745574951171875" lon="13.24490276165306568145751953125">
        <ele>1047.199951171875</ele>
        <time>2017-08-11T17:07:25.000Z</time>
        <extensions>
          <ns3:TrackPointExtension>
            <ns3:cad>86</ns3:cad>
          </ns3:TrackPointExtension>
        </extensions>
      </trkpt>
      <trkpt lat="42.3932510800659656524658203125" lon="13.24514986015856266021728515625">
        <ele>1045.199951171875</ele>
        <time>2017-08-11T17:07:31.000Z</time>
        <extensions>
          <ns3:TrackPointExtension>
            <ns3:cad>86</ns3:cad>
          </ns3:TrackPointExtension>
        </extensions>
      </trkpt>
      <trkpt lat="42.39331855438649654388427734375" lon="13.24541673995554447174072265625">
        <ele>1040.199951171875</ele>
        <time>2017-08-11T17:07:37.000Z</time>
        <extensions>
          <ns3:TrackPointExtension>
            <ns3:cad>86</ns3:cad>
          </ns3:TrackPointExtension>
        </extensions>
      </trkpt>
      <trkpt lat="42.393324673175811767578125" lon="13.24567724950611591339111328125">
        <ele>1039.4000244140625</ele>
        <time>2017-08-11T17:07:43.000Z</time>
        <extensions>
          <ns3:TrackPointExtension>
            <ns3:cad>86</ns3:cad>
          </ns3:TrackPointExtension>
        </extensions>
      </trkpt>
      <trkpt lat="42.39334101788699626922607421875" lon="13.24593507684767246246337890625">
        <ele>1038.199951171875</ele>
        <time>2017-08-11T17:07:49.000Z</time>
        <extensions>
          <ns3:TrackPointExtension>
            <ns3:cad>86</ns3:cad>
          </ns3:TrackPointExtension>
        </extensions>
      </trkpt>
      <trkpt lat="42.3933603800833225250244140625" lon="13.2461762242019176483154296875">
        <ele>1037.5999755859375</ele>
        <time>2017-08-11T17:07:55.000Z</time>
        <extensions>
          <ns3:TrackPointExtension>
            <ns3:cad>86</ns3:cad>
          </ns3:TrackPointExtension>
        </extensions>
      </trkpt>
      <trkpt lat="42.3933603800833225250244140625" lon="13.2464363984763622283935546875">
        <ele>1036.800048828125</ele>
        <time>2017-08-11T17:08:03.000Z</time>
        <extensions>
          <ns3:TrackPointExtension>
            <ns3:cad>87</ns3:cad>
          </ns3:TrackPointExtension>
        </extensions>
      </trkpt>
      <trkpt lat="42.39340673200786113739013671875" lon="13.2465044595301151275634765625">
        <ele>1036</ele>
        <time>2017-08-11T17:08:07.000Z</time>
        <extensions>
          <ns3:TrackPointExtension>
            <ns3:cad>87</ns3:cad>
          </ns3:TrackPointExtension>
        </extensions>
      </trkpt>
      <trkpt lat="42.39338711835443973541259765625" lon="13.24650957249104976654052734375">
        <ele>1036.199951171875</ele>
        <time>2017-08-11T17:08:22.000Z</time>
        <extensions>
          <ns3:TrackPointExtension>
            <ns3:cad>0</ns3:cad>
          </ns3:TrackPointExtension>
        </extensions>
      </trkpt>
      <trkpt lat="42.3933603800833225250244140625" lon="13.24655064381659030914306640625">
        <ele>1036.4000244140625</ele>
        <time>2017-08-11T17:09:46.000Z</time>
        <extensions>
          <ns3:TrackPointExtension>
            <ns3:cad>0</ns3:cad>
          </ns3:TrackPointExtension>
        </extensions>
      </trkpt>
      <trkpt lat="42.3934762179851531982421875" lon="13.24673973955214023590087890625">
        <ele>1034.199951171875</ele>
        <time>2017-08-11T17:09:55.000Z</time>
        <extensions>
          <ns3:TrackPointExtension>
            <ns3:cad>81</ns3:cad>
          </ns3:TrackPointExtension>
        </extensions>
      </trkpt>
      <trkpt lat="42.393521480262279510498046875" lon="13.2468796335160732269287109375">
        <ele>1034.4000244140625</ele>
        <time>2017-08-11T17:10:01.000Z</time>
        <extensions>
          <ns3:TrackPointExtension>
            <ns3:cad>79</ns3:cad>
          </ns3:TrackPointExtension>
        </extensions>
      </trkpt>
      <trkpt lat="42.3935219831764698028564453125" lon="13.24700494296848773956298828125">
        <ele>1035.800048828125</ele>
        <time>2017-08-11T17:10:06.000Z</time>
        <extensions>
          <ns3:TrackPointExtension>
            <ns3:cad>81</ns3:cad>
          </ns3:TrackPointExtension>
        </extensions>
      </trkpt>
      <trkpt lat="42.39356867037713527679443359375" lon="13.2472598366439342498779296875">
        <ele>1036.800048828125</ele>
        <time>2017-08-11T17:10:16.000Z</time>
        <extensions>
          <ns3:TrackPointExtension>
            <ns3:cad>83</ns3:cad>
          </ns3:TrackPointExtension>
        </extensions>
      </trkpt>
      <trkpt lat="42.39353899843990802764892578125" lon="13.2475129701197147369384765625">
        <ele>1038.199951171875</ele>
        <time>2017-08-11T17:10:25.000Z</time>
        <extensions>
          <ns3:TrackPointExtension>
            <ns3:cad>82</ns3:cad>
          </ns3:TrackPointExtension>
        </extensions>
      </trkpt>
      <trkpt lat="42.39351217634975910186767578125" lon="13.24763844721019268035888671875">
        <ele>1038.800048828125</ele>
        <time>2017-08-11T17:10:30.000Z</time>
        <extensions>
          <ns3:TrackPointExtension>
            <ns3:cad>82</ns3:cad>
          </ns3:TrackPointExtension>
        </extensions>
      </trkpt>
      <trkpt lat="42.39352206699550151824951171875" lon="13.24778211303055286407470703125">
        <ele>1038</ele>
        <time>2017-08-11T17:10:35.000Z</time>
        <extensions>
          <ns3:TrackPointExtension>
            <ns3:cad>84</ns3:cad>
          </ns3:TrackPointExtension>
        </extensions>
      </trkpt>
      <trkpt lat="42.39347328431904315948486328125" lon="13.24801730923354625701904296875">
        <ele>1038.199951171875</ele>
        <time>2017-08-11T17:10:44.000Z</time>
        <extensions>
          <ns3:TrackPointExtension>
            <ns3:cad>82</ns3:cad>
          </ns3:TrackPointExtension>
        </extensions>
      </trkpt>
      <trkpt lat="42.3934743739664554595947265625" lon="13.24804413132369518280029296875">
        <ele>1038.199951171875</ele>
        <time>2017-08-11T17:10:45.000Z</time>
        <extensions>
          <ns3:TrackPointExtension>
            <ns3:cad>81</ns3:cad>
          </ns3:TrackPointExtension>
        </extensions>
      </trkpt>
      <trkpt lat="42.393548302352428436279296875" lon="13.24817924760282039642333984375">
        <ele>1037.4000244140625</ele>
        <time>2017-08-11T17:10:51.000Z</time>
        <extensions>
          <ns3:TrackPointExtension>
            <ns3:cad>83</ns3:cad>
          </ns3:TrackPointExtension>
        </extensions>
      </trkpt>
      <trkpt lat="42.393597923219203948974609375" lon="13.2484343089163303375244140625">
        <ele>1037</ele>
        <time>2017-08-11T17:10:59.000Z</time>
        <extensions>
          <ns3:TrackPointExtension>
            <ns3:cad>85</ns3:cad>
          </ns3:TrackPointExtension>
        </extensions>
      </trkpt>
      <trkpt lat="42.39360873587429523468017578125" lon="13.24849843047559261322021484375">
        <ele>1036.5999755859375</ele>
        <time>2017-08-11T17:11:02.000Z</time>
        <extensions>
          <ns3:TrackPointExtension>
            <ns3:cad>82</ns3:cad>
          </ns3:TrackPointExtension>
        </extensions>
      </trkpt>
      <trkpt lat="42.39365701563656330108642578125" lon="13.24869699776172637939453125">
        <ele>1034.4000244140625</ele>
        <time>2017-08-11T17:11:10.000Z</time>
        <extensions>
          <ns3:TrackPointExtension>
            <ns3:cad>84</ns3:cad>
          </ns3:TrackPointExtension>
        </extensions>
      </trkpt>
      <trkpt lat="42.39358291961252689361572265625" lon="13.24885650537908077239990234375">
        <ele>1034.5999755859375</ele>
        <time>2017-08-11T17:11:16.000Z</time>
        <extensions>
          <ns3:TrackPointExtension>
            <ns3:cad>83</ns3:cad>
          </ns3:TrackPointExtension>
        </extensions>
      </trkpt>
      <trkpt lat="42.39350681193172931671142578125" lon="13.24899497441947460174560546875">
        <ele>1035.5999755859375</ele>
        <time>2017-08-11T17:11:24.000Z</time>
        <extensions>
          <ns3:TrackPointExtension>
            <ns3:cad>78</ns3:cad>
          </ns3:TrackPointExtension>
        </extensions>
      </trkpt>
      <trkpt lat="42.39340052939951419830322265625" lon="13.2491920329630374908447265625">
        <ele>1036.800048828125</ele>
        <time>2017-08-11T17:11:33.000Z</time>
        <extensions>
          <ns3:TrackPointExtension>
            <ns3:cad>83</ns3:cad>
          </ns3:TrackPointExtension>
        </extensions>
      </trkpt>
      <trkpt lat="42.39327781833708286285400390625" lon="13.2492332719266414642333984375">
        <ele>1039.800048828125</ele>
        <time>2017-08-11T17:11:42.000Z</time>
        <extensions>
          <ns3:TrackPointExtension>
            <ns3:cad>80</ns3:cad>
          </ns3:TrackPointExtension>
        </extensions>
      </trkpt>
      <trkpt lat="42.39326499402523040771484375" lon="13.24925162829458713531494140625">
        <ele>1040.4000244140625</ele>
        <time>2017-08-11T17:11:44.000Z</time>
        <extensions>
          <ns3:TrackPointExtension>
            <ns3:cad>80</ns3:cad>
          </ns3:TrackPointExtension>
        </extensions>
      </trkpt>
      <trkpt lat="42.3932376690208911895751953125" lon="13.24945245869457721710205078125">
        <ele>1039.199951171875</ele>
        <time>2017-08-11T17:11:53.000Z</time>
        <extensions>
          <ns3:TrackPointExtension>
            <ns3:cad>56</ns3:cad>
          </ns3:TrackPointExtension>
        </extensions>
      </trkpt>
      <trkpt lat="42.39317715167999267578125" lon="13.24969167821109294891357421875">
        <ele>1038.800048828125</ele>
        <time>2017-08-11T17:12:01.000Z</time>
        <extensions>
          <ns3:TrackPointExtension>
            <ns3:cad>80</ns3:cad>
          </ns3:TrackPointExtension>
        </extensions>
      </trkpt>
      <trkpt lat="42.39314672537147998809814453125" lon="13.24991044588387012481689453125">
        <ele>1037.199951171875</ele>
        <time>2017-08-11T17:12:08.000Z</time>
        <extensions>
          <ns3:TrackPointExtension>
            <ns3:cad>83</ns3:cad>
          </ns3:TrackPointExtension>
        </extensions>
      </trkpt>
      <trkpt lat="42.39306257106363773345947265625" lon="13.2501230947673320770263671875">
        <ele>1039.4000244140625</ele>
        <time>2017-08-11T17:12:16.000Z</time>
        <extensions>
          <ns3:TrackPointExtension>
            <ns3:cad>82</ns3:cad>
          </ns3:TrackPointExtension>
        </extensions>
      </trkpt>
      <trkpt lat="42.3930519260466098785400390625" lon="13.25026877224445343017578125">
        <ele>1038.5999755859375</ele>
        <time>2017-08-11T17:12:21.000Z</time>
        <extensions>
          <ns3:TrackPointExtension>
            <ns3:cad>80</ns3:cad>
          </ns3:TrackPointExtension>
        </extensions>
      </trkpt>
      <trkpt lat="42.39301378838717937469482421875" lon="13.250477649271488189697265625">
        <ele>1038.4000244140625</ele>
        <time>2017-08-11T17:12:28.000Z</time>
        <extensions>
          <ns3:TrackPointExtension>
            <ns3:cad>82</ns3:cad>
          </ns3:TrackPointExtension>
        </extensions>
      </trkpt>
      <trkpt lat="42.393019907176494598388671875" lon="13.2506047189235687255859375">
        <ele>1037</ele>
        <time>2017-08-11T17:12:32.000Z</time>
        <extensions>
          <ns3:TrackPointExtension>
            <ns3:cad>82</ns3:cad>
          </ns3:TrackPointExtension>
        </extensions>
      </trkpt>
      <trkpt lat="42.3930200748145580291748046875" lon="13.2506410963833332061767578125">
        <ele>1036.5999755859375</ele>
        <time>2017-08-11T17:12:33.000Z</time>
        <extensions>
          <ns3:TrackPointExtension>
            <ns3:cad>82</ns3:cad>
          </ns3:TrackPointExtension>
        </extensions>
      </trkpt>
      <trkpt lat="42.39295922219753265380859375" lon="13.2509006001055240631103515625">
        <ele>1036.800048828125</ele>
        <time>2017-08-11T17:12:42.000Z</time>
        <extensions>
          <ns3:TrackPointExtension>
            <ns3:cad>82</ns3:cad>
          </ns3:TrackPointExtension>
        </extensions>
      </trkpt>
      <trkpt lat="42.392835505306720733642578125" lon="13.25108642689883708953857421875">
        <ele>1040.5999755859375</ele>
        <time>2017-08-11T17:12:51.000Z</time>
        <extensions>
          <ns3:TrackPointExtension>
            <ns3:cad>82</ns3:cad>
          </ns3:TrackPointExtension>
        </extensions>
      </trkpt>
      <trkpt lat="42.39281438291072845458984375" lon="13.251155577600002288818359375">
        <ele>1040.800048828125</ele>
        <time>2017-08-11T17:12:55.000Z</time>
        <extensions>
          <ns3:TrackPointExtension>
            <ns3:cad>81</ns3:cad>
          </ns3:TrackPointExtension>
        </extensions>
      </trkpt>
      <trkpt lat="42.3928038217127323150634765625" lon="13.25126378796994686126708984375">
        <ele>1040</ele>
        <time>2017-08-11T17:13:00.000Z</time>
        <extensions>
          <ns3:TrackPointExtension>
            <ns3:cad>76</ns3:cad>
          </ns3:TrackPointExtension>
        </extensions>
      </trkpt>
      <trkpt lat="42.392776496708393096923828125" lon="13.25133704580366611480712890625">
        <ele>1040.5999755859375</ele>
        <time>2017-08-11T17:13:04.000Z</time>
        <extensions>
          <ns3:TrackPointExtension>
            <ns3:cad>74</ns3:cad>
          </ns3:TrackPointExtension>
        </extensions>
      </trkpt>
      <trkpt lat="42.3927253670990467071533203125" lon="13.25143192894756793975830078125">
        <ele>1042.4000244140625</ele>
        <time>2017-08-11T17:13:10.000Z</time>
        <extensions>
          <ns3:TrackPointExtension>
            <ns3:cad>76</ns3:cad>
          </ns3:TrackPointExtension>
        </extensions>
      </trkpt>
      <trkpt lat="42.39266895689070224761962890625" lon="13.2514990679919719696044921875">
        <ele>1044.800048828125</ele>
        <time>2017-08-11T17:13:16.000Z</time>
        <extensions>
          <ns3:TrackPointExtension>
            <ns3:cad>66</ns3:cad>
          </ns3:TrackPointExtension>
        </extensions>
      </trkpt>
      <trkpt lat="42.39255127497017383575439453125" lon="13.2516677118837833404541015625">
        <ele>1049.4000244140625</ele>
        <time>2017-08-11T17:13:28.000Z</time>
        <extensions>
          <ns3:TrackPointExtension>
            <ns3:cad>78</ns3:cad>
          </ns3:TrackPointExtension>
        </extensions>
      </trkpt>
      <trkpt lat="42.39252529107034206390380859375" lon="13.251762092113494873046875">
        <ele>1050</ele>
        <time>2017-08-11T17:13:35.000Z</time>
        <extensions>
          <ns3:TrackPointExtension>
            <ns3:cad>78</ns3:cad>
          </ns3:TrackPointExtension>
        </extensions>
      </trkpt>
      <trkpt lat="42.39250668324530124664306640625" lon="13.25202251784503459930419921875">
        <ele>1049.199951171875</ele>
        <time>2017-08-11T17:13:48.000Z</time>
        <extensions>
          <ns3:TrackPointExtension>
            <ns3:cad>79</ns3:cad>
          </ns3:TrackPointExtension>
        </extensions>
      </trkpt>
      <trkpt lat="42.39247634075582027435302734375" lon="13.25208622030913829803466796875">
        <ele>1050.5999755859375</ele>
        <time>2017-08-11T17:13:51.000Z</time>
        <extensions>
          <ns3:TrackPointExtension>
            <ns3:cad>81</ns3:cad>
          </ns3:TrackPointExtension>
        </extensions>
      </trkpt>
      <trkpt lat="42.39246628247201442718505859375" lon="13.25219904072582721710205078125">
        <ele>1050.5999755859375</ele>
        <time>2017-08-11T17:13:57.000Z</time>
        <extensions>
          <ns3:TrackPointExtension>
            <ns3:cad>80</ns3:cad>
          </ns3:TrackPointExtension>
        </extensions>
      </trkpt>
      <trkpt lat="42.39250903017818927764892578125" lon="13.25244764797389507293701171875">
        <ele>1046.5999755859375</ele>
        <time>2017-08-11T17:14:07.000Z</time>
        <extensions>
          <ns3:TrackPointExtension>
            <ns3:cad>80</ns3:cad>
          </ns3:TrackPointExtension>
        </extensions>
      </trkpt>
      <trkpt lat="42.39253920502960681915283203125" lon="13.252686448395252227783203125">
        <ele>1043.199951171875</ele>
        <time>2017-08-11T17:14:15.000Z</time>
        <extensions>
          <ns3:TrackPointExtension>
            <ns3:cad>80</ns3:cad>
          </ns3:TrackPointExtension>
        </extensions>
      </trkpt>
      <trkpt lat="42.39256032742559909820556640625" lon="13.2528076507151126861572265625">
        <ele>1041</ele>
        <time>2017-08-11T17:14:19.000Z</time>
        <extensions>
          <ns3:TrackPointExtension>
            <ns3:cad>82</ns3:cad>
          </ns3:TrackPointExtension>
        </extensions>
      </trkpt>
      <trkpt lat="42.39250852726399898529052734375" lon="13.25305801816284656524658203125">
        <ele>1041.800048828125</ele>
        <time>2017-08-11T17:14:28.000Z</time>
        <extensions>
          <ns3:TrackPointExtension>
            <ns3:cad>81</ns3:cad>
          </ns3:TrackPointExtension>
        </extensions>
      </trkpt>
      <trkpt lat="42.3924192599952220916748046875" lon="13.253302685916423797607421875">
        <ele>1045.199951171875</ele>
        <time>2017-08-11T17:14:37.000Z</time>
        <extensions>
          <ns3:TrackPointExtension>
            <ns3:cad>78</ns3:cad>
          </ns3:TrackPointExtension>
        </extensions>
      </trkpt>
      <trkpt lat="42.39240995608270168304443359375" lon="13.2533715851604938507080078125">
        <ele>1045.199951171875</ele>
        <time>2017-08-11T17:14:40.000Z</time>
        <extensions>
          <ns3:TrackPointExtension>
            <ns3:cad>81</ns3:cad>
          </ns3:TrackPointExtension>
        </extensions>
      </trkpt>
      <trkpt lat="42.3923260532319545745849609375" lon="13.25360351242125034332275390625">
        <ele>1049</ele>
        <time>2017-08-11T17:14:51.000Z</time>
        <extensions>
          <ns3:TrackPointExtension>
            <ns3:cad>82</ns3:cad>
          </ns3:TrackPointExtension>
        </extensions>
      </trkpt>
      <trkpt lat="42.39230987615883350372314453125" lon="13.25377131812274456024169921875">
        <ele>1049</ele>
        <time>2017-08-11T17:14:58.000Z</time>
        <extensions>
          <ns3:TrackPointExtension>
            <ns3:cad>81</ns3:cad>
          </ns3:TrackPointExtension>
        </extensions>
      </trkpt>
      <trkpt lat="42.39229143597185611724853515625" lon="13.2539559714496135711669921875">
        <ele>1048.800048828125</ele>
        <time>2017-08-11T17:15:05.000Z</time>
        <extensions>
          <ns3:TrackPointExtension>
            <ns3:cad>80</ns3:cad>
          </ns3:TrackPointExtension>
        </extensions>
      </trkpt>
      <trkpt lat="42.39230400882661342620849609375" lon="13.2540270499885082244873046875">
        <ele>1047.4000244140625</ele>
        <time>2017-08-11T17:15:08.000Z</time>
        <extensions>
          <ns3:TrackPointExtension>
            <ns3:cad>81</ns3:cad>
          </ns3:TrackPointExtension>
        </extensions>
      </trkpt>
      <trkpt lat="42.39230350591242313385009765625" lon="13.25428328476846218109130859375">
        <ele>1047</ele>
        <time>2017-08-11T17:15:18.000Z</time>
        <extensions>
          <ns3:TrackPointExtension>
            <ns3:cad>82</ns3:cad>
          </ns3:TrackPointExtension>
        </extensions>
      </trkpt>
      <trkpt lat="42.3923146538436412811279296875" lon="13.25454580597579479217529296875">
        <ele>1045</ele>
        <time>2017-08-11T17:15:27.000Z</time>
        <extensions>
          <ns3:TrackPointExtension>
            <ns3:cad>81</ns3:cad>
          </ns3:TrackPointExtension>
        </extensions>
      </trkpt>
      <trkpt lat="42.39232764579355716705322265625" lon="13.25480111874639987945556640625">
        <ele>1042.800048828125</ele>
        <time>2017-08-11T17:15:35.000Z</time>
        <extensions>
          <ns3:TrackPointExtension>
            <ns3:cad>83</ns3:cad>
          </ns3:TrackPointExtension>
        </extensions>
      </trkpt>
      <trkpt lat="42.39226595498621463775634765625" lon="13.25501091778278350830078125">
        <ele>1046.199951171875</ele>
        <time>2017-08-11T17:15:42.000Z</time>
        <extensions>
          <ns3:TrackPointExtension>
            <ns3:cad>82</ns3:cad>
          </ns3:TrackPointExtension>
        </extensions>
      </trkpt>
      <trkpt lat="42.39221767522394657135009765625" lon="13.2552018575370311737060546875">
        <ele>1048.800048828125</ele>
        <time>2017-08-11T17:15:48.000Z</time>
        <extensions>
          <ns3:TrackPointExtension>
            <ns3:cad>82</ns3:cad>
          </ns3:TrackPointExtension>
        </extensions>
      </trkpt>
      <trkpt lat="42.392202503979206085205078125" lon="13.25547091662883758544921875">
        <ele>1049.4000244140625</ele>
        <time>2017-08-11T17:15:56.000Z</time>
        <extensions>
          <ns3:TrackPointExtension>
            <ns3:cad>82</ns3:cad>
          </ns3:TrackPointExtension>
        </extensions>
      </trkpt>
      <trkpt lat="42.392205856740474700927734375" lon="13.2556568272411823272705078125">
        <ele>1048.5999755859375</ele>
        <time>2017-08-11T17:16:03.000Z</time>
        <extensions>
          <ns3:TrackPointExtension>
            <ns3:cad>82</ns3:cad>
          </ns3:TrackPointExtension>
        </extensions>
      </trkpt>
      <trkpt lat="42.39222069270908832550048828125" lon="13.25579202733933925628662109375">
        <ele>1047.5999755859375</ele>
        <time>2017-08-11T17:16:07.000Z</time>
        <extensions>
          <ns3:TrackPointExtension>
            <ns3:cad>80</ns3:cad>
          </ns3:TrackPointExtension>
        </extensions>
      </trkpt>
      <trkpt lat="42.3922449164092540740966796875" lon="13.25605253688991069793701171875">
        <ele>1046</ele>
        <time>2017-08-11T17:16:16.000Z</time>
        <extensions>
          <ns3:TrackPointExtension>
            <ns3:cad>82</ns3:cad>
          </ns3:TrackPointExtension>
        </extensions>
      </trkpt>
      <trkpt lat="42.39224466495215892791748046875" lon="13.256128728389739990234375">
        <ele>1046.199951171875</ele>
        <time>2017-08-11T17:16:19.000Z</time>
        <extensions>
          <ns3:TrackPointExtension>
            <ns3:cad>84</ns3:cad>
          </ns3:TrackPointExtension>
        </extensions>
      </trkpt>
      <trkpt lat="42.392248772084712982177734375" lon="13.2562630064785480499267578125">
        <ele>1046</ele>
        <time>2017-08-11T17:16:25.000Z</time>
        <extensions>
          <ns3:TrackPointExtension>
            <ns3:cad>81</ns3:cad>
          </ns3:TrackPointExtension>
        </extensions>
      </trkpt>
      <trkpt lat="42.3922315053641796112060546875" lon="13.25635126791894435882568359375">
        <ele>1047.4000244140625</ele>
        <time>2017-08-11T17:16:30.000Z</time>
        <extensions>
          <ns3:TrackPointExtension>
            <ns3:cad>79</ns3:cad>
          </ns3:TrackPointExtension>
        </extensions>
      </trkpt>
      <trkpt lat="42.39225447177886962890625" lon="13.25644011609256267547607421875">
        <ele>1045.800048828125</ele>
        <time>2017-08-11T17:16:36.000Z</time>
        <extensions>
          <ns3:TrackPointExtension>
            <ns3:cad>79</ns3:cad>
          </ns3:TrackPointExtension>
        </extensions>
      </trkpt>
      <trkpt lat="42.39229269325733184814453125" lon="13.256603144109249114990234375">
        <ele>1043.199951171875</ele>
        <time>2017-08-11T17:16:43.000Z</time>
        <extensions>
          <ns3:TrackPointExtension>
            <ns3:cad>79</ns3:cad>
          </ns3:TrackPointExtension>
        </extensions>
      </trkpt>
      <trkpt lat="42.39228875376284122467041015625" lon="13.2566381804645061492919921875">
        <ele>1043.4000244140625</ele>
        <time>2017-08-11T17:16:44.000Z</time>
        <extensions>
          <ns3:TrackPointExtension>
            <ns3:cad>76</ns3:cad>
          </ns3:TrackPointExtension>
        </extensions>
      </trkpt>
      <trkpt lat="42.392275594174861907958984375" lon="13.2567498274147510528564453125">
        <ele>1044</ele>
        <time>2017-08-11T17:16:49.000Z</time>
        <extensions>
          <ns3:TrackPointExtension>
            <ns3:cad>40</ns3:cad>
          </ns3:TrackPointExtension>
        </extensions>
      </trkpt>
      <trkpt lat="42.3922137357294559478759765625" lon="13.25696951709687709808349609375">
        <ele>1049.800048828125</ele>
        <time>2017-08-11T17:16:58.000Z</time>
        <extensions>
          <ns3:TrackPointExtension>
            <ns3:cad>40</ns3:cad>
          </ns3:TrackPointExtension>
        </extensions>
      </trkpt>
      <trkpt lat="42.39220074377954006195068359375" lon="13.256988711655139923095703125">
        <ele>1051</ele>
        <time>2017-08-11T17:16:59.000Z</time>
        <extensions>
          <ns3:TrackPointExtension>
            <ns3:cad>84</ns3:cad>
          </ns3:TrackPointExtension>
        </extensions>
      </trkpt>
      <trkpt lat="42.3921919427812099456787109375" lon="13.25701008550822734832763671875">
        <ele>1051.800048828125</ele>
        <time>2017-08-11T17:17:00.000Z</time>
        <extensions>
          <ns3:TrackPointExtension>
            <ns3:cad>84</ns3:cad>
          </ns3:TrackPointExtension>
        </extensions>
      </trkpt>
      <trkpt lat="42.39213402383029460906982421875" lon="13.257249556481838226318359375">
        <ele>1058</ele>
        <time>2017-08-11T17:17:10.000Z</time>
        <extensions>
          <ns3:TrackPointExtension>
            <ns3:cad>84</ns3:cad>
          </ns3:TrackPointExtension>
        </extensions>
      </trkpt>
      <trkpt lat="42.392117343842983245849609375" lon="13.25732566416263580322265625">
        <ele>1058.199951171875</ele>
        <time>2017-08-11T17:17:14.000Z</time>
        <extensions>
          <ns3:TrackPointExtension>
            <ns3:cad>61</ns3:cad>
          </ns3:TrackPointExtension>
        </extensions>
      </trkpt>
      <trkpt lat="42.39205640740692615509033203125" lon="13.257527835667133331298828125">
        <ele>1058.4000244140625</ele>
        <time>2017-08-11T17:17:21.000Z</time>
        <extensions>
          <ns3:TrackPointExtension>
            <ns3:cad>84</ns3:cad>
          </ns3:TrackPointExtension>
        </extensions>
      </trkpt>
      <trkpt lat="42.39204819314181804656982421875" lon="13.257571756839752197265625">
        <ele>1058.199951171875</ele>
        <time>2017-08-11T17:17:23.000Z</time>
        <extensions>
          <ns3:TrackPointExtension>
            <ns3:cad>84</ns3:cad>
          </ns3:TrackPointExtension>
        </extensions>
      </trkpt>
      <trkpt lat="42.3921067826449871063232421875" lon="13.2578294165432453155517578125">
        <ele>1053.5999755859375</ele>
        <time>2017-08-11T17:17:32.000Z</time>
        <extensions>
          <ns3:TrackPointExtension>
            <ns3:cad>83</ns3:cad>
          </ns3:TrackPointExtension>
        </extensions>
      </trkpt>
      <trkpt lat="42.3921091295778751373291015625" lon="13.25788582675158977508544921875">
        <ele>1053.199951171875</ele>
        <time>2017-08-11T17:17:34.000Z</time>
        <extensions>
          <ns3:TrackPointExtension>
            <ns3:cad>83</ns3:cad>
          </ns3:TrackPointExtension>
        </extensions>
      </trkpt>
      <trkpt lat="42.3920558206737041473388671875" lon="13.25804726220667362213134765625">
        <ele>1054.800048828125</ele>
        <time>2017-08-11T17:17:40.000Z</time>
        <extensions>
          <ns3:TrackPointExtension>
            <ns3:cad>82</ns3:cad>
          </ns3:TrackPointExtension>
        </extensions>
      </trkpt>
      <trkpt lat="42.39198985509574413299560546875" lon="13.25827692635357379913330078125">
        <ele>1053</ele>
        <time>2017-08-11T17:17:48.000Z</time>
        <extensions>
          <ns3:TrackPointExtension>
            <ns3:cad>83</ns3:cad>
          </ns3:TrackPointExtension>
        </extensions>
      </trkpt>
      <trkpt lat="42.3918861709535121917724609375" lon="13.2584131322801113128662109375">
        <ele>1054.4000244140625</ele>
        <time>2017-08-11T17:17:55.000Z</time>
        <extensions>
          <ns3:TrackPointExtension>
            <ns3:cad>82</ns3:cad>
          </ns3:TrackPointExtension>
        </extensions>
      </trkpt>
      <trkpt lat="42.39184367470443248748779296875" lon="13.25848706066608428955078125">
        <ele>1054.5999755859375</ele>
        <time>2017-08-11T17:18:00.000Z</time>
        <extensions>
          <ns3:TrackPointExtension>
            <ns3:cad>82</ns3:cad>
          </ns3:TrackPointExtension>
        </extensions>
      </trkpt>
      <trkpt lat="42.3916732706129550933837890625" lon="13.25843316502869129180908203125">
        <ele>1061.5999755859375</ele>
        <time>2017-08-11T17:18:09.000Z</time>
        <extensions>
          <ns3:TrackPointExtension>
            <ns3:cad>81</ns3:cad>
          </ns3:TrackPointExtension>
        </extensions>
      </trkpt>
      <trkpt lat="42.3915867693722248077392578125" lon="13.25838304124772548675537109375">
        <ele>1065</ele>
        <time>2017-08-11T17:18:20.000Z</time>
        <extensions>
          <ns3:TrackPointExtension>
            <ns3:cad>64</ns3:cad>
          </ns3:TrackPointExtension>
        </extensions>
      </trkpt>
      <trkpt lat="42.3915482126176357269287109375" lon="13.2583477534353733062744140625">
        <ele>1066.5999755859375</ele>
        <time>2017-08-11T17:18:22.000Z</time>
        <extensions>
          <ns3:TrackPointExtension>
            <ns3:cad>79</ns3:cad>
          </ns3:TrackPointExtension>
        </extensions>
      </trkpt>
      <trkpt lat="42.39146833308041095733642578125" lon="13.25831581838428974151611328125">
        <ele>1068.5999755859375</ele>
        <time>2017-08-11T17:18:26.000Z</time>
        <extensions>
          <ns3:TrackPointExtension>
            <ns3:cad>82</ns3:cad>
          </ns3:TrackPointExtension>
        </extensions>
      </trkpt>
      <trkpt lat="42.3914469592273235321044921875" lon="13.25832118280231952667236328125">
        <ele>1068.5999755859375</ele>
        <time>2017-08-11T17:18:28.000Z</time>
        <extensions>
          <ns3:TrackPointExtension>
            <ns3:cad>82</ns3:cad>
          </ns3:TrackPointExtension>
        </extensions>
      </trkpt>
      <trkpt lat="42.39138551987707614898681640625" lon="13.25838941149413585662841796875">
        <ele>1066.800048828125</ele>
        <time>2017-08-11T17:18:33.000Z</time>
        <extensions>
          <ns3:TrackPointExtension>
            <ns3:cad>79</ns3:cad>
          </ns3:TrackPointExtension>
        </extensions>
      </trkpt>
      <trkpt lat="42.39130186848342418670654296875" lon="13.25860918499529361724853515625">
        <ele>1061.800048828125</ele>
        <time>2017-08-11T17:18:42.000Z</time>
        <extensions>
          <ns3:TrackPointExtension>
            <ns3:cad>79</ns3:cad>
          </ns3:TrackPointExtension>
        </extensions>
      </trkpt>
      <trkpt lat="42.391222156584262847900390625" lon="13.2587802596390247344970703125">
        <ele>1058.4000244140625</ele>
        <time>2017-08-11T17:18:50.000Z</time>
        <extensions>
          <ns3:TrackPointExtension>
            <ns3:cad>81</ns3:cad>
          </ns3:TrackPointExtension>
        </extensions>
      </trkpt>
      <trkpt lat="42.3911029659211635589599609375" lon="13.25890456326305866241455078125">
        <ele>1054.4000244140625</ele>
        <time>2017-08-11T17:18:55.000Z</time>
        <extensions>
          <ns3:TrackPointExtension>
            <ns3:cad>76</ns3:cad>
          </ns3:TrackPointExtension>
        </extensions>
      </trkpt>
      <trkpt lat="42.3910667560994625091552734375" lon="13.25891445390880107879638671875">
        <ele>1053.800048828125</ele>
        <time>2017-08-11T17:18:56.000Z</time>
        <extensions>
          <ns3:TrackPointExtension>
            <ns3:cad>82</ns3:cad>
          </ns3:TrackPointExtension>
        </extensions>
      </trkpt>
      <trkpt lat="42.3909085057675838470458984375" lon="13.25886927545070648193359375">
        <ele>1054.800048828125</ele>
        <time>2017-08-11T17:19:03.000Z</time>
        <extensions>
          <ns3:TrackPointExtension>
            <ns3:cad>86</ns3:cad>
          </ns3:TrackPointExtension>
        </extensions>
      </trkpt>
      <trkpt lat="42.3907777480781078338623046875" lon="13.25888260267674922943115234375">
        <ele>1053.5999755859375</ele>
        <time>2017-08-11T17:19:08.000Z</time>
        <extensions>
          <ns3:TrackPointExtension>
            <ns3:cad>83</ns3:cad>
          </ns3:TrackPointExtension>
        </extensions>
      </trkpt>
      <trkpt lat="42.390623353421688079833984375" lon="13.258821330964565277099609375">
        <ele>1055.199951171875</ele>
        <time>2017-08-11T17:19:14.000Z</time>
        <extensions>
          <ns3:TrackPointExtension>
            <ns3:cad>86</ns3:cad>
          </ns3:TrackPointExtension>
        </extensions>
      </trkpt>
      <trkpt lat="42.39050910808145999908447265625" lon="13.25867657549679279327392578125">
        <ele>1060.199951171875</ele>
        <time>2017-08-11T17:19:21.000Z</time>
        <extensions>
          <ns3:TrackPointExtension>
            <ns3:cad>81</ns3:cad>
          </ns3:TrackPointExtension>
        </extensions>
      </trkpt>
      <trkpt lat="42.39049552939832210540771484375" lon="13.2586486637592315673828125">
        <ele>1061.199951171875</ele>
        <time>2017-08-11T17:19:22.000Z</time>
        <extensions>
          <ns3:TrackPointExtension>
            <ns3:cad>81</ns3:cad>
          </ns3:TrackPointExtension>
        </extensions>
      </trkpt>
      <trkpt lat="42.3904746584594249725341796875" lon="13.258606083691120147705078125">
        <ele>1062.800048828125</ele>
        <time>2017-08-11T17:19:24.000Z</time>
        <extensions>
          <ns3:TrackPointExtension>
            <ns3:cad>79</ns3:cad>
          </ns3:TrackPointExtension>
        </extensions>
      </trkpt>
      <trkpt lat="42.39033224992454051971435546875" lon="13.25872787274420261383056640625">
        <ele>1057.4000244140625</ele>
        <time>2017-08-11T17:19:34.000Z</time>
        <extensions>
          <ns3:TrackPointExtension>
            <ns3:cad>79</ns3:cad>
          </ns3:TrackPointExtension>
        </extensions>
      </trkpt>
      <trkpt lat="42.39028749056160449981689453125" lon="13.25878151692450046539306640625">
        <ele>1055.199951171875</ele>
        <time>2017-08-11T17:19:37.000Z</time>
        <extensions>
          <ns3:TrackPointExtension>
            <ns3:cad>79</ns3:cad>
          </ns3:TrackPointExtension>
        </extensions>
      </trkpt>
      <trkpt lat="42.3901950381696224212646484375" lon="13.258953429758548736572265625">
        <ele>1050</ele>
        <time>2017-08-11T17:19:44.000Z</time>
        <extensions>
          <ns3:TrackPointExtension>
            <ns3:cad>79</ns3:cad>
          </ns3:TrackPointExtension>
        </extensions>
      </trkpt>
      <trkpt lat="42.39007073454558849334716796875" lon="13.259027190506458282470703125">
        <ele>1048</ele>
        <time>2017-08-11T17:19:51.000Z</time>
        <extensions>
          <ns3:TrackPointExtension>
            <ns3:cad>81</ns3:cad>
          </ns3:TrackPointExtension>
        </extensions>
      </trkpt>
      <trkpt lat="42.389913909137248992919921875" lon="13.2591748796403408050537109375">
        <ele>1045.199951171875</ele>
        <time>2017-08-11T17:20:01.000Z</time>
        <extensions>
          <ns3:TrackPointExtension>
            <ns3:cad>60</ns3:cad>
          </ns3:TrackPointExtension>
        </extensions>
      </trkpt>
      <trkpt lat="42.3897487856447696685791015625" lon="13.25929381884634494781494140625">
        <ele>1045.800048828125</ele>
        <time>2017-08-11T17:20:10.000Z</time>
        <extensions>
          <ns3:TrackPointExtension>
            <ns3:cad>63</ns3:cad>
          </ns3:TrackPointExtension>
        </extensions>
      </trkpt>
      <trkpt lat="42.38972892053425312042236328125" lon="13.25932198204100131988525390625">
        <ele>1045.4000244140625</ele>
        <time>2017-08-11T17:20:12.000Z</time>
        <extensions>
          <ns3:TrackPointExtension>
            <ns3:cad>64</ns3:cad>
          </ns3:TrackPointExtension>
        </extensions>
      </trkpt>
      <trkpt lat="42.389677204191684722900390625" lon="13.25943044386804103851318359375">
        <ele>1043</ele>
        <time>2017-08-11T17:20:16.000Z</time>
        <extensions>
          <ns3:TrackPointExtension>
            <ns3:cad>63</ns3:cad>
          </ns3:TrackPointExtension>
        </extensions>
      </trkpt>
      <trkpt lat="42.38950948230922222137451171875" lon="13.25953991152346134185791015625">
        <ele>1043.5999755859375</ele>
        <time>2017-08-11T17:20:24.000Z</time>
        <extensions>
          <ns3:TrackPointExtension>
            <ns3:cad>79</ns3:cad>
          </ns3:TrackPointExtension>
        </extensions>
      </trkpt>
      <trkpt lat="42.3893444426357746124267578125" lon="13.259701430797576904296875">
        <ele>1043.800048828125</ele>
        <time>2017-08-11T17:20:32.000Z</time>
        <extensions>
          <ns3:TrackPointExtension>
            <ns3:cad>86</ns3:cad>
          </ns3:TrackPointExtension>
        </extensions>
      </trkpt>
      <trkpt lat="42.38920270465314388275146484375" lon="13.2598725892603397369384765625">
        <ele>1044</ele>
        <time>2017-08-11T17:20:39.000Z</time>
        <extensions>
          <ns3:TrackPointExtension>
            <ns3:cad>86</ns3:cad>
          </ns3:TrackPointExtension>
        </extensions>
      </trkpt>
      <trkpt lat="42.38918879069387912750244140625" lon="13.259899914264678955078125">
        <ele>1043.5999755859375</ele>
        <time>2017-08-11T17:20:40.000Z</time>
        <extensions>
          <ns3:TrackPointExtension>
            <ns3:cad>86</ns3:cad>
          </ns3:TrackPointExtension>
        </extensions>
      </trkpt>
      <trkpt lat="42.3891114257276058197021484375" lon="13.26008238829672336578369140625">
        <ele>1041.5999755859375</ele>
        <time>2017-08-11T17:20:47.000Z</time>
        <extensions>
          <ns3:TrackPointExtension>
            <ns3:cad>85</ns3:cad>
          </ns3:TrackPointExtension>
        </extensions>
      </trkpt>
      <trkpt lat="42.38908267579972743988037109375" lon="13.2601639442145824432373046875">
        <ele>1040.5999755859375</ele>
        <time>2017-08-11T17:20:50.000Z</time>
        <extensions>
          <ns3:TrackPointExtension>
            <ns3:cad>83</ns3:cad>
          </ns3:TrackPointExtension>
        </extensions>
      </trkpt>
      <trkpt lat="42.389024756848812103271484375" lon="13.26030098833143711090087890625">
        <ele>1040</ele>
        <time>2017-08-11T17:20:55.000Z</time>
        <extensions>
          <ns3:TrackPointExtension>
            <ns3:cad>84</ns3:cad>
          </ns3:TrackPointExtension>
        </extensions>
      </trkpt>
      <trkpt lat="42.3889230005443096160888671875" lon="13.26047985814511775970458984375">
        <ele>1040.199951171875</ele>
        <time>2017-08-11T17:21:03.000Z</time>
        <extensions>
          <ns3:TrackPointExtension>
            <ns3:cad>83</ns3:cad>
          </ns3:TrackPointExtension>
        </extensions>
      </trkpt>
      <trkpt lat="42.38886214792728424072265625" lon="13.26072058640420436859130859375">
        <ele>1037</ele>
        <time>2017-08-11T17:21:11.000Z</time>
        <extensions>
          <ns3:TrackPointExtension>
            <ns3:cad>83</ns3:cad>
          </ns3:TrackPointExtension>
        </extensions>
      </trkpt>
      <trkpt lat="42.38874320872128009796142578125" lon="13.2608874700963497161865234375">
        <ele>1035</ele>
        <time>2017-08-11T17:21:18.000Z</time>
        <extensions>
          <ns3:TrackPointExtension>
            <ns3:cad>84</ns3:cad>
          </ns3:TrackPointExtension>
        </extensions>
      </trkpt>
      <trkpt lat="42.3886262811720371246337890625" lon="13.26099551282823085784912109375">
        <ele>1034.800048828125</ele>
        <time>2017-08-11T17:21:24.000Z</time>
        <extensions>
          <ns3:TrackPointExtension>
            <ns3:cad>83</ns3:cad>
          </ns3:TrackPointExtension>
        </extensions>
      </trkpt>
      <trkpt lat="42.38844883628189563751220703125" lon="13.26111537404358386993408203125">
        <ele>1036</ele>
        <time>2017-08-11T17:21:32.000Z</time>
        <extensions>
          <ns3:TrackPointExtension>
            <ns3:cad>82</ns3:cad>
          </ns3:TrackPointExtension>
        </extensions>
      </trkpt>
      <trkpt lat="42.38830382935702800750732421875" lon="13.26129399240016937255859375">
        <ele>1033.199951171875</ele>
        <time>2017-08-11T17:21:40.000Z</time>
        <extensions>
          <ns3:TrackPointExtension>
            <ns3:cad>83</ns3:cad>
          </ns3:TrackPointExtension>
        </extensions>
      </trkpt>
      <trkpt lat="42.3881109617650508880615234375" lon="13.2613464631140232086181640625">
        <ele>1037</ele>
        <time>2017-08-11T17:21:48.000Z</time>
        <extensions>
          <ns3:TrackPointExtension>
            <ns3:cad>84</ns3:cad>
          </ns3:TrackPointExtension>
        </extensions>
      </trkpt>
      <trkpt lat="42.38808623515069484710693359375" lon="13.2613484747707843780517578125">
        <ele>1037.5999755859375</ele>
        <time>2017-08-11T17:21:49.000Z</time>
        <extensions>
          <ns3:TrackPointExtension>
            <ns3:cad>84</ns3:cad>
          </ns3:TrackPointExtension>
        </extensions>
      </trkpt>
      <trkpt lat="42.38796084187924861907958984375" lon="13.26146892271935939788818359375">
        <ele>1037</ele>
        <time>2017-08-11T17:21:56.000Z</time>
        <extensions>
          <ns3:TrackPointExtension>
            <ns3:cad>82</ns3:cad>
          </ns3:TrackPointExtension>
        </extensions>
      </trkpt>
      <trkpt lat="42.387898229062557220458984375" lon="13.26167478226125240325927734375">
        <ele>1030.199951171875</ele>
        <time>2017-08-11T17:22:02.000Z</time>
        <extensions>
          <ns3:TrackPointExtension>
            <ns3:cad>85</ns3:cad>
          </ns3:TrackPointExtension>
        </extensions>
      </trkpt>
      <trkpt lat="42.3877619393169879913330078125" lon="13.26185113750398159027099609375">
        <ele>1026.800048828125</ele>
        <time>2017-08-11T17:22:09.000Z</time>
        <extensions>
          <ns3:TrackPointExtension>
            <ns3:cad>86</ns3:cad>
          </ns3:TrackPointExtension>
        </extensions>
      </trkpt>
      <trkpt lat="42.38760477863252162933349609375" lon="13.2619804702699184417724609375">
        <ele>1026</ele>
        <time>2017-08-11T17:22:16.000Z</time>
        <extensions>
          <ns3:TrackPointExtension>
            <ns3:cad>82</ns3:cad>
          </ns3:TrackPointExtension>
        </extensions>
      </trkpt>
      <trkpt lat="42.38746982999145984649658203125" lon="13.26216981746256351470947265625">
        <ele>1021.4000244140625</ele>
        <time>2017-08-11T17:22:23.000Z</time>
        <extensions>
          <ns3:TrackPointExtension>
            <ns3:cad>84</ns3:cad>
          </ns3:TrackPointExtension>
        </extensions>
      </trkpt>
      <trkpt lat="42.387331612408161163330078125" lon="13.26233997009694576263427734375">
        <ele>1018.79998779296875</ele>
        <time>2017-08-11T17:22:29.000Z</time>
        <extensions>
          <ns3:TrackPointExtension>
            <ns3:cad>86</ns3:cad>
          </ns3:TrackPointExtension>
        </extensions>
      </trkpt>
      <trkpt lat="42.38718970678746700286865234375" lon="13.26241121627390384674072265625">
        <ele>1019.4000244140625</ele>
        <time>2017-08-11T17:22:35.000Z</time>
        <extensions>
          <ns3:TrackPointExtension>
            <ns3:cad>85</ns3:cad>
          </ns3:TrackPointExtension>
        </extensions>
      </trkpt>
      <trkpt lat="42.38711544312536716461181640625" lon="13.26246854849159717559814453125">
        <ele>1018</ele>
        <time>2017-08-11T17:22:38.000Z</time>
        <extensions>
          <ns3:TrackPointExtension>
            <ns3:cad>81</ns3:cad>
          </ns3:TrackPointExtension>
        </extensions>
      </trkpt>
      <trkpt lat="42.3869254253804683685302734375" lon="13.262562341988086700439453125">
        <ele>1017</ele>
        <time>2017-08-11T17:22:45.000Z</time>
        <extensions>
          <ns3:TrackPointExtension>
            <ns3:cad>86</ns3:cad>
          </ns3:TrackPointExtension>
        </extensions>
      </trkpt>
      <trkpt lat="42.3867594636976718902587890625" lon="13.26272352598607540130615234375">
        <ele>1014.4000244140625</ele>
        <time>2017-08-11T17:22:53.000Z</time>
        <extensions>
          <ns3:TrackPointExtension>
            <ns3:cad>83</ns3:cad>
          </ns3:TrackPointExtension>
        </extensions>
      </trkpt>
      <trkpt lat="42.38657967187464237213134765625" lon="13.26283089816570281982421875">
        <ele>1013.79998779296875</ele>
        <time>2017-08-11T17:23:01.000Z</time>
        <extensions>
          <ns3:TrackPointExtension>
            <ns3:cad>84</ns3:cad>
          </ns3:TrackPointExtension>
        </extensions>
      </trkpt>
      <trkpt lat="42.38638806156814098358154296875" lon="13.26284028589725494384765625">
        <ele>1016.4000244140625</ele>
        <time>2017-08-11T17:23:10.000Z</time>
        <extensions>
          <ns3:TrackPointExtension>
            <ns3:cad>86</ns3:cad>
          </ns3:TrackPointExtension>
        </extensions>
      </trkpt>
      <trkpt lat="42.38622092641890048980712890625" lon="13.26294095255434513092041015625">
        <ele>1015.79998779296875</ele>
        <time>2017-08-11T17:23:17.000Z</time>
        <extensions>
          <ns3:TrackPointExtension>
            <ns3:cad>84</ns3:cad>
          </ns3:TrackPointExtension>
        </extensions>
      </trkpt>
      <trkpt lat="42.38604038022458553314208984375" lon="13.2630033977329730987548828125">
        <ele>1016</ele>
        <time>2017-08-11T17:23:25.000Z</time>
        <extensions>
          <ns3:TrackPointExtension>
            <ns3:cad>84</ns3:cad>
          </ns3:TrackPointExtension>
        </extensions>
      </trkpt>
      <trkpt lat="42.385897301137447357177734375" lon="13.26316424645483493804931640625">
        <ele>1012</ele>
        <time>2017-08-11T17:23:33.000Z</time>
        <extensions>
          <ns3:TrackPointExtension>
            <ns3:cad>81</ns3:cad>
          </ns3:TrackPointExtension>
        </extensions>
      </trkpt>
      <trkpt lat="42.3857192695140838623046875" lon="13.2632944174110889434814453125">
        <ele>1009.5999755859375</ele>
        <time>2017-08-11T17:23:41.000Z</time>
        <extensions>
          <ns3:TrackPointExtension>
            <ns3:cad>83</ns3:cad>
          </ns3:TrackPointExtension>
        </extensions>
      </trkpt>
      <trkpt lat="42.385644502937793731689453125" lon="13.26331294141709804534912109375">
        <ele>1009.5999755859375</ele>
        <time>2017-08-11T17:23:45.000Z</time>
        <extensions>
          <ns3:TrackPointExtension>
            <ns3:cad>82</ns3:cad>
          </ns3:TrackPointExtension>
        </extensions>
      </trkpt>
      <trkpt lat="42.385640479624271392822265625" lon="13.26330707408487796783447265625">
        <ele>1009.79998779296875</ele>
        <time>2017-08-11T17:23:46.000Z</time>
        <extensions>
          <ns3:TrackPointExtension>
            <ns3:cad>82</ns3:cad>
          </ns3:TrackPointExtension>
        </extensions>
      </trkpt>
      <trkpt lat="42.385546602308750152587890625" lon="13.263345547020435333251953125">
        <ele>1009</ele>
        <time>2017-08-11T17:24:14.000Z</time>
        <extensions>
          <ns3:TrackPointExtension>
            <ns3:cad>0</ns3:cad>
          </ns3:TrackPointExtension>
        </extensions>
      </trkpt>
      <trkpt lat="42.385588847100734710693359375" lon="13.26349181123077869415283203125">
        <ele>1004.79998779296875</ele>
        <time>2017-08-11T17:24:54.000Z</time>
        <extensions>
          <ns3:TrackPointExtension>
            <ns3:cad>61</ns3:cad>
          </ns3:TrackPointExtension>
        </extensions>
      </trkpt>
      <trkpt lat="42.38558859564363956451416015625" lon="13.2634908892214298248291015625">
        <ele>1004.79998779296875</ele>
        <time>2017-08-11T17:24:55.000Z</time>
        <extensions>
          <ns3:TrackPointExtension>
            <ns3:cad>0</ns3:cad>
          </ns3:TrackPointExtension>
        </extensions>
      </trkpt>
      <trkpt lat="42.38559186458587646484375" lon="13.263507150113582611083984375">
        <ele>1004.79998779296875</ele>
        <time>2017-08-11T17:25:47.000Z</time>
        <extensions>
          <ns3:TrackPointExtension>
            <ns3:cad>0</ns3:cad>
          </ns3:TrackPointExtension>
        </extensions>
      </trkpt>
      <trkpt lat="42.3855839855968952178955078125" lon="13.26366213150322437286376953125">
        <ele>1005.5999755859375</ele>
        <time>2017-08-11T17:25:54.000Z</time>
        <extensions>
          <ns3:TrackPointExtension>
            <ns3:cad>124</ns3:cad>
          </ns3:TrackPointExtension>
        </extensions>
      </trkpt>
      <trkpt lat="42.385599911212921142578125" lon="13.26372415758669376373291015625">
        <ele>1005.79998779296875</ele>
        <time>2017-08-11T17:25:56.000Z</time>
        <extensions>
          <ns3:TrackPointExtension>
            <ns3:cad>81</ns3:cad>
          </ns3:TrackPointExtension>
        </extensions>
      </trkpt>
      <trkpt lat="42.3854676447808742523193359375" lon="13.263912163674831390380859375">
        <ele>1007.5999755859375</ele>
        <time>2017-08-11T17:26:06.000Z</time>
        <extensions>
          <ns3:TrackPointExtension>
            <ns3:cad>81</ns3:cad>
          </ns3:TrackPointExtension>
        </extensions>
      </trkpt>
      <trkpt lat="42.3854341171681880950927734375" lon="13.263938985764980316162109375">
        <ele>1008</ele>
        <time>2017-08-11T17:26:08.000Z</time>
        <extensions>
          <ns3:TrackPointExtension>
            <ns3:cad>81</ns3:cad>
          </ns3:TrackPointExtension>
        </extensions>
      </trkpt>
      <trkpt lat="42.38536446355283260345458984375" lon="13.26400511898100376129150390625">
        <ele>1008</ele>
        <time>2017-08-11T17:26:13.000Z</time>
        <extensions>
          <ns3:TrackPointExtension>
            <ns3:cad>76</ns3:cad>
          </ns3:TrackPointExtension>
        </extensions>
      </trkpt>
      <trkpt lat="42.385201267898082733154296875" lon="13.26411961577832698822021484375">
        <ele>1008.4000244140625</ele>
        <time>2017-08-11T17:26:21.000Z</time>
        <extensions>
          <ns3:TrackPointExtension>
            <ns3:cad>82</ns3:cad>
          </ns3:TrackPointExtension>
        </extensions>
      </trkpt>
      <trkpt lat="42.385179810225963592529296875" lon="13.26416286639869213104248046875">
        <ele>1008.5999755859375</ele>
        <time>2017-08-11T17:26:23.000Z</time>
        <extensions>
          <ns3:TrackPointExtension>
            <ns3:cad>82</ns3:cad>
          </ns3:TrackPointExtension>
        </extensions>
      </trkpt>
      <trkpt lat="42.38502323627471923828125" lon="13.26432061381638050079345703125">
        <ele>1009.79998779296875</ele>
        <time>2017-08-11T17:26:34.000Z</time>
        <extensions>
          <ns3:TrackPointExtension>
            <ns3:cad>82</ns3:cad>
          </ns3:TrackPointExtension>
        </extensions>
      </trkpt>
      <trkpt lat="42.38487948663532733917236328125" lon="13.26448448002338409423828125">
        <ele>1013.20001220703125</ele>
        <time>2017-08-11T17:26:43.000Z</time>
        <extensions>
          <ns3:TrackPointExtension>
            <ns3:cad>81</ns3:cad>
          </ns3:TrackPointExtension>
        </extensions>
      </trkpt>
      <trkpt lat="42.38475308753550052642822265625" lon="13.264620602130889892578125">
        <ele>1015.4000244140625</ele>
        <time>2017-08-11T17:26:52.000Z</time>
        <extensions>
          <ns3:TrackPointExtension>
            <ns3:cad>80</ns3:cad>
          </ns3:TrackPointExtension>
        </extensions>
      </trkpt>
      <trkpt lat="42.38468016497790813446044921875" lon="13.26472026295959949493408203125">
        <ele>1017.20001220703125</ele>
        <time>2017-08-11T17:26:57.000Z</time>
        <extensions>
          <ns3:TrackPointExtension>
            <ns3:cad>82</ns3:cad>
          </ns3:TrackPointExtension>
        </extensions>
      </trkpt>
      <trkpt lat="42.38453063182532787322998046875" lon="13.2648829557001590728759765625">
        <ele>1019.79998779296875</ele>
        <time>2017-08-11T17:27:08.000Z</time>
        <extensions>
          <ns3:TrackPointExtension>
            <ns3:cad>83</ns3:cad>
          </ns3:TrackPointExtension>
        </extensions>
      </trkpt>
      <trkpt lat="42.3843880556523799896240234375" lon="13.26503860764205455780029296875">
        <ele>1022</ele>
        <time>2017-08-11T17:27:17.000Z</time>
        <extensions>
          <ns3:TrackPointExtension>
            <ns3:cad>79</ns3:cad>
          </ns3:TrackPointExtension>
        </extensions>
      </trkpt>
      <trkpt lat="42.38420491106808185577392578125" lon="13.2651012204587459564208984375">
        <ele>1021</ele>
        <time>2017-08-11T17:27:31.000Z</time>
        <extensions>
          <ns3:TrackPointExtension>
            <ns3:cad>56</ns3:cad>
          </ns3:TrackPointExtension>
        </extensions>
      </trkpt>
      <trkpt lat="42.3840953595936298370361328125" lon="13.26516685076057910919189453125">
        <ele>1021.20001220703125</ele>
        <time>2017-08-11T17:27:40.000Z</time>
        <extensions>
          <ns3:TrackPointExtension>
            <ns3:cad>56</ns3:cad>
          </ns3:TrackPointExtension>
        </extensions>
      </trkpt>
      <trkpt lat="42.3839532025158405303955078125" lon="13.26533742249011993408203125">
        <ele>1024</ele>
        <time>2017-08-11T17:27:54.000Z</time>
        <extensions>
          <ns3:TrackPointExtension>
            <ns3:cad>54</ns3:cad>
          </ns3:TrackPointExtension>
        </extensions>
      </trkpt>
      <trkpt lat="42.38390802405774593353271484375" lon="13.26542266644537448883056640625">
        <ele>1025.800048828125</ele>
        <time>2017-08-11T17:28:00.000Z</time>
        <extensions>
          <ns3:TrackPointExtension>
            <ns3:cad>72</ns3:cad>
          </ns3:TrackPointExtension>
        </extensions>
      </trkpt>
      <trkpt lat="42.38383376039564609527587890625" lon="13.2655365765094757080078125">
        <ele>1028.199951171875</ele>
        <time>2017-08-11T17:28:07.000Z</time>
        <extensions>
          <ns3:TrackPointExtension>
            <ns3:cad>80</ns3:cad>
          </ns3:TrackPointExtension>
        </extensions>
      </trkpt>
      <trkpt lat="42.3836967162787914276123046875" lon="13.26572944410145282745361328125">
        <ele>1031.5999755859375</ele>
        <time>2017-08-11T17:28:19.000Z</time>
        <extensions>
          <ns3:TrackPointExtension>
            <ns3:cad>80</ns3:cad>
          </ns3:TrackPointExtension>
        </extensions>
      </trkpt>
      <trkpt lat="42.3835860751569271087646484375" lon="13.26595089398324489593505859375">
        <ele>1036.5999755859375</ele>
        <time>2017-08-11T17:28:28.000Z</time>
        <extensions>
          <ns3:TrackPointExtension>
            <ns3:cad>83</ns3:cad>
          </ns3:TrackPointExtension>
        </extensions>
      </trkpt>
      <trkpt lat="42.38352195359766483306884765625" lon="13.2661736011505126953125">
        <ele>1041</ele>
        <time>2017-08-11T17:28:38.000Z</time>
        <extensions>
          <ns3:TrackPointExtension>
            <ns3:cad>81</ns3:cad>
          </ns3:TrackPointExtension>
        </extensions>
      </trkpt>
      <trkpt lat="42.3834130726754665374755859375" lon="13.26638943515717983245849609375">
        <ele>1042.5999755859375</ele>
        <time>2017-08-11T17:28:46.000Z</time>
        <extensions>
          <ns3:TrackPointExtension>
            <ns3:cad>84</ns3:cad>
          </ns3:TrackPointExtension>
        </extensions>
      </trkpt>
      <trkpt lat="42.3833517171442508697509765625" lon="13.2666411437094211578369140625">
        <ele>1046</ele>
        <time>2017-08-11T17:28:55.000Z</time>
        <extensions>
          <ns3:TrackPointExtension>
            <ns3:cad>84</ns3:cad>
          </ns3:TrackPointExtension>
        </extensions>
      </trkpt>
      <trkpt lat="42.38328625448048114776611328125" lon="13.26688094995915889739990234375">
        <ele>1048.199951171875</ele>
        <time>2017-08-11T17:29:08.000Z</time>
        <extensions>
          <ns3:TrackPointExtension>
            <ns3:cad>80</ns3:cad>
          </ns3:TrackPointExtension>
        </extensions>
      </trkpt>
      <trkpt lat="42.38324233330786228179931640625" lon="13.26713022775948047637939453125">
        <ele>1050.199951171875</ele>
        <time>2017-08-11T17:29:14.000Z</time>
        <extensions>
          <ns3:TrackPointExtension>
            <ns3:cad>87</ns3:cad>
          </ns3:TrackPointExtension>
        </extensions>
      </trkpt>
      <trkpt lat="42.38319120369851589202880859375" lon="13.26738000847399234771728515625">
        <ele>1051.800048828125</ele>
        <time>2017-08-11T17:29:21.000Z</time>
        <extensions>
          <ns3:TrackPointExtension>
            <ns3:cad>85</ns3:cad>
          </ns3:TrackPointExtension>
        </extensions>
      </trkpt>
      <trkpt lat="42.38311090506613254547119140625" lon="13.2676167972385883331298828125">
        <ele>1052</ele>
        <time>2017-08-11T17:29:29.000Z</time>
        <extensions>
          <ns3:TrackPointExtension>
            <ns3:cad>85</ns3:cad>
          </ns3:TrackPointExtension>
        </extensions>
      </trkpt>
      <trkpt lat="42.3830412514507770538330078125" lon="13.2678739540278911590576171875">
        <ele>1053</ele>
        <time>2017-08-11T17:29:37.000Z</time>
        <extensions>
          <ns3:TrackPointExtension>
            <ns3:cad>85</ns3:cad>
          </ns3:TrackPointExtension>
        </extensions>
      </trkpt>
      <trkpt lat="42.382960952818393707275390625" lon="13.268093056976795196533203125">
        <ele>1053.199951171875</ele>
        <time>2017-08-11T17:29:43.000Z</time>
        <extensions>
          <ns3:TrackPointExtension>
            <ns3:cad>84</ns3:cad>
          </ns3:TrackPointExtension>
        </extensions>
      </trkpt>
      <trkpt lat="42.38289196975529193878173828125" lon="13.26832330785691738128662109375">
        <ele>1053</ele>
        <time>2017-08-11T17:29:49.000Z</time>
        <extensions>
          <ns3:TrackPointExtension>
            <ns3:cad>86</ns3:cad>
          </ns3:TrackPointExtension>
        </extensions>
      </trkpt>
      <trkpt lat="42.3828303627669811248779296875" lon="13.2685513794422149658203125">
        <ele>1052.5999755859375</ele>
        <time>2017-08-11T17:29:55.000Z</time>
        <extensions>
          <ns3:TrackPointExtension>
            <ns3:cad>88</ns3:cad>
          </ns3:TrackPointExtension>
        </extensions>
      </trkpt>
      <trkpt lat="42.3828209750354290008544921875" lon="13.26857392676174640655517578125">
        <ele>1052.4000244140625</ele>
        <time>2017-08-11T17:29:56.000Z</time>
        <extensions>
          <ns3:TrackPointExtension>
            <ns3:cad>88</ns3:cad>
          </ns3:TrackPointExtension>
        </extensions>
      </trkpt>
      <trkpt lat="42.38279826007783412933349609375" lon="13.2687148265540599822998046875">
        <ele>1052.4000244140625</ele>
        <time>2017-08-11T17:30:00.000Z</time>
        <extensions>
          <ns3:TrackPointExtension>
            <ns3:cad>83</ns3:cad>
          </ns3:TrackPointExtension>
        </extensions>
      </trkpt>
      <trkpt lat="42.3827934823930263519287109375" lon="13.268750198185443878173828125">
        <ele>1052.4000244140625</ele>
        <time>2017-08-11T17:30:01.000Z</time>
        <extensions>
          <ns3:TrackPointExtension>
            <ns3:cad>83</ns3:cad>
          </ns3:TrackPointExtension>
        </extensions>
      </trkpt>
      <trkpt lat="42.3827331326901912689208984375" lon="13.26900693587958812713623046875">
        <ele>1050.199951171875</ele>
        <time>2017-08-11T17:30:08.000Z</time>
        <extensions>
          <ns3:TrackPointExtension>
            <ns3:cad>84</ns3:cad>
          </ns3:TrackPointExtension>
        </extensions>
      </trkpt>
      <trkpt lat="42.38271159119904041290283203125" lon="13.26925235800445079803466796875">
        <ele>1049.5999755859375</ele>
        <time>2017-08-11T17:30:14.000Z</time>
        <extensions>
          <ns3:TrackPointExtension>
            <ns3:cad>84</ns3:cad>
          </ns3:TrackPointExtension>
        </extensions>
      </trkpt>
      <trkpt lat="42.38272248767316341400146484375" lon="13.269422091543674468994140625">
        <ele>1048.4000244140625</ele>
        <time>2017-08-11T17:30:23.000Z</time>
        <extensions>
          <ns3:TrackPointExtension>
            <ns3:cad>0</ns3:cad>
          </ns3:TrackPointExtension>
        </extensions>
      </trkpt>
      <trkpt lat="42.38271846435964107513427734375" lon="13.2696740515530109405517578125">
        <ele>1045.5999755859375</ele>
        <time>2017-08-11T17:30:36.000Z</time>
        <extensions>
          <ns3:TrackPointExtension>
            <ns3:cad>86</ns3:cad>
          </ns3:TrackPointExtension>
        </extensions>
      </trkpt>
      <trkpt lat="42.382756769657135009765625" lon="13.26992073096334934234619140625">
        <ele>1045</ele>
        <time>2017-08-11T17:30:42.000Z</time>
        <extensions>
          <ns3:TrackPointExtension>
            <ns3:cad>86</ns3:cad>
          </ns3:TrackPointExtension>
        </extensions>
      </trkpt>
      <trkpt lat="42.3828179575502872467041015625" lon="13.270170427858829498291015625">
        <ele>1044.800048828125</ele>
        <time>2017-08-11T17:30:49.000Z</time>
        <extensions>
          <ns3:TrackPointExtension>
            <ns3:cad>85</ns3:cad>
          </ns3:TrackPointExtension>
        </extensions>
      </trkpt>
      <trkpt lat="42.38292507827281951904296875" lon="13.2703994214534759521484375">
        <ele>1044.4000244140625</ele>
        <time>2017-08-11T17:30:55.000Z</time>
        <extensions>
          <ns3:TrackPointExtension>
            <ns3:cad>83</ns3:cad>
          </ns3:TrackPointExtension>
        </extensions>
      </trkpt>
      <trkpt lat="42.3830499686300754547119140625" lon="13.27060737647116184234619140625">
        <ele>1045</ele>
        <time>2017-08-11T17:31:01.000Z</time>
        <extensions>
          <ns3:TrackPointExtension>
            <ns3:cad>85</ns3:cad>
          </ns3:TrackPointExtension>
        </extensions>
      </trkpt>
      <trkpt lat="42.3830928839743137359619140625" lon="13.27084559015929698944091796875">
        <ele>1042.4000244140625</ele>
        <time>2017-08-11T17:31:06.000Z</time>
        <extensions>
          <ns3:TrackPointExtension>
            <ns3:cad>86</ns3:cad>
          </ns3:TrackPointExtension>
        </extensions>
      </trkpt>
      <trkpt lat="42.383067570626735687255859375" lon="13.2710862345993518829345703125">
        <ele>1038.4000244140625</ele>
        <time>2017-08-11T17:31:13.000Z</time>
        <extensions>
          <ns3:TrackPointExtension>
            <ns3:cad>87</ns3:cad>
          </ns3:TrackPointExtension>
        </extensions>
      </trkpt>
      <trkpt lat="42.383080311119556427001953125" lon="13.27134213410317897796630859375">
        <ele>1036</ele>
        <time>2017-08-11T17:31:22.000Z</time>
        <extensions>
          <ns3:TrackPointExtension>
            <ns3:cad>79</ns3:cad>
          </ns3:TrackPointExtension>
        </extensions>
      </trkpt>
      <trkpt lat="42.383080981671810150146484375" lon="13.271400891244411468505859375">
        <ele>1035.4000244140625</ele>
        <time>2017-08-11T17:31:26.000Z</time>
        <extensions>
          <ns3:TrackPointExtension>
            <ns3:cad>0</ns3:cad>
          </ns3:TrackPointExtension>
        </extensions>
      </trkpt>
      <trkpt lat="42.3830627091228961944580078125" lon="13.27164002694189548492431640625">
        <ele>1032.800048828125</ele>
        <time>2017-08-11T17:32:08.000Z</time>
        <extensions>
          <ns3:TrackPointExtension>
            <ns3:cad>63</ns3:cad>
          </ns3:TrackPointExtension>
        </extensions>
      </trkpt>
      <trkpt lat="42.38304234109818935394287109375" lon="13.27191361226141452789306640625">
        <ele>1030</ele>
        <time>2017-08-11T17:32:12.000Z</time>
        <extensions>
          <ns3:TrackPointExtension>
            <ns3:cad>63</ns3:cad>
          </ns3:TrackPointExtension>
        </extensions>
      </trkpt>
      <trkpt lat="42.38299238495528697967529296875" lon="13.27215291559696197509765625">
        <ele>1025.4000244140625</ele>
        <time>2017-08-11T17:32:19.000Z</time>
        <extensions>
          <ns3:TrackPointExtension>
            <ns3:cad>84</ns3:cad>
          </ns3:TrackPointExtension>
        </extensions>
      </trkpt>
      <trkpt lat="42.382912673056125640869140625" lon="13.27238920144736766815185546875">
        <ele>1020.79998779296875</ele>
        <time>2017-08-11T17:32:29.000Z</time>
        <extensions>
          <ns3:TrackPointExtension>
            <ns3:cad>83</ns3:cad>
          </ns3:TrackPointExtension>
        </extensions>
      </trkpt>
      <trkpt lat="42.38279306329786777496337890625" lon="13.2725725136697292327880859375">
        <ele>1016.5999755859375</ele>
        <time>2017-08-11T17:32:42.000Z</time>
        <extensions>
          <ns3:TrackPointExtension>
            <ns3:cad>46</ns3:cad>
          </ns3:TrackPointExtension>
        </extensions>
      </trkpt>
      <trkpt lat="42.382698096334934234619140625" lon="13.27269203960895538330078125">
        <ele>1013.5999755859375</ele>
        <time>2017-08-11T17:32:50.000Z</time>
        <extensions>
          <ns3:TrackPointExtension>
            <ns3:cad>56</ns3:cad>
          </ns3:TrackPointExtension>
        </extensions>
      </trkpt>
      <trkpt lat="42.3826486431062221527099609375" lon="13.2727528922259807586669921875">
        <ele>1012</ele>
        <time>2017-08-11T17:32:54.000Z</time>
        <extensions>
          <ns3:TrackPointExtension>
            <ns3:cad>56</ns3:cad>
          </ns3:TrackPointExtension>
        </extensions>
      </trkpt>
      <trkpt lat="42.3825381696224212646484375" lon="13.2729832269251346588134765625">
        <ele>1010.20001220703125</ele>
        <time>2017-08-11T17:33:01.000Z</time>
        <extensions>
          <ns3:TrackPointExtension>
            <ns3:cad>56</ns3:cad>
          </ns3:TrackPointExtension>
        </extensions>
      </trkpt>
      <trkpt lat="42.38251025788486003875732421875" lon="13.273097388446331024169921875">
        <ele>1010</ele>
        <time>2017-08-11T17:33:04.000Z</time>
        <extensions>
          <ns3:TrackPointExtension>
            <ns3:cad>56</ns3:cad>
          </ns3:TrackPointExtension>
        </extensions>
      </trkpt>
      <trkpt lat="42.3825125209987163543701171875" lon="13.27312949113547801971435546875">
        <ele>1010</ele>
        <time>2017-08-11T17:33:08.000Z</time>
        <extensions>
          <ns3:TrackPointExtension>
            <ns3:cad>0</ns3:cad>
          </ns3:TrackPointExtension>
        </extensions>
      </trkpt>
      <trkpt lat="42.3826318792998790740966796875" lon="13.27332369983196258544921875">
        <ele>1012</ele>
        <time>2017-08-11T17:33:35.000Z</time>
        <extensions>
          <ns3:TrackPointExtension>
            <ns3:cad>44</ns3:cad>
          </ns3:TrackPointExtension>
        </extensions>
      </trkpt>
      <trkpt lat="42.38264604471623897552490234375" lon="13.273566775023937225341796875">
        <ele>1013.4000244140625</ele>
        <time>2017-08-11T17:33:49.000Z</time>
        <extensions>
          <ns3:TrackPointExtension>
            <ns3:cad>54</ns3:cad>
          </ns3:TrackPointExtension>
        </extensions>
      </trkpt>
      <trkpt lat="42.38266247324645519256591796875" lon="13.27362922020256519317626953125">
        <ele>1014.20001220703125</ele>
        <time>2017-08-11T17:33:53.000Z</time>
        <extensions>
          <ns3:TrackPointExtension>
            <ns3:cad>54</ns3:cad>
          </ns3:TrackPointExtension>
        </extensions>
      </trkpt>
      <trkpt lat="42.3826935701072216033935546875" lon="13.27372737228870391845703125">
        <ele>1015.5999755859375</ele>
        <time>2017-08-11T17:34:00.000Z</time>
        <extensions>
          <ns3:TrackPointExtension>
            <ns3:cad>58</ns3:cad>
          </ns3:TrackPointExtension>
        </extensions>
      </trkpt>
      <trkpt lat="42.38273338414728641510009765625" lon="13.2739702798426151275634765625">
        <ele>1018.5999755859375</ele>
        <time>2017-08-11T17:34:12.000Z</time>
        <extensions>
          <ns3:TrackPointExtension>
            <ns3:cad>61</ns3:cad>
          </ns3:TrackPointExtension>
        </extensions>
      </trkpt>
      <trkpt lat="42.3827941529452800750732421875" lon="13.27420438639819622039794921875">
        <ele>1021.5999755859375</ele>
        <time>2017-08-11T17:34:25.000Z</time>
        <extensions>
          <ns3:TrackPointExtension>
            <ns3:cad>61</ns3:cad>
          </ns3:TrackPointExtension>
        </extensions>
      </trkpt>
      <trkpt lat="42.38282047212123870849609375" lon="13.27438157983124256134033203125">
        <ele>1024</ele>
        <time>2017-08-11T17:34:33.000Z</time>
        <extensions>
          <ns3:TrackPointExtension>
            <ns3:cad>79</ns3:cad>
          </ns3:TrackPointExtension>
        </extensions>
      </trkpt>
      <trkpt lat="42.38278384320437908172607421875" lon="13.2745083980262279510498046875">
        <ele>1025.199951171875</ele>
        <time>2017-08-11T17:34:40.000Z</time>
        <extensions>
          <ns3:TrackPointExtension>
            <ns3:cad>54</ns3:cad>
          </ns3:TrackPointExtension>
        </extensions>
      </trkpt>
      <trkpt lat="42.38280764780938625335693359375" lon="13.2747578434646129608154296875">
        <ele>1029.800048828125</ele>
        <time>2017-08-11T17:34:54.000Z</time>
        <extensions>
          <ns3:TrackPointExtension>
            <ns3:cad>56</ns3:cad>
          </ns3:TrackPointExtension>
        </extensions>
      </trkpt>
      <trkpt lat="42.38279096782207489013671875" lon="13.27501558698713779449462890625">
        <ele>1035</ele>
        <time>2017-08-11T17:35:09.000Z</time>
        <extensions>
          <ns3:TrackPointExtension>
            <ns3:cad>55</ns3:cad>
          </ns3:TrackPointExtension>
        </extensions>
      </trkpt>
      <trkpt lat="42.382789961993694305419921875" lon="13.27515204437077045440673828125">
        <ele>1037.4000244140625</ele>
        <time>2017-08-11T17:35:18.000Z</time>
        <extensions>
          <ns3:TrackPointExtension>
            <ns3:cad>54</ns3:cad>
          </ns3:TrackPointExtension>
        </extensions>
      </trkpt>
      <trkpt lat="42.38276959396898746490478515625" lon="13.275225050747394561767578125">
        <ele>1038</ele>
        <time>2017-08-11T17:35:23.000Z</time>
        <extensions>
          <ns3:TrackPointExtension>
            <ns3:cad>56</ns3:cad>
          </ns3:TrackPointExtension>
        </extensions>
      </trkpt>
      <trkpt lat="42.38271779380738735198974609375" lon="13.27546837739646434783935546875">
        <ele>1040.5999755859375</ele>
        <time>2017-08-11T17:35:37.000Z</time>
        <extensions>
          <ns3:TrackPointExtension>
            <ns3:cad>61</ns3:cad>
          </ns3:TrackPointExtension>
        </extensions>
      </trkpt>
      <trkpt lat="42.3826959170401096343994140625" lon="13.27572486363351345062255859375">
        <ele>1045</ele>
        <time>2017-08-11T17:35:49.000Z</time>
        <extensions>
          <ns3:TrackPointExtension>
            <ns3:cad>117</ns3:cad>
          </ns3:TrackPointExtension>
        </extensions>
      </trkpt>
      <trkpt lat="42.3826037161052227020263671875" lon="13.2759430445730686187744140625">
        <ele>1048.5999755859375</ele>
        <time>2017-08-11T17:35:55.000Z</time>
        <extensions>
          <ns3:TrackPointExtension>
            <ns3:cad>83</ns3:cad>
          </ns3:TrackPointExtension>
        </extensions>
      </trkpt>
      <trkpt lat="42.3825862817466259002685546875" lon="13.275971710681915283203125">
        <ele>1049</ele>
        <time>2017-08-11T17:35:56.000Z</time>
        <extensions>
          <ns3:TrackPointExtension>
            <ns3:cad>85</ns3:cad>
          </ns3:TrackPointExtension>
        </extensions>
      </trkpt>
      <trkpt lat="42.3824228346347808837890625" lon="13.27608025632798671722412109375">
        <ele>1049.5999755859375</ele>
        <time>2017-08-11T17:36:02.000Z</time>
        <extensions>
          <ns3:TrackPointExtension>
            <ns3:cad>83</ns3:cad>
          </ns3:TrackPointExtension>
        </extensions>
      </trkpt>
      <trkpt lat="42.382336668670177459716796875" lon="13.2760955952107906341552734375">
        <ele>1048.5999755859375</ele>
        <time>2017-08-11T17:36:05.000Z</time>
        <extensions>
          <ns3:TrackPointExtension>
            <ns3:cad>83</ns3:cad>
          </ns3:TrackPointExtension>
        </extensions>
      </trkpt>
      <trkpt lat="42.382213287055492401123046875" lon="13.27614949084818363189697265625">
        <ele>1047.800048828125</ele>
        <time>2017-08-11T17:36:10.000Z</time>
        <extensions>
          <ns3:TrackPointExtension>
            <ns3:cad>89</ns3:cad>
          </ns3:TrackPointExtension>
        </extensions>
      </trkpt>
      <trkpt lat="42.38207356072962284088134765625" lon="13.276343531906604766845703125">
        <ele>1048.199951171875</ele>
        <time>2017-08-11T17:36:17.000Z</time>
        <extensions>
          <ns3:TrackPointExtension>
            <ns3:cad>83</ns3:cad>
          </ns3:TrackPointExtension>
        </extensions>
      </trkpt>
      <trkpt lat="42.381957471370697021484375" lon="13.27653975225985050201416015625">
        <ele>1051</ele>
        <time>2017-08-11T17:36:26.000Z</time>
        <extensions>
          <ns3:TrackPointExtension>
            <ns3:cad>85</ns3:cad>
          </ns3:TrackPointExtension>
        </extensions>
      </trkpt>
      <trkpt lat="42.3819324932992458343505859375" lon="13.27661703340709209442138671875">
        <ele>1052.199951171875</ele>
        <time>2017-08-11T17:36:29.000Z</time>
        <extensions>
          <ns3:TrackPointExtension>
            <ns3:cad>84</ns3:cad>
          </ns3:TrackPointExtension>
        </extensions>
      </trkpt>
      <trkpt lat="42.381802909076213836669921875" lon="13.27679623849689960479736328125">
        <ele>1055</ele>
        <time>2017-08-11T17:36:40.000Z</time>
        <extensions>
          <ns3:TrackPointExtension>
            <ns3:cad>82</ns3:cad>
          </ns3:TrackPointExtension>
        </extensions>
      </trkpt>
      <trkpt lat="42.38165144808590412139892578125" lon="13.276932276785373687744140625">
        <ele>1056.199951171875</ele>
        <time>2017-08-11T17:36:53.000Z</time>
        <extensions>
          <ns3:TrackPointExtension>
            <ns3:cad>0</ns3:cad>
          </ns3:TrackPointExtension>
        </extensions>
      </trkpt>
      <trkpt lat="42.3815526254475116729736328125" lon="13.27714274637401103973388671875">
        <ele>1057</ele>
        <time>2017-08-11T17:37:07.000Z</time>
        <extensions>
          <ns3:TrackPointExtension>
            <ns3:cad>56</ns3:cad>
          </ns3:TrackPointExtension>
        </extensions>
      </trkpt>
      <trkpt lat="42.381460256874561309814453125" lon="13.2773706503212451934814453125">
        <ele>1058</ele>
        <time>2017-08-11T17:37:21.000Z</time>
        <extensions>
          <ns3:TrackPointExtension>
            <ns3:cad>61</ns3:cad>
          </ns3:TrackPointExtension>
        </extensions>
      </trkpt>
      <trkpt lat="42.381451539695262908935546875" lon="13.27738850377500057220458984375">
        <ele>1058</ele>
        <time>2017-08-11T17:37:22.000Z</time>
        <extensions>
          <ns3:TrackPointExtension>
            <ns3:cad>61</ns3:cad>
          </ns3:TrackPointExtension>
        </extensions>
      </trkpt>
      <trkpt lat="42.38134450279176235198974609375" lon="13.27760760672390460968017578125">
        <ele>1057.800048828125</ele>
        <time>2017-08-11T17:37:33.000Z</time>
        <extensions>
          <ns3:TrackPointExtension>
            <ns3:cad>61</ns3:cad>
          </ns3:TrackPointExtension>
        </extensions>
      </trkpt>
      <trkpt lat="42.38126210868358612060546875" lon="13.27783945016562938690185546875">
        <ele>1056.5999755859375</ele>
        <time>2017-08-11T17:37:40.000Z</time>
        <extensions>
          <ns3:TrackPointExtension>
            <ns3:cad>83</ns3:cad>
          </ns3:TrackPointExtension>
        </extensions>
      </trkpt>
      <trkpt lat="42.38118256442248821258544921875" lon="13.27809224836528301239013671875">
        <ele>1055</ele>
        <time>2017-08-11T17:37:48.000Z</time>
        <extensions>
          <ns3:TrackPointExtension>
            <ns3:cad>84</ns3:cad>
          </ns3:TrackPointExtension>
        </extensions>
      </trkpt>
      <trkpt lat="42.38116848282516002655029296875" lon="13.2783473096787929534912109375">
        <ele>1055.5999755859375</ele>
        <time>2017-08-11T17:37:56.000Z</time>
        <extensions>
          <ns3:TrackPointExtension>
            <ns3:cad>82</ns3:cad>
          </ns3:TrackPointExtension>
        </extensions>
      </trkpt>
      <trkpt lat="42.3811710812151432037353515625" lon="13.278421573340892791748046875">
        <ele>1055.800048828125</ele>
        <time>2017-08-11T17:37:58.000Z</time>
        <extensions>
          <ns3:TrackPointExtension>
            <ns3:cad>89</ns3:cad>
          </ns3:TrackPointExtension>
        </extensions>
      </trkpt>
      <trkpt lat="42.38127694465219974517822265625" lon="13.27861460857093334197998046875">
        <ele>1058.199951171875</ele>
        <time>2017-08-11T17:38:04.000Z</time>
        <extensions>
          <ns3:TrackPointExtension>
            <ns3:cad>89</ns3:cad>
          </ns3:TrackPointExtension>
        </extensions>
      </trkpt>
      <trkpt lat="42.38142798654735088348388671875" lon="13.27875693328678607940673828125">
        <ele>1061.800048828125</ele>
        <time>2017-08-11T17:38:10.000Z</time>
        <extensions>
          <ns3:TrackPointExtension>
            <ns3:cad>86</ns3:cad>
          </ns3:TrackPointExtension>
        </extensions>
      </trkpt>
      <trkpt lat="42.38149655051529407501220703125" lon="13.2788671553134918212890625">
        <ele>1063</ele>
        <time>2017-08-11T17:38:14.000Z</time>
        <extensions>
          <ns3:TrackPointExtension>
            <ns3:cad>85</ns3:cad>
          </ns3:TrackPointExtension>
        </extensions>
      </trkpt>
      <trkpt lat="42.38152236677706241607666015625" lon="13.27906052581965923309326171875">
        <ele>1062</ele>
        <time>2017-08-11T17:38:19.000Z</time>
        <extensions>
          <ns3:TrackPointExtension>
            <ns3:cad>82</ns3:cad>
          </ns3:TrackPointExtension>
        </extensions>
      </trkpt>
      <trkpt lat="42.381527312099933624267578125" lon="13.27917669899761676788330078125">
        <ele>1061.199951171875</ele>
        <time>2017-08-11T17:38:22.000Z</time>
        <extensions>
          <ns3:TrackPointExtension>
            <ns3:cad>85</ns3:cad>
          </ns3:TrackPointExtension>
        </extensions>
      </trkpt>
      <trkpt lat="42.3815435729920864105224609375" lon="13.27942463569343090057373046875">
        <ele>1059.199951171875</ele>
        <time>2017-08-11T17:38:31.000Z</time>
        <extensions>
          <ns3:TrackPointExtension>
            <ns3:cad>84</ns3:cad>
          </ns3:TrackPointExtension>
        </extensions>
      </trkpt>
      <trkpt lat="42.3815382085740566253662109375" lon="13.2796699739992618560791015625">
        <ele>1057.4000244140625</ele>
        <time>2017-08-11T17:38:38.000Z</time>
        <extensions>
          <ns3:TrackPointExtension>
            <ns3:cad>82</ns3:cad>
          </ns3:TrackPointExtension>
        </extensions>
      </trkpt>
      <trkpt lat="42.3815814591944217681884765625" lon="13.279930315911769866943359375">
        <ele>1057.5999755859375</ele>
        <time>2017-08-11T17:38:46.000Z</time>
        <extensions>
          <ns3:TrackPointExtension>
            <ns3:cad>84</ns3:cad>
          </ns3:TrackPointExtension>
        </extensions>
      </trkpt>
      <trkpt lat="42.38159948028624057769775390625" lon="13.279996700584888458251953125">
        <ele>1058</ele>
        <time>2017-08-11T17:38:49.000Z</time>
        <extensions>
          <ns3:TrackPointExtension>
            <ns3:cad>84</ns3:cad>
          </ns3:TrackPointExtension>
        </extensions>
      </trkpt>
      <trkpt lat="42.38160601817071437835693359375" lon="13.28015905804932117462158203125">
        <ele>1057.5999755859375</ele>
        <time>2017-08-11T17:38:54.000Z</time>
        <extensions>
          <ns3:TrackPointExtension>
            <ns3:cad>90</ns3:cad>
          </ns3:TrackPointExtension>
        </extensions>
      </trkpt>
      <trkpt lat="42.38155715167522430419921875" lon="13.2803960144519805908203125">
        <ele>1055.800048828125</ele>
        <time>2017-08-11T17:39:02.000Z</time>
        <extensions>
          <ns3:TrackPointExtension>
            <ns3:cad>83</ns3:cad>
          </ns3:TrackPointExtension>
        </extensions>
      </trkpt>
      <trkpt lat="42.3815221153199672698974609375" lon="13.2806543447077274322509765625">
        <ele>1054.4000244140625</ele>
        <time>2017-08-11T17:39:09.000Z</time>
        <extensions>
          <ns3:TrackPointExtension>
            <ns3:cad>85</ns3:cad>
          </ns3:TrackPointExtension>
        </extensions>
      </trkpt>
      <trkpt lat="42.381458915770053863525390625" lon="13.28089130111038684844970703125">
        <ele>1053.4000244140625</ele>
        <time>2017-08-11T17:39:16.000Z</time>
        <extensions>
          <ns3:TrackPointExtension>
            <ns3:cad>85</ns3:cad>
          </ns3:TrackPointExtension>
        </extensions>
      </trkpt>
      <trkpt lat="42.38148213364183902740478515625" lon="13.28102960251271724700927734375">
        <ele>1054.5999755859375</ele>
        <time>2017-08-11T17:39:23.000Z</time>
        <extensions>
          <ns3:TrackPointExtension>
            <ns3:cad>85</ns3:cad>
          </ns3:TrackPointExtension>
        </extensions>
      </trkpt>
      <trkpt lat="42.3814714886248111724853515625" lon="13.2809775508940219879150390625">
        <ele>1054.4000244140625</ele>
        <time>2017-08-11T17:39:36.000Z</time>
        <extensions>
          <ns3:TrackPointExtension>
            <ns3:cad>0</ns3:cad>
          </ns3:TrackPointExtension>
        </extensions>
      </trkpt>
      <trkpt lat="42.3814818821847438812255859375" lon="13.28099875710904598236083984375">
        <ele>1054.5999755859375</ele>
        <time>2017-08-11T17:40:06.000Z</time>
        <extensions>
          <ns3:TrackPointExtension>
            <ns3:cad>0</ns3:cad>
          </ns3:TrackPointExtension>
        </extensions>
      </trkpt>
      <trkpt lat="42.38148272037506103515625" lon="13.2809949852526187896728515625">
        <ele>1054.5999755859375</ele>
        <time>2017-08-11T17:40:22.000Z</time>
        <extensions>
          <ns3:TrackPointExtension>
            <ns3:cad>0</ns3:cad>
          </ns3:TrackPointExtension>
        </extensions>
      </trkpt>
      <trkpt lat="42.3814916051924228668212890625" lon="13.2810586877167224884033203125">
        <ele>1054.800048828125</ele>
        <time>2017-08-11T17:44:34.000Z</time>
        <extensions>
          <ns3:TrackPointExtension>
            <ns3:cad>0</ns3:cad>
          </ns3:TrackPointExtension>
        </extensions>
      </trkpt>
      <trkpt lat="42.38151398487389087677001953125" lon="13.28112356364727020263671875">
        <ele>1055.199951171875</ele>
        <time>2017-08-11T17:44:40.000Z</time>
        <extensions>
          <ns3:TrackPointExtension>
            <ns3:cad>61</ns3:cad>
          </ns3:TrackPointExtension>
        </extensions>
      </trkpt>
      <trkpt lat="42.38152672536671161651611328125" lon="13.2813631184399127960205078125">
        <ele>1055.4000244140625</ele>
        <time>2017-08-11T17:44:52.000Z</time>
        <extensions>
          <ns3:TrackPointExtension>
            <ns3:cad>58</ns3:cad>
          </ns3:TrackPointExtension>
        </extensions>
      </trkpt>
      <trkpt lat="42.3815537989139556884765625" lon="13.28162916004657745361328125">
        <ele>1055.800048828125</ele>
        <time>2017-08-11T17:45:01.000Z</time>
        <extensions>
          <ns3:TrackPointExtension>
            <ns3:cad>85</ns3:cad>
          </ns3:TrackPointExtension>
        </extensions>
      </trkpt>
      <trkpt lat="42.38155455328524112701416015625" lon="13.2818811200559139251708984375">
        <ele>1055</ele>
        <time>2017-08-11T17:45:08.000Z</time>
        <extensions>
          <ns3:TrackPointExtension>
            <ns3:cad>85</ns3:cad>
          </ns3:TrackPointExtension>
        </extensions>
      </trkpt>
      <trkpt lat="42.38151230849325656890869140625" lon="13.28213349916040897369384765625">
        <ele>1051.199951171875</ele>
        <time>2017-08-11T17:45:15.000Z</time>
        <extensions>
          <ns3:TrackPointExtension>
            <ns3:cad>83</ns3:cad>
          </ns3:TrackPointExtension>
        </extensions>
      </trkpt>
      <trkpt lat="42.3815056867897510528564453125" lon="13.28236165456473827362060546875">
        <ele>1048.5999755859375</ele>
        <time>2017-08-11T17:45:22.000Z</time>
        <extensions>
          <ns3:TrackPointExtension>
            <ns3:cad>83</ns3:cad>
          </ns3:TrackPointExtension>
        </extensions>
      </trkpt>
      <trkpt lat="42.38152102567255496978759765625" lon="13.28260405920445919036865234375">
        <ele>1047.4000244140625</ele>
        <time>2017-08-11T17:45:30.000Z</time>
        <extensions>
          <ns3:TrackPointExtension>
            <ns3:cad>82</ns3:cad>
          </ns3:TrackPointExtension>
        </extensions>
      </trkpt>
      <trkpt lat="42.38144122995436191558837890625" lon="13.28284378163516521453857421875">
        <ele>1043.199951171875</ele>
        <time>2017-08-11T17:45:37.000Z</time>
        <extensions>
          <ns3:TrackPointExtension>
            <ns3:cad>82</ns3:cad>
          </ns3:TrackPointExtension>
        </extensions>
      </trkpt>
      <trkpt lat="42.38140854053199291229248046875" lon="13.28308786265552043914794921875">
        <ele>1039</ele>
        <time>2017-08-11T17:45:45.000Z</time>
        <extensions>
          <ns3:TrackPointExtension>
            <ns3:cad>81</ns3:cad>
          </ns3:TrackPointExtension>
        </extensions>
      </trkpt>
      <trkpt lat="42.38139010034501552581787109375" lon="13.283362202346324920654296875">
        <ele>1035.5999755859375</ele>
        <time>2017-08-11T17:45:53.000Z</time>
        <extensions>
          <ns3:TrackPointExtension>
            <ns3:cad>86</ns3:cad>
          </ns3:TrackPointExtension>
        </extensions>
      </trkpt>
      <trkpt lat="42.38133980892598628997802734375" lon="13.2835310138761997222900390625">
        <ele>1033.800048828125</ele>
        <time>2017-08-11T17:45:58.000Z</time>
        <extensions>
          <ns3:TrackPointExtension>
            <ns3:cad>83</ns3:cad>
          </ns3:TrackPointExtension>
        </extensions>
      </trkpt>
      <trkpt lat="42.38133293576538562774658203125" lon="13.28379102051258087158203125">
        <ele>1031.4000244140625</ele>
        <time>2017-08-11T17:46:07.000Z</time>
        <extensions>
          <ns3:TrackPointExtension>
            <ns3:cad>83</ns3:cad>
          </ns3:TrackPointExtension>
        </extensions>
      </trkpt>
      <trkpt lat="42.381325475871562957763671875" lon="13.28402076847851276397705078125">
        <ele>1029.4000244140625</ele>
        <time>2017-08-11T17:46:14.000Z</time>
        <extensions>
          <ns3:TrackPointExtension>
            <ns3:cad>83</ns3:cad>
          </ns3:TrackPointExtension>
        </extensions>
      </trkpt>
      <trkpt lat="42.38136646337807178497314453125" lon="13.284271471202373504638671875">
        <ele>1028.199951171875</ele>
        <time>2017-08-11T17:46:23.000Z</time>
        <extensions>
          <ns3:TrackPointExtension>
            <ns3:cad>82</ns3:cad>
          </ns3:TrackPointExtension>
        </extensions>
      </trkpt>
      <trkpt lat="42.38149789161980152130126953125" lon="13.284369371831417083740234375">
        <ele>1026.4000244140625</ele>
        <time>2017-08-11T17:46:30.000Z</time>
        <extensions>
          <ns3:TrackPointExtension>
            <ns3:cad>79</ns3:cad>
          </ns3:TrackPointExtension>
        </extensions>
      </trkpt>
      <trkpt lat="42.38163518719375133514404296875" lon="13.28453675843775272369384765625">
        <ele>1022.5999755859375</ele>
        <time>2017-08-11T17:46:38.000Z</time>
        <extensions>
          <ns3:TrackPointExtension>
            <ns3:cad>79</ns3:cad>
          </ns3:TrackPointExtension>
        </extensions>
      </trkpt>
      <trkpt lat="42.381740547716617584228515625" lon="13.28464128077030181884765625">
        <ele>1018.4000244140625</ele>
        <time>2017-08-11T17:46:44.000Z</time>
        <extensions>
          <ns3:TrackPointExtension>
            <ns3:cad>79</ns3:cad>
          </ns3:TrackPointExtension>
        </extensions>
      </trkpt>
      <trkpt lat="42.38186820410192012786865234375" lon="13.284728787839412689208984375">
        <ele>1014.20001220703125</ele>
        <time>2017-08-11T17:46:49.000Z</time>
        <extensions>
          <ns3:TrackPointExtension>
            <ns3:cad>79</ns3:cad>
          </ns3:TrackPointExtension>
        </extensions>
      </trkpt>
      <trkpt lat="42.38204053603112697601318359375" lon="13.28480497933924198150634765625">
        <ele>1009.4000244140625</ele>
        <time>2017-08-11T17:46:54.000Z</time>
        <extensions>
          <ns3:TrackPointExtension>
            <ns3:cad>61</ns3:cad>
          </ns3:TrackPointExtension>
        </extensions>
      </trkpt>
      <trkpt lat="42.3820635862648487091064453125" lon="13.284819982945919036865234375">
        <ele>1008.5999755859375</ele>
        <time>2017-08-11T17:46:55.000Z</time>
        <extensions>
          <ns3:TrackPointExtension>
            <ns3:cad>61</ns3:cad>
          </ns3:TrackPointExtension>
        </extensions>
      </trkpt>
      <trkpt lat="42.382128797471523284912109375" lon="13.28492400236427783966064453125">
        <ele>1005</ele>
        <time>2017-08-11T17:46:59.000Z</time>
        <extensions>
          <ns3:TrackPointExtension>
            <ns3:cad>61</ns3:cad>
          </ns3:TrackPointExtension>
        </extensions>
      </trkpt>
      <trkpt lat="42.38215134479105472564697265625" lon="13.2849633134901523590087890625">
        <ele>1003.79998779296875</ele>
        <time>2017-08-11T17:47:01.000Z</time>
        <extensions>
          <ns3:TrackPointExtension>
            <ns3:cad>86</ns3:cad>
          </ns3:TrackPointExtension>
        </extensions>
      </trkpt>
      <trkpt lat="42.38222912885248661041259765625" lon="13.28519524075090885162353515625">
        <ele>997.5999755859375</ele>
        <time>2017-08-11T17:47:10.000Z</time>
        <extensions>
          <ns3:TrackPointExtension>
            <ns3:cad>86</ns3:cad>
          </ns3:TrackPointExtension>
        </extensions>
      </trkpt>
      <trkpt lat="42.3822510056197643280029296875" lon="13.28530051745474338531494140625">
        <ele>995.4000244140625</ele>
        <time>2017-08-11T17:47:14.000Z</time>
        <extensions>
          <ns3:TrackPointExtension>
            <ns3:cad>86</ns3:cad>
          </ns3:TrackPointExtension>
        </extensions>
      </trkpt>
      <trkpt lat="42.3822546936571598052978515625" lon="13.2854430936276912689208984375">
        <ele>993.20001220703125</ele>
        <time>2017-08-11T17:47:18.000Z</time>
        <extensions>
          <ns3:TrackPointExtension>
            <ns3:cad>88</ns3:cad>
          </ns3:TrackPointExtension>
        </extensions>
      </trkpt>
      <trkpt lat="42.38228294067084789276123046875" lon="13.2856878452003002166748046875">
        <ele>988.79998779296875</ele>
        <time>2017-08-11T17:47:23.000Z</time>
        <extensions>
          <ns3:TrackPointExtension>
            <ns3:cad>88</ns3:cad>
          </ns3:TrackPointExtension>
        </extensions>
      </trkpt>
      <trkpt lat="42.38225930370390415191650390625" lon="13.28594139777123928070068359375">
        <ele>984.20001220703125</ele>
        <time>2017-08-11T17:47:28.000Z</time>
        <extensions>
          <ns3:TrackPointExtension>
            <ns3:cad>88</ns3:cad>
          </ns3:TrackPointExtension>
        </extensions>
      </trkpt>
      <trkpt lat="42.3822163045406341552734375" lon="13.28620224259793758392333984375">
        <ele>981.5999755859375</ele>
        <time>2017-08-11T17:47:34.000Z</time>
        <extensions>
          <ns3:TrackPointExtension>
            <ns3:cad>88</ns3:cad>
          </ns3:TrackPointExtension>
        </extensions>
      </trkpt>
      <trkpt lat="42.38214028067886829376220703125" lon="13.286463506519794464111328125">
        <ele>979.5999755859375</ele>
        <time>2017-08-11T17:47:42.000Z</time>
        <extensions>
          <ns3:TrackPointExtension>
            <ns3:cad>82</ns3:cad>
          </ns3:TrackPointExtension>
        </extensions>
      </trkpt>
      <trkpt lat="42.3820327408611774444580078125" lon="13.28670951537787914276123046875">
        <ele>974.79998779296875</ele>
        <time>2017-08-11T17:47:48.000Z</time>
        <extensions>
          <ns3:TrackPointExtension>
            <ns3:cad>84</ns3:cad>
          </ns3:TrackPointExtension>
        </extensions>
      </trkpt>
      <trkpt lat="42.38196291960775852203369140625" lon="13.28697321005165576934814453125">
        <ele>970.79998779296875</ele>
        <time>2017-08-11T17:47:54.000Z</time>
        <extensions>
          <ns3:TrackPointExtension>
            <ns3:cad>84</ns3:cad>
          </ns3:TrackPointExtension>
        </extensions>
      </trkpt>
      <trkpt lat="42.38184607587754726409912109375" lon="13.28720857389271259307861328125">
        <ele>968.5999755859375</ele>
        <time>2017-08-11T17:48:00.000Z</time>
        <extensions>
          <ns3:TrackPointExtension>
            <ns3:cad>84</ns3:cad>
          </ns3:TrackPointExtension>
        </extensions>
      </trkpt>
      <trkpt lat="42.38172001205384731292724609375" lon="13.28741158358752727508544921875">
        <ele>967.5999755859375</ele>
        <time>2017-08-11T17:48:06.000Z</time>
        <extensions>
          <ns3:TrackPointExtension>
            <ns3:cad>86</ns3:cad>
          </ns3:TrackPointExtension>
        </extensions>
      </trkpt>
      <trkpt lat="42.3815888352692127227783203125" lon="13.28759481199085712432861328125">
        <ele>966</ele>
        <time>2017-08-11T17:48:13.000Z</time>
        <extensions>
          <ns3:TrackPointExtension>
            <ns3:cad>87</ns3:cad>
          </ns3:TrackPointExtension>
        </extensions>
      </trkpt>
      <trkpt lat="42.381456904113292694091796875" lon="13.28774392604827880859375">
        <ele>960.79998779296875</ele>
        <time>2017-08-11T17:48:23.000Z</time>
        <extensions>
          <ns3:TrackPointExtension>
            <ns3:cad>87</ns3:cad>
          </ns3:TrackPointExtension>
        </extensions>
      </trkpt>
      <trkpt lat="42.381378114223480224609375" lon="13.28798607923090457916259765625">
        <ele>954.5999755859375</ele>
        <time>2017-08-11T17:48:32.000Z</time>
        <extensions>
          <ns3:TrackPointExtension>
            <ns3:cad>79</ns3:cad>
          </ns3:TrackPointExtension>
        </extensions>
      </trkpt>
      <trkpt lat="42.381254397332668304443359375" lon="13.28813628293573856353759765625">
        <ele>949.4000244140625</ele>
        <time>2017-08-11T17:48:40.000Z</time>
        <extensions>
          <ns3:TrackPointExtension>
            <ns3:cad>79</ns3:cad>
          </ns3:TrackPointExtension>
        </extensions>
      </trkpt>
      <trkpt lat="42.3811246454715728759765625" lon="13.28824977390468120574951171875">
        <ele>944.5999755859375</ele>
        <time>2017-08-11T17:48:48.000Z</time>
        <extensions>
          <ns3:TrackPointExtension>
            <ns3:cad>79</ns3:cad>
          </ns3:TrackPointExtension>
        </extensions>
      </trkpt>
      <trkpt lat="42.3810550756752490997314453125" lon="13.288352787494659423828125">
        <ele>941</ele>
        <time>2017-08-11T17:48:53.000Z</time>
        <extensions>
          <ns3:TrackPointExtension>
            <ns3:cad>86</ns3:cad>
          </ns3:TrackPointExtension>
        </extensions>
      </trkpt>
      <trkpt lat="42.3809943906962871551513671875" lon="13.288411796092987060546875">
        <ele>938.4000244140625</ele>
        <time>2017-08-11T17:48:57.000Z</time>
        <extensions>
          <ns3:TrackPointExtension>
            <ns3:cad>86</ns3:cad>
          </ns3:TrackPointExtension>
        </extensions>
      </trkpt>
      <trkpt lat="42.380909733474254608154296875" lon="13.2886630855500698089599609375">
        <ele>929.79998779296875</ele>
        <time>2017-08-11T17:49:06.000Z</time>
        <extensions>
          <ns3:TrackPointExtension>
            <ns3:cad>89</ns3:cad>
          </ns3:TrackPointExtension>
        </extensions>
      </trkpt>
      <trkpt lat="42.38078358583152294158935546875" lon="13.28884857706725597381591796875">
        <ele>925.5999755859375</ele>
        <time>2017-08-11T17:49:14.000Z</time>
        <extensions>
          <ns3:TrackPointExtension>
            <ns3:cad>86</ns3:cad>
          </ns3:TrackPointExtension>
        </extensions>
      </trkpt>
      <trkpt lat="42.38070697523653507232666015625" lon="13.289067260921001434326171875">
        <ele>920</ele>
        <time>2017-08-11T17:49:22.000Z</time>
        <extensions>
          <ns3:TrackPointExtension>
            <ns3:cad>92</ns3:cad>
          </ns3:TrackPointExtension>
        </extensions>
      </trkpt>
      <trkpt lat="42.38060094416141510009765625" lon="13.289307989180088043212890625">
        <ele>913.20001220703125</ele>
        <time>2017-08-11T17:49:30.000Z</time>
        <extensions>
          <ns3:TrackPointExtension>
            <ns3:cad>92</ns3:cad>
          </ns3:TrackPointExtension>
        </extensions>
      </trkpt>
      <trkpt lat="42.38052994944155216217041015625" lon="13.28953539021313190460205078125">
        <ele>908</ele>
        <time>2017-08-11T17:49:36.000Z</time>
        <extensions>
          <ns3:TrackPointExtension>
            <ns3:cad>89</ns3:cad>
          </ns3:TrackPointExtension>
        </extensions>
      </trkpt>
      <trkpt lat="42.38051754422485828399658203125" lon="13.28959657810628414154052734375">
        <ele>906.5999755859375</ele>
        <time>2017-08-11T17:49:38.000Z</time>
        <extensions>
          <ns3:TrackPointExtension>
            <ns3:cad>89</ns3:cad>
          </ns3:TrackPointExtension>
        </extensions>
      </trkpt>
      <trkpt lat="42.38052156753838062286376953125" lon="13.28962172381579875946044921875">
        <ele>906.20001220703125</ele>
        <time>2017-08-11T17:49:39.000Z</time>
        <extensions>
          <ns3:TrackPointExtension>
            <ns3:cad>89</ns3:cad>
          </ns3:TrackPointExtension>
        </extensions>
      </trkpt>
      <trkpt lat="42.38057739101350307464599609375" lon="13.28979992307722568511962890625">
        <ele>904</ele>
        <time>2017-08-11T17:50:41.000Z</time>
        <extensions>
          <ns3:TrackPointExtension>
            <ns3:cad>62</ns3:cad>
          </ns3:TrackPointExtension>
        </extensions>
      </trkpt>
      <trkpt lat="42.3804889619350433349609375" lon="13.289898075163364410400390625">
        <ele>901</ele>
        <time>2017-08-11T17:50:47.000Z</time>
        <extensions>
          <ns3:TrackPointExtension>
            <ns3:cad>62</ns3:cad>
          </ns3:TrackPointExtension>
        </extensions>
      </trkpt>
      <trkpt lat="42.38044395111501216888427734375" lon="13.2899736799299716949462890625">
        <ele>899.20001220703125</ele>
        <time>2017-08-11T17:50:51.000Z</time>
        <extensions>
          <ns3:TrackPointExtension>
            <ns3:cad>62</ns3:cad>
          </ns3:TrackPointExtension>
        </extensions>
      </trkpt>
      <trkpt lat="42.3803711123764514923095703125" lon="13.2901191897690296173095703125">
        <ele>895.79998779296875</ele>
        <time>2017-08-11T17:50:59.000Z</time>
        <extensions>
          <ns3:TrackPointExtension>
            <ns3:cad>91</ns3:cad>
          </ns3:TrackPointExtension>
        </extensions>
      </trkpt>
      <trkpt lat="42.38037136383354663848876953125" lon="13.29019538126885890960693359375">
        <ele>893.20001220703125</ele>
        <time>2017-08-11T17:51:02.000Z</time>
        <extensions>
          <ns3:TrackPointExtension>
            <ns3:cad>91</ns3:cad>
          </ns3:TrackPointExtension>
        </extensions>
      </trkpt>
      <trkpt lat="42.380456440150737762451171875" lon="13.29030032269656658172607421875">
        <ele>890.4000244140625</ele>
        <time>2017-08-11T17:51:08.000Z</time>
        <extensions>
          <ns3:TrackPointExtension>
            <ns3:cad>86</ns3:cad>
          </ns3:TrackPointExtension>
        </extensions>
      </trkpt>
      <trkpt lat="42.3806158639490604400634765625" lon="13.2904189266264438629150390625">
        <ele>888.20001220703125</ele>
        <time>2017-08-11T17:51:17.000Z</time>
        <extensions>
          <ns3:TrackPointExtension>
            <ns3:cad>83</ns3:cad>
          </ns3:TrackPointExtension>
        </extensions>
      </trkpt>
      <trkpt lat="42.380796410143375396728515625" lon="13.2904650270938873291015625">
        <ele>889</ele>
        <time>2017-08-11T17:51:28.000Z</time>
        <extensions>
          <ns3:TrackPointExtension>
            <ns3:cad>88</ns3:cad>
          </ns3:TrackPointExtension>
        </extensions>
      </trkpt>
      <trkpt lat="42.3808498866856098175048828125" lon="13.29048472456634044647216796875">
        <ele>888</ele>
        <time>2017-08-11T17:51:31.000Z</time>
        <extensions>
          <ns3:TrackPointExtension>
            <ns3:cad>88</ns3:cad>
          </ns3:TrackPointExtension>
        </extensions>
      </trkpt>
      <trkpt lat="42.38102632574737071990966796875" lon="13.29048371873795986175537109375">
        <ele>885.5999755859375</ele>
        <time>2017-08-11T17:51:41.000Z</time>
        <extensions>
          <ns3:TrackPointExtension>
            <ns3:cad>85</ns3:cad>
          </ns3:TrackPointExtension>
        </extensions>
      </trkpt>
      <trkpt lat="42.3810688219964504241943359375" lon="13.290468044579029083251953125">
        <ele>885.79998779296875</ele>
        <time>2017-08-11T17:51:44.000Z</time>
        <extensions>
          <ns3:TrackPointExtension>
            <ns3:cad>82</ns3:cad>
          </ns3:TrackPointExtension>
        </extensions>
      </trkpt>
      <trkpt lat="42.38121760077774524688720703125" lon="13.29055412672460079193115234375">
        <ele>880.4000244140625</ele>
        <time>2017-08-11T17:51:54.000Z</time>
        <extensions>
          <ns3:TrackPointExtension>
            <ns3:cad>82</ns3:cad>
          </ns3:TrackPointExtension>
        </extensions>
      </trkpt>
      <trkpt lat="42.38128247670829296112060546875" lon="13.29066711477935314178466796875">
        <ele>875.20001220703125</ele>
        <time>2017-08-11T17:51:59.000Z</time>
        <extensions>
          <ns3:TrackPointExtension>
            <ns3:cad>82</ns3:cad>
          </ns3:TrackPointExtension>
        </extensions>
      </trkpt>
      <trkpt lat="42.3812904395163059234619140625" lon="13.29069008119404315948486328125">
        <ele>874.20001220703125</ele>
        <time>2017-08-11T17:52:00.000Z</time>
        <extensions>
          <ns3:TrackPointExtension>
            <ns3:cad>82</ns3:cad>
          </ns3:TrackPointExtension>
        </extensions>
      </trkpt>
      <trkpt lat="42.38133410923182964324951171875" lon="13.2907867245376110076904296875">
        <ele>870</ele>
        <time>2017-08-11T17:52:05.000Z</time>
        <extensions>
          <ns3:TrackPointExtension>
            <ns3:cad>82</ns3:cad>
          </ns3:TrackPointExtension>
        </extensions>
      </trkpt>
      <trkpt lat="42.38137400709092617034912109375" lon="13.29084514640271663665771484375">
        <ele>867.20001220703125</ele>
        <time>2017-08-11T17:52:09.000Z</time>
        <extensions>
          <ns3:TrackPointExtension>
            <ns3:cad>82</ns3:cad>
          </ns3:TrackPointExtension>
        </extensions>
      </trkpt>
      <trkpt lat="42.38154348917305469512939453125" lon="13.29097070731222629547119140625">
        <ele>860.20001220703125</ele>
        <time>2017-08-11T17:52:16.000Z</time>
        <extensions>
          <ns3:TrackPointExtension>
            <ns3:cad>82</ns3:cad>
          </ns3:TrackPointExtension>
        </extensions>
      </trkpt>
      <trkpt lat="42.38158606924116611480712890625" lon="13.2912024669349193572998046875">
        <ele>856.4000244140625</ele>
        <time>2017-08-11T17:52:23.000Z</time>
        <extensions>
          <ns3:TrackPointExtension>
            <ns3:cad>89</ns3:cad>
          </ns3:TrackPointExtension>
        </extensions>
      </trkpt>
      <trkpt lat="42.38156092353165149688720703125" lon="13.29138309694826602935791015625">
        <ele>854.20001220703125</ele>
        <time>2017-08-11T17:52:28.000Z</time>
        <extensions>
          <ns3:TrackPointExtension>
            <ns3:cad>81</ns3:cad>
          </ns3:TrackPointExtension>
        </extensions>
      </trkpt>
      <trkpt lat="42.38154642283916473388671875" lon="13.291640169918537139892578125">
        <ele>850.5999755859375</ele>
        <time>2017-08-11T17:52:36.000Z</time>
        <extensions>
          <ns3:TrackPointExtension>
            <ns3:cad>82</ns3:cad>
          </ns3:TrackPointExtension>
        </extensions>
      </trkpt>
      <trkpt lat="42.3815341852605342864990234375" lon="13.291665650904178619384765625">
        <ele>850.4000244140625</ele>
        <time>2017-08-11T17:52:37.000Z</time>
        <extensions>
          <ns3:TrackPointExtension>
            <ns3:cad>83</ns3:cad>
          </ns3:TrackPointExtension>
        </extensions>
      </trkpt>
      <trkpt lat="42.3814899288117885589599609375" lon="13.29174301587045192718505859375">
        <ele>848</ele>
        <time>2017-08-11T17:52:40.000Z</time>
        <extensions>
          <ns3:TrackPointExtension>
            <ns3:cad>82</ns3:cad>
          </ns3:TrackPointExtension>
        </extensions>
      </trkpt>
      <trkpt lat="42.38136428408324718475341796875" lon="13.2918985001742839813232421875">
        <ele>845</ele>
        <time>2017-08-11T17:52:47.000Z</time>
        <extensions>
          <ns3:TrackPointExtension>
            <ns3:cad>82</ns3:cad>
          </ns3:TrackPointExtension>
        </extensions>
      </trkpt>
      <trkpt lat="42.38124526105821132659912109375" lon="13.29199899919331073760986328125">
        <ele>843.79998779296875</ele>
        <time>2017-08-11T17:52:51.000Z</time>
        <extensions>
          <ns3:TrackPointExtension>
            <ns3:cad>83</ns3:cad>
          </ns3:TrackPointExtension>
        </extensions>
      </trkpt>
      <trkpt lat="42.381056584417819976806640625" lon="13.292072676122188568115234375">
        <ele>842.20001220703125</ele>
        <time>2017-08-11T17:52:57.000Z</time>
        <extensions>
          <ns3:TrackPointExtension>
            <ns3:cad>86</ns3:cad>
          </ns3:TrackPointExtension>
        </extensions>
      </trkpt>
      <trkpt lat="42.380872182548046112060546875" lon="13.292081058025360107421875">
        <ele>839.4000244140625</ele>
        <time>2017-08-11T17:53:03.000Z</time>
        <extensions>
          <ns3:TrackPointExtension>
            <ns3:cad>86</ns3:cad>
          </ns3:TrackPointExtension>
        </extensions>
      </trkpt>
      <trkpt lat="42.38071971572935581207275390625" lon="13.2921955548226833343505859375">
        <ele>836.4000244140625</ele>
        <time>2017-08-11T17:53:10.000Z</time>
        <extensions>
          <ns3:TrackPointExtension>
            <ns3:cad>85</ns3:cad>
          </ns3:TrackPointExtension>
        </extensions>
      </trkpt>
      <trkpt lat="42.3805801570415496826171875" lon="13.2923641987144947052001953125">
        <ele>833</ele>
        <time>2017-08-11T17:53:19.000Z</time>
        <extensions>
          <ns3:TrackPointExtension>
            <ns3:cad>91</ns3:cad>
          </ns3:TrackPointExtension>
        </extensions>
      </trkpt>
      <trkpt lat="42.38040220923721790313720703125" lon="13.2924352772533893585205078125">
        <ele>826.5999755859375</ele>
        <time>2017-08-11T17:53:27.000Z</time>
        <extensions>
          <ns3:TrackPointExtension>
            <ns3:cad>90</ns3:cad>
          </ns3:TrackPointExtension>
        </extensions>
      </trkpt>
      <trkpt lat="42.3802333138883113861083984375" lon="13.29259629361331462860107421875">
        <ele>817</ele>
        <time>2017-08-11T17:53:33.000Z</time>
        <extensions>
          <ns3:TrackPointExtension>
            <ns3:cad>87</ns3:cad>
          </ns3:TrackPointExtension>
        </extensions>
      </trkpt>
      <trkpt lat="42.380102388560771942138671875" lon="13.2928124628961086273193359375">
        <ele>812.4000244140625</ele>
        <time>2017-08-11T17:53:40.000Z</time>
        <extensions>
          <ns3:TrackPointExtension>
            <ns3:cad>86</ns3:cad>
          </ns3:TrackPointExtension>
        </extensions>
      </trkpt>
      <trkpt lat="42.379972301423549652099609375" lon="13.2930104434490203857421875">
        <ele>807.79998779296875</ele>
        <time>2017-08-11T17:53:48.000Z</time>
        <extensions>
          <ns3:TrackPointExtension>
            <ns3:cad>83</ns3:cad>
          </ns3:TrackPointExtension>
        </extensions>
      </trkpt>
      <trkpt lat="42.379932403564453125" lon="13.29304673708975315093994140625">
        <ele>806.5999755859375</ele>
        <time>2017-08-11T17:53:50.000Z</time>
        <extensions>
          <ns3:TrackPointExtension>
            <ns3:cad>84</ns3:cad>
          </ns3:TrackPointExtension>
        </extensions>
      </trkpt>
      <trkpt lat="42.379783876240253448486328125" lon="13.2931420393288135528564453125">
        <ele>801.5999755859375</ele>
        <time>2017-08-11T17:53:56.000Z</time>
        <extensions>
          <ns3:TrackPointExtension>
            <ns3:cad>92</ns3:cad>
          </ns3:TrackPointExtension>
        </extensions>
      </trkpt>
      <trkpt lat="42.3796375282108783721923828125" lon="13.293313197791576385498046875">
        <ele>795.79998779296875</ele>
        <time>2017-08-11T17:54:05.000Z</time>
        <extensions>
          <ns3:TrackPointExtension>
            <ns3:cad>92</ns3:cad>
          </ns3:TrackPointExtension>
        </extensions>
      </trkpt>
      <trkpt lat="42.37961146049201488494873046875" lon="13.29331411980092525482177734375">
        <ele>794.79998779296875</ele>
        <time>2017-08-11T17:54:06.000Z</time>
        <extensions>
          <ns3:TrackPointExtension>
            <ns3:cad>92</ns3:cad>
          </ns3:TrackPointExtension>
        </extensions>
      </trkpt>
      <trkpt lat="42.379421107470989227294921875" lon="13.29325653612613677978515625">
        <ele>788.4000244140625</ele>
        <time>2017-08-11T17:54:14.000Z</time>
        <extensions>
          <ns3:TrackPointExtension>
            <ns3:cad>85</ns3:cad>
          </ns3:TrackPointExtension>
        </extensions>
      </trkpt>
      <trkpt lat="42.37924131564795970916748046875" lon="13.29317715950310230255126953125">
        <ele>782.4000244140625</ele>
        <time>2017-08-11T17:54:22.000Z</time>
        <extensions>
          <ns3:TrackPointExtension>
            <ns3:cad>86</ns3:cad>
          </ns3:TrackPointExtension>
        </extensions>
      </trkpt>
      <trkpt lat="42.37905599176883697509765625" lon="13.29316928051412105560302734375">
        <ele>775.79998779296875</ele>
        <time>2017-08-11T17:54:32.000Z</time>
        <extensions>
          <ns3:TrackPointExtension>
            <ns3:cad>78</ns3:cad>
          </ns3:TrackPointExtension>
        </extensions>
      </trkpt>
      <trkpt lat="42.3790266551077365875244140625" lon="13.29320297576487064361572265625">
        <ele>774.4000244140625</ele>
        <time>2017-08-11T17:54:34.000Z</time>
        <extensions>
          <ns3:TrackPointExtension>
            <ns3:cad>78</ns3:cad>
          </ns3:TrackPointExtension>
        </extensions>
      </trkpt>
      <trkpt lat="42.37897762097418308258056640625" lon="13.293341360986232757568359375">
        <ele>771.79998779296875</ele>
        <time>2017-08-11T17:54:39.000Z</time>
        <extensions>
          <ns3:TrackPointExtension>
            <ns3:cad>78</ns3:cad>
          </ns3:TrackPointExtension>
        </extensions>
      </trkpt>
      <trkpt lat="42.3789539001882076263427734375" lon="13.29337078146636486053466796875">
        <ele>770.79998779296875</ele>
        <time>2017-08-11T17:54:40.000Z</time>
        <extensions>
          <ns3:TrackPointExtension>
            <ns3:cad>78</ns3:cad>
          </ns3:TrackPointExtension>
        </extensions>
      </trkpt>
      <trkpt lat="42.37883077003061771392822265625" lon="13.2932885549962520599365234375">
        <ele>767</ele>
        <time>2017-08-11T17:54:45.000Z</time>
        <extensions>
          <ns3:TrackPointExtension>
            <ns3:cad>87</ns3:cad>
          </ns3:TrackPointExtension>
        </extensions>
      </trkpt>
      <trkpt lat="42.3788134194910526275634765625" lon="13.293263912200927734375">
        <ele>766.5999755859375</ele>
        <time>2017-08-11T17:54:46.000Z</time>
        <extensions>
          <ns3:TrackPointExtension>
            <ns3:cad>87</ns3:cad>
          </ns3:TrackPointExtension>
        </extensions>
      </trkpt>
      <trkpt lat="42.378660030663013458251953125" lon="13.29316140152513980865478515625">
        <ele>761.79998779296875</ele>
        <time>2017-08-11T17:54:54.000Z</time>
        <extensions>
          <ns3:TrackPointExtension>
            <ns3:cad>87</ns3:cad>
          </ns3:TrackPointExtension>
        </extensions>
      </trkpt>
      <trkpt lat="42.37862071953713893890380859375" lon="13.29319526441395282745361328125">
        <ele>760.4000244140625</ele>
        <time>2017-08-11T17:54:56.000Z</time>
        <extensions>
          <ns3:TrackPointExtension>
            <ns3:cad>87</ns3:cad>
          </ns3:TrackPointExtension>
        </extensions>
      </trkpt>
      <trkpt lat="42.37846590578556060791015625" lon="13.2933391816914081573486328125">
        <ele>754.5999755859375</ele>
        <time>2017-08-11T17:55:05.000Z</time>
        <extensions>
          <ns3:TrackPointExtension>
            <ns3:cad>84</ns3:cad>
          </ns3:TrackPointExtension>
        </extensions>
      </trkpt>
      <trkpt lat="42.37842491827905178070068359375" lon="13.293449990451335906982421875">
        <ele>752.79998779296875</ele>
        <time>2017-08-11T17:55:10.000Z</time>
        <extensions>
          <ns3:TrackPointExtension>
            <ns3:cad>84</ns3:cad>
          </ns3:TrackPointExtension>
        </extensions>
      </trkpt>
      <trkpt lat="42.37836373038589954376220703125" lon="13.29337396658957004547119140625">
        <ele>751</ele>
        <time>2017-08-11T17:55:14.000Z</time>
        <extensions>
          <ns3:TrackPointExtension>
            <ns3:cad>85</ns3:cad>
          </ns3:TrackPointExtension>
        </extensions>
      </trkpt>
      <trkpt lat="42.378369681537151336669921875" lon="13.29311513341963291168212890625">
        <ele>752.20001220703125</ele>
        <time>2017-08-11T17:55:20.000Z</time>
        <extensions>
          <ns3:TrackPointExtension>
            <ns3:cad>85</ns3:cad>
          </ns3:TrackPointExtension>
        </extensions>
      </trkpt>
      <trkpt lat="42.378487028181552886962890625" lon="13.292915560305118560791015625">
        <ele>756.79998779296875</ele>
        <time>2017-08-11T17:55:27.000Z</time>
        <extensions>
          <ns3:TrackPointExtension>
            <ns3:cad>85</ns3:cad>
          </ns3:TrackPointExtension>
        </extensions>
      </trkpt>
      <trkpt lat="42.3786072246730327606201171875" lon="13.292735181748867034912109375">
        <ele>762.20001220703125</ele>
        <time>2017-08-11T17:55:34.000Z</time>
        <extensions>
          <ns3:TrackPointExtension>
            <ns3:cad>84</ns3:cad>
          </ns3:TrackPointExtension>
        </extensions>
      </trkpt>
      <trkpt lat="42.37861854024231433868408203125" lon="13.292681537568569183349609375">
        <ele>763</ele>
        <time>2017-08-11T17:55:36.000Z</time>
        <extensions>
          <ns3:TrackPointExtension>
            <ns3:cad>84</ns3:cad>
          </ns3:TrackPointExtension>
        </extensions>
      </trkpt>
      <trkpt lat="42.3785150237381458282470703125" lon="13.2925325073301792144775390625">
        <ele>762.4000244140625</ele>
        <time>2017-08-11T17:55:42.000Z</time>
        <extensions>
          <ns3:TrackPointExtension>
            <ns3:cad>83</ns3:cad>
          </ns3:TrackPointExtension>
        </extensions>
      </trkpt>
      <trkpt lat="42.37832718528807163238525390625" lon="13.2924530468881130218505859375">
        <ele>757.5999755859375</ele>
        <time>2017-08-11T17:55:49.000Z</time>
        <extensions>
          <ns3:TrackPointExtension>
            <ns3:cad>85</ns3:cad>
          </ns3:TrackPointExtension>
        </extensions>
      </trkpt>
      <trkpt lat="42.37817061133682727813720703125" lon="13.292300663888454437255859375">
        <ele>756</ele>
        <time>2017-08-11T17:55:55.000Z</time>
        <extensions>
          <ns3:TrackPointExtension>
            <ns3:cad>84</ns3:cad>
          </ns3:TrackPointExtension>
        </extensions>
      </trkpt>
      <trkpt lat="42.3779983632266521453857421875" lon="13.29215808771550655364990234375">
        <ele>753.5999755859375</ele>
        <time>2017-08-11T17:56:01.000Z</time>
        <extensions>
          <ns3:TrackPointExtension>
            <ns3:cad>84</ns3:cad>
          </ns3:TrackPointExtension>
        </extensions>
      </trkpt>
      <trkpt lat="42.37780817784368991851806640625" lon="13.2920768670737743377685546875">
        <ele>748.5999755859375</ele>
        <time>2017-08-11T17:56:07.000Z</time>
        <extensions>
          <ns3:TrackPointExtension>
            <ns3:cad>85</ns3:cad>
          </ns3:TrackPointExtension>
        </extensions>
      </trkpt>
      <trkpt lat="42.377637438476085662841796875" lon="13.29198927618563175201416015625">
        <ele>744.79998779296875</ele>
        <time>2017-08-11T17:56:13.000Z</time>
        <extensions>
          <ns3:TrackPointExtension>
            <ns3:cad>84</ns3:cad>
          </ns3:TrackPointExtension>
        </extensions>
      </trkpt>
      <trkpt lat="42.3775051720440387725830078125" lon="13.2918183691799640655517578125">
        <ele>744.4000244140625</ele>
        <time>2017-08-11T17:56:18.000Z</time>
        <extensions>
          <ns3:TrackPointExtension>
            <ns3:cad>85</ns3:cad>
          </ns3:TrackPointExtension>
        </extensions>
      </trkpt>
      <trkpt lat="42.37738790921866893768310546875" lon="13.2916859351098537445068359375">
        <ele>742.79998779296875</ele>
        <time>2017-08-11T17:56:22.000Z</time>
        <extensions>
          <ns3:TrackPointExtension>
            <ns3:cad>85</ns3:cad>
          </ns3:TrackPointExtension>
        </extensions>
      </trkpt>
      <trkpt lat="42.37720970995724201202392578125" lon="13.29162566922605037689208984375">
        <ele>737.79998779296875</ele>
        <time>2017-08-11T17:56:27.000Z</time>
        <extensions>
          <ns3:TrackPointExtension>
            <ns3:cad>86</ns3:cad>
          </ns3:TrackPointExtension>
        </extensions>
      </trkpt>
      <trkpt lat="42.37717199139297008514404296875" lon="13.291608653962612152099609375">
        <ele>736.79998779296875</ele>
        <time>2017-08-11T17:56:28.000Z</time>
        <extensions>
          <ns3:TrackPointExtension>
            <ns3:cad>86</ns3:cad>
          </ns3:TrackPointExtension>
        </extensions>
      </trkpt>
      <trkpt lat="42.3769771121442317962646484375" lon="13.2915164530277252197265625">
        <ele>732</ele>
        <time>2017-08-11T17:56:33.000Z</time>
        <extensions>
          <ns3:TrackPointExtension>
            <ns3:cad>86</ns3:cad>
          </ns3:TrackPointExtension>
        </extensions>
      </trkpt>
      <trkpt lat="42.37678608857095241546630859375" lon="13.29135644249618053436279296875">
        <ele>728</ele>
        <time>2017-08-11T17:56:38.000Z</time>
        <extensions>
          <ns3:TrackPointExtension>
            <ns3:cad>88</ns3:cad>
          </ns3:TrackPointExtension>
        </extensions>
      </trkpt>
      <trkpt lat="42.376677207648754119873046875" lon="13.2911380939185619354248046875">
        <ele>727</ele>
        <time>2017-08-11T17:56:42.000Z</time>
        <extensions>
          <ns3:TrackPointExtension>
            <ns3:cad>89</ns3:cad>
          </ns3:TrackPointExtension>
        </extensions>
      </trkpt>
      <trkpt lat="42.37658408470451831817626953125" lon="13.2909013889729976654052734375">
        <ele>727.20001220703125</ele>
        <time>2017-08-11T17:56:47.000Z</time>
        <extensions>
          <ns3:TrackPointExtension>
            <ns3:cad>91</ns3:cad>
          </ns3:TrackPointExtension>
        </extensions>
      </trkpt>
      <trkpt lat="42.37656363286077976226806640625" lon="13.2906140573322772979736328125">
        <ele>731.4000244140625</ele>
        <time>2017-08-11T17:56:53.000Z</time>
        <extensions>
          <ns3:TrackPointExtension>
            <ns3:cad>84</ns3:cad>
          </ns3:TrackPointExtension>
        </extensions>
      </trkpt>
      <trkpt lat="42.3764899559319019317626953125" lon="13.29038850031793117523193359375">
        <ele>732.79998779296875</ele>
        <time>2017-08-11T17:56:59.000Z</time>
        <extensions>
          <ns3:TrackPointExtension>
            <ns3:cad>84</ns3:cad>
          </ns3:TrackPointExtension>
        </extensions>
      </trkpt>
      <trkpt lat="42.376474700868129730224609375" lon="13.29035312868654727935791015625">
        <ele>733</ele>
        <time>2017-08-11T17:57:00.000Z</time>
        <extensions>
          <ns3:TrackPointExtension>
            <ns3:cad>84</ns3:cad>
          </ns3:TrackPointExtension>
        </extensions>
      </trkpt>
      <trkpt lat="42.3763997666537761688232421875" lon="13.29010753892362117767333984375">
        <ele>734.5999755859375</ele>
        <time>2017-08-11T17:57:06.000Z</time>
        <extensions>
          <ns3:TrackPointExtension>
            <ns3:cad>85</ns3:cad>
          </ns3:TrackPointExtension>
        </extensions>
      </trkpt>
      <trkpt lat="42.3763073980808258056640625" lon="13.2898590154945850372314453125">
        <ele>735.4000244140625</ele>
        <time>2017-08-11T17:57:12.000Z</time>
        <extensions>
          <ns3:TrackPointExtension>
            <ns3:cad>86</ns3:cad>
          </ns3:TrackPointExtension>
        </extensions>
      </trkpt>
      <trkpt lat="42.3762274347245693206787109375" lon="13.28960998915135860443115234375">
        <ele>737.20001220703125</ele>
        <time>2017-08-11T17:57:18.000Z</time>
        <extensions>
          <ns3:TrackPointExtension>
            <ns3:cad>85</ns3:cad>
          </ns3:TrackPointExtension>
        </extensions>
      </trkpt>
      <trkpt lat="42.3761996068060398101806640625" lon="13.28932265751063823699951171875">
        <ele>742.4000244140625</ele>
        <time>2017-08-11T17:57:24.000Z</time>
        <extensions>
          <ns3:TrackPointExtension>
            <ns3:cad>86</ns3:cad>
          </ns3:TrackPointExtension>
        </extensions>
      </trkpt>
      <trkpt lat="42.37608904950320720672607421875" lon="13.2891287840902805328369140625">
        <ele>740.5999755859375</ele>
        <time>2017-08-11T17:57:32.000Z</time>
        <extensions>
          <ns3:TrackPointExtension>
            <ns3:cad>81</ns3:cad>
          </ns3:TrackPointExtension>
        </extensions>
      </trkpt>
      <trkpt lat="42.3758965171873569488525390625" lon="13.2889815978705883026123046875">
        <ele>735</ele>
        <time>2017-08-11T17:57:38.000Z</time>
        <extensions>
          <ns3:TrackPointExtension>
            <ns3:cad>86</ns3:cad>
          </ns3:TrackPointExtension>
        </extensions>
      </trkpt>
      <trkpt lat="42.37575008533895015716552734375" lon="13.2888099364936351776123046875">
        <ele>732</ele>
        <time>2017-08-11T17:57:42.000Z</time>
        <extensions>
          <ns3:TrackPointExtension>
            <ns3:cad>89</ns3:cad>
          </ns3:TrackPointExtension>
        </extensions>
      </trkpt>
      <trkpt lat="42.37568235956132411956787109375" lon="13.28870457597076892852783203125">
        <ele>731.20001220703125</ele>
        <time>2017-08-11T17:57:44.000Z</time>
        <extensions>
          <ns3:TrackPointExtension>
            <ns3:cad>92</ns3:cad>
          </ns3:TrackPointExtension>
        </extensions>
      </trkpt>
      <trkpt lat="42.3755796812474727630615234375" lon="13.28847340308129787445068359375">
        <ele>731</ele>
        <time>2017-08-11T17:57:48.000Z</time>
        <extensions>
          <ns3:TrackPointExtension>
            <ns3:cad>95</ns3:cad>
          </ns3:TrackPointExtension>
        </extensions>
      </trkpt>
      <trkpt lat="42.37556098960340023040771484375" lon="13.28841724433004856109619140625">
        <ele>730.79998779296875</ele>
        <time>2017-08-11T17:57:49.000Z</time>
        <extensions>
          <ns3:TrackPointExtension>
            <ns3:cad>95</ns3:cad>
          </ns3:TrackPointExtension>
        </extensions>
      </trkpt>
      <trkpt lat="42.3754998855292797088623046875" lon="13.28817349858582019805908203125">
        <ele>731</ele>
        <time>2017-08-11T17:57:54.000Z</time>
        <extensions>
          <ns3:TrackPointExtension>
            <ns3:cad>95</ns3:cad>
          </ns3:TrackPointExtension>
        </extensions>
      </trkpt>
      <trkpt lat="42.37544230185449123382568359375" lon="13.28798440285027027130126953125">
        <ele>732</ele>
        <time>2017-08-11T17:57:59.000Z</time>
        <extensions>
          <ns3:TrackPointExtension>
            <ns3:cad>84</ns3:cad>
          </ns3:TrackPointExtension>
        </extensions>
      </trkpt>
      <trkpt lat="42.37538849003612995147705078125" lon="13.28792070038616657257080078125">
        <ele>731</ele>
        <time>2017-08-11T17:58:02.000Z</time>
        <extensions>
          <ns3:TrackPointExtension>
            <ns3:cad>83</ns3:cad>
          </ns3:TrackPointExtension>
        </extensions>
      </trkpt>
      <trkpt lat="42.37531472928822040557861328125" lon="13.28774283640086650848388671875">
        <ele>731.20001220703125</ele>
        <time>2017-08-11T17:58:08.000Z</time>
        <extensions>
          <ns3:TrackPointExtension>
            <ns3:cad>83</ns3:cad>
          </ns3:TrackPointExtension>
        </extensions>
      </trkpt>
      <trkpt lat="42.375273406505584716796875" lon="13.287513256072998046875">
        <ele>732.5999755859375</ele>
        <time>2017-08-11T17:58:17.000Z</time>
        <extensions>
          <ns3:TrackPointExtension>
            <ns3:cad>84</ns3:cad>
          </ns3:TrackPointExtension>
        </extensions>
      </trkpt>
      <trkpt lat="42.375200651586055755615234375" lon="13.28727227635681629180908203125">
        <ele>731.79998779296875</ele>
        <time>2017-08-11T17:58:27.000Z</time>
        <extensions>
          <ns3:TrackPointExtension>
            <ns3:cad>83</ns3:cad>
          </ns3:TrackPointExtension>
        </extensions>
      </trkpt>
      <trkpt lat="42.3751538805663585662841796875" lon="13.28703590668737888336181640625">
        <ele>732</ele>
        <time>2017-08-11T17:58:34.000Z</time>
        <extensions>
          <ns3:TrackPointExtension>
            <ns3:cad>83</ns3:cad>
          </ns3:TrackPointExtension>
        </extensions>
      </trkpt>
      <trkpt lat="42.375084646046161651611328125" lon="13.286787383258342742919921875">
        <ele>731.79998779296875</ele>
        <time>2017-08-11T17:58:41.000Z</time>
        <extensions>
          <ns3:TrackPointExtension>
            <ns3:cad>84</ns3:cad>
          </ns3:TrackPointExtension>
        </extensions>
      </trkpt>
      <trkpt lat="42.37503494136035442352294921875" lon="13.28655109740793704986572265625">
        <ele>731</ele>
        <time>2017-08-11T17:58:48.000Z</time>
        <extensions>
          <ns3:TrackPointExtension>
            <ns3:cad>83</ns3:cad>
          </ns3:TrackPointExtension>
        </extensions>
      </trkpt>
      <trkpt lat="42.37499671988189220428466796875" lon="13.28627566806972026824951171875">
        <ele>731</ele>
        <time>2017-08-11T17:58:55.000Z</time>
        <extensions>
          <ns3:TrackPointExtension>
            <ns3:cad>83</ns3:cad>
          </ns3:TrackPointExtension>
        </extensions>
      </trkpt>
      <trkpt lat="42.37498431466519832611083984375" lon="13.28602236695587635040283203125">
        <ele>731.79998779296875</ele>
        <time>2017-08-11T17:59:01.000Z</time>
        <extensions>
          <ns3:TrackPointExtension>
            <ns3:cad>83</ns3:cad>
          </ns3:TrackPointExtension>
        </extensions>
      </trkpt>
      <trkpt lat="42.374980039894580841064453125" lon="13.2857435010373592376708984375">
        <ele>733.4000244140625</ele>
        <time>2017-08-11T17:59:08.000Z</time>
        <extensions>
          <ns3:TrackPointExtension>
            <ns3:cad>84</ns3:cad>
          </ns3:TrackPointExtension>
        </extensions>
      </trkpt>
      <trkpt lat="42.37495933659374713897705078125" lon="13.285496570169925689697265625">
        <ele>734.20001220703125</ele>
        <time>2017-08-11T17:59:14.000Z</time>
        <extensions>
          <ns3:TrackPointExtension>
            <ns3:cad>84</ns3:cad>
          </ns3:TrackPointExtension>
        </extensions>
      </trkpt>
      <trkpt lat="42.374913990497589111328125" lon="13.28523446805775165557861328125">
        <ele>734.4000244140625</ele>
        <time>2017-08-11T17:59:20.000Z</time>
        <extensions>
          <ns3:TrackPointExtension>
            <ns3:cad>85</ns3:cad>
          </ns3:TrackPointExtension>
        </extensions>
      </trkpt>
      <trkpt lat="42.3748782835900783538818359375" lon="13.284991644322872161865234375">
        <ele>733.79998779296875</ele>
        <time>2017-08-11T17:59:26.000Z</time>
        <extensions>
          <ns3:TrackPointExtension>
            <ns3:cad>85</ns3:cad>
          </ns3:TrackPointExtension>
        </extensions>
      </trkpt>
      <trkpt lat="42.37487283535301685333251953125" lon="13.2847175560891628265380859375">
        <ele>733.5999755859375</ele>
        <time>2017-08-11T17:59:32.000Z</time>
        <extensions>
          <ns3:TrackPointExtension>
            <ns3:cad>86</ns3:cad>
          </ns3:TrackPointExtension>
        </extensions>
      </trkpt>
      <trkpt lat="42.37485699355602264404296875" lon="13.284441791474819183349609375">
        <ele>733</ele>
        <time>2017-08-11T17:59:39.000Z</time>
        <extensions>
          <ns3:TrackPointExtension>
            <ns3:cad>85</ns3:cad>
          </ns3:TrackPointExtension>
        </extensions>
      </trkpt>
      <trkpt lat="42.37484651617705821990966796875" lon="13.2841693796217441558837890625">
        <ele>733.4000244140625</ele>
        <time>2017-08-11T17:59:44.000Z</time>
        <extensions>
          <ns3:TrackPointExtension>
            <ns3:cad>85</ns3:cad>
          </ns3:TrackPointExtension>
        </extensions>
      </trkpt>
      <trkpt lat="42.374853976070880889892578125" lon="13.2840570621192455291748046875">
        <ele>733.5999755859375</ele>
        <time>2017-08-11T17:59:46.000Z</time>
        <extensions>
          <ns3:TrackPointExtension>
            <ns3:cad>86</ns3:cad>
          </ns3:TrackPointExtension>
        </extensions>
      </trkpt>
      <trkpt lat="42.3749161697924137115478515625" lon="13.28380116261541843414306640625">
        <ele>735.4000244140625</ele>
        <time>2017-08-11T17:59:52.000Z</time>
        <extensions>
          <ns3:TrackPointExtension>
            <ns3:cad>86</ns3:cad>
          </ns3:TrackPointExtension>
        </extensions>
      </trkpt>
      <trkpt lat="42.37492882646620273590087890625" lon="13.2835494540631771087646484375">
        <ele>735.5999755859375</ele>
        <time>2017-08-11T17:59:58.000Z</time>
        <extensions>
          <ns3:TrackPointExtension>
            <ns3:cad>82</ns3:cad>
          </ns3:TrackPointExtension>
        </extensions>
      </trkpt>
      <trkpt lat="42.374923713505268096923828125" lon="13.28327025286853313446044921875">
        <ele>736.4000244140625</ele>
        <time>2017-08-11T18:00:05.000Z</time>
        <extensions>
          <ns3:TrackPointExtension>
            <ns3:cad>83</ns3:cad>
          </ns3:TrackPointExtension>
        </extensions>
      </trkpt>
      <trkpt lat="42.37493804655969142913818359375" lon="13.28311518765985965728759765625">
        <ele>737.4000244140625</ele>
        <time>2017-08-11T18:00:10.000Z</time>
        <extensions>
          <ns3:TrackPointExtension>
            <ns3:cad>83</ns3:cad>
          </ns3:TrackPointExtension>
        </extensions>
      </trkpt>
      <trkpt lat="42.37495866604149341583251953125" lon="13.28300513327121734619140625">
        <ele>738.20001220703125</ele>
        <time>2017-08-11T18:00:15.000Z</time>
        <extensions>
          <ns3:TrackPointExtension>
            <ns3:cad>82</ns3:cad>
          </ns3:TrackPointExtension>
        </extensions>
      </trkpt>
      <trkpt lat="42.37495313398540019989013671875" lon="13.28294386155903339385986328125">
        <ele>738.4000244140625</ele>
        <time>2017-08-11T18:00:19.000Z</time>
        <extensions>
          <ns3:TrackPointExtension>
            <ns3:cad>0</ns3:cad>
          </ns3:TrackPointExtension>
        </extensions>
      </trkpt>
      <trkpt lat="42.37494441680610179901123046875" lon="13.282843194901943206787109375">
        <ele>738.4000244140625</ele>
        <time>2017-08-11T18:00:23.000Z</time>
        <extensions>
          <ns3:TrackPointExtension>
            <ns3:cad>85</ns3:cad>
          </ns3:TrackPointExtension>
        </extensions>
      </trkpt>
      <trkpt lat="42.374942488968372344970703125" lon="13.282570950686931610107421875">
        <ele>739.4000244140625</ele>
        <time>2017-08-11T18:00:31.000Z</time>
        <extensions>
          <ns3:TrackPointExtension>
            <ns3:cad>83</ns3:cad>
          </ns3:TrackPointExtension>
        </extensions>
      </trkpt>
      <trkpt lat="42.374930083751678466796875" lon="13.2822982035577297210693359375">
        <ele>739.5999755859375</ele>
        <time>2017-08-11T18:00:39.000Z</time>
        <extensions>
          <ns3:TrackPointExtension>
            <ns3:cad>83</ns3:cad>
          </ns3:TrackPointExtension>
        </extensions>
      </trkpt>
      <trkpt lat="42.37488892860710620880126953125" lon="13.28206233680248260498046875">
        <ele>739.4000244140625</ele>
        <time>2017-08-11T18:00:45.000Z</time>
        <extensions>
          <ns3:TrackPointExtension>
            <ns3:cad>84</ns3:cad>
          </ns3:TrackPointExtension>
        </extensions>
      </trkpt>
      <trkpt lat="42.37489186227321624755859375" lon="13.281946666538715362548828125">
        <ele>739.5999755859375</ele>
        <time>2017-08-11T18:00:50.000Z</time>
        <extensions>
          <ns3:TrackPointExtension>
            <ns3:cad>83</ns3:cad>
          </ns3:TrackPointExtension>
        </extensions>
      </trkpt>
      <trkpt lat="42.37491709180176258087158203125" lon="13.28167878091335296630859375">
        <ele>740.4000244140625</ele>
        <time>2017-08-11T18:00:59.000Z</time>
        <extensions>
          <ns3:TrackPointExtension>
            <ns3:cad>82</ns3:cad>
          </ns3:TrackPointExtension>
        </extensions>
      </trkpt>
      <trkpt lat="42.3749094642698764801025390625" lon="13.2814234681427478790283203125">
        <ele>740.20001220703125</ele>
        <time>2017-08-11T18:01:05.000Z</time>
        <extensions>
          <ns3:TrackPointExtension>
            <ns3:cad>83</ns3:cad>
          </ns3:TrackPointExtension>
        </extensions>
      </trkpt>
      <trkpt lat="42.37491508014500141143798828125" lon="13.2811572588980197906494140625">
        <ele>740.4000244140625</ele>
        <time>2017-08-11T18:01:11.000Z</time>
        <extensions>
          <ns3:TrackPointExtension>
            <ns3:cad>84</ns3:cad>
          </ns3:TrackPointExtension>
        </extensions>
      </trkpt>
      <trkpt lat="42.37491306848824024200439453125" lon="13.28091896139085292816162109375">
        <ele>740.4000244140625</ele>
        <time>2017-08-11T18:01:18.000Z</time>
        <extensions>
          <ns3:TrackPointExtension>
            <ns3:cad>83</ns3:cad>
          </ns3:TrackPointExtension>
        </extensions>
      </trkpt>
    </trkseg>
  </trk>
</gpx>
